VEHICLE_NO,OMR,CMR,TOTAL HOURS,PLAN HRS,T.RHS,MINES RHS,REHANDLING  HRS,SHIFTING HRS,CRUSHER HRS,SCREEN PLANT,LOKO TRACK,BREAKING HRS,BREAKDOWN HRS,Marching HRS,Mining Development hrs,TOTAL HRS,OMR_1,CMR_1,TOTAL KM,ROM TRIPS,OB TRIPS,S.ORE,BD,TOTAL TRIPS,ROM TRIP,10\40  TRIP,FINES TRIP,LR TRIP,SUBGRADE TO CRUSHER,SCREEN TO CRUSHER,OB TRIPS_1,REHANDLING TRIP,10\40   TRIP,FINES    TRIP,10\40   MT,FINES   MT,TOTAL SIFTING TRIP,TOTAL SIFTING  TONES,OPENING BALANCE,ISSUE H.S.D,TOTAL H.S.D,Diesel Consumption,CLOSING BALANCE,PER HRS CONS.,Tank capacity,Tanking Full Required,COL_47,SHIFTING,Rehandling,NW,LOKA,POWER,MINES,POWER_1,MONTH,TR,IDEL HRS,ROM,OB,10\40 TRIP,FINES  TRIP,TOTAL SHIFTING TRIPS,FINES  MT,TOTAL HSD ISSUE,TOTAL HSD  Consumption,PER HRS Consumption,COL_40
BD 85 DOZER,221.7,357.5,135.8,360.0,135.8,83.69999999999999,0.0,0.0,47.6,0.0,0.0,0.0,4.5,0.0,0.0,127.8,0.0,0.0,0.0,0.0,0,0.0,0,0.0,0.0,0.0,0,0,0,0,0.0,0.0,0.0,0.0,0.0,0.0,0.0,0.0,85.0,1950.0,2035.0,1900.0,135.0,13.991163475699556,,,,,,,,,,,April-2026,,,,,,,,,,,,
CRUSHER ( CONE ),13490.0,13731.0,241.0,480.0,241.0,0.0,0.0,0.0,241.0,0.0,0.0,0.0,0.0,0.0,0.0,232.0,0.0,0.0,0.0,0.0,0,0.0,0,0.0,0.0,0.0,0,0,0,0,0.0,0.0,0.0,0.0,0.0,0.0,0.0,0.0,0.0,0.0,0.0,0.0,0.0,0.0,,,,,,,,,,,April-2026,,,,,,,,,,,,
CRUSHER ( JAW ),13419.0,13656.0,237.0,480.0,237.0,0.0,0.0,0.0,237.0,0.0,0.0,0.0,0.0,0.0,0.0,228.0,0.0,0.0,0.0,0.0,0,0.0,0,0.0,0.0,0.0,0,0,0,0,0.0,0.0,0.0,0.0,0.0,0.0,0.0,0.0,0.0,0.0,0.0,0.0,0.0,0.0,,,,,,,,,,,April-2026,,,,,,,,,,,,
CRUSHER DG,17178.41,17218.26,39.849999999998545,480.0,39.849999999998545,0.0,0.0,0.0,39.849999999998545,0.0,0.0,0.0,0.0,0.0,0.0,37.54999999999927,0.0,0.0,0.0,0.0,0,0.0,0,0.0,0.0,0.0,0,7,0,0,0.0,7.0,0.0,0.0,0.0,0.0,0.0,0.0,585.0,1200.0,1785.0,1422.0,363.0,35.68381430363995,,,,,,,,,,,April-2026,,,,,,,,,,,,
CRUSHER(FEEDER),1648.76,1870.47,221.71000000000004,480.0,221.71000000000004,0.0,0.0,0.0,221.71000000000004,0.0,0.0,0.0,0.0,0.0,0.0,213.48000000000002,1200.0,700.0,-500.0,0.0,0,0.0,0,0.0,0.0,0.0,0,0,0,0,0.0,0.0,0.0,0.0,0.0,0.0,0.0,0.0,0.0,0.0,0.0,0.0,0.0,0.0,,,,,,,,,,,April-2026,,,,,,,,,,,,
DOZZER D65E,2213.8,2355.8,142.0,360.0,142.0,131.9000000000001,0.0,0.0,5.4,0.0,0.0,0.0,0.0,0.0,4.7,135.4000000000002,0.0,0.0,0.0,0.0,0,0.0,0,0.0,0.0,0.0,0,0,0,0,0.0,0.0,0.0,0.0,0.0,0.0,0.0,0.0,325.0,1821.0,2146.0,1966.0,180.0,13.845070422535212,,,,,,,,,,,April-2026,,,,,,,,,,,,
DRILL-ELGI-650,764.9,794.8,29.899999999999977,360.0,29.899999999999977,0.0,0.0,0.0,0.0,0.0,0.0,0.0,0.0,0.0,0.0,0.0,41.8,0.0,-41.8,422.6,0,422.6,0,845.2,0.0,0.0,0,0,0,0,0.0,0.0,0.0,0.0,0.0,0.0,0.0,0.0,0.0,2435.0,2435.0,2435.0,0.0,81.43812709030107,,,,,,,,,,,April-2026,,,,,,,,,,,,
GRADER OD09P-1732,4551.5,4615.8,64.30000000000018,360.0,64.30000000000018,64.30000000000018,0.0,0.0,0.0,0.0,0.0,0.0,0.0,0.0,0.0,59.600000000000364,0.0,0.0,0.0,0.0,0,0.0,0,0.0,0.0,0.0,0,0,0,0,0.0,0.0,0.0,0.0,0.0,0.0,0.0,0.0,70.0,450.0,520.0,436.0,84.0,6.780715396578519,,,,,,,,,,,April-2026,,,,,,,,,,,,
HITACHI-120,13058.2,13196.4,138.1999999999989,360.0,138.1999999999989,37.1,8.799999999999999,4.8,0.0,51.599999999998545,35.9,0.0,0.0,0.0,0.0,138.1999999999985,0.0,0.0,0.0,0.0,0,0.0,0,0.0,8.0,0.0,0,8,0,22,0.0,38.0,18.0,0.0,506.08000000000004,0.0,18.0,506.08000000000004,215.0,1382.0,1597.0,1437.0,160.0,10.39797395079603,,,,,,,,,,,April-2026,,,,,,,,,,,,
HITACHI-350,15783.5,15887.5,104.0,360.0,104.0,20.300000000000388,25.899999999999977,29.700000000000003,8.2,0.0,19.9,0.0,0.0,0.0,0.0,104.00000000000036,0.0,0.0,0.0,0.0,66,0.0,18,84.0,18.0,0.0,0,0,118,56,0.0,192.0,39.0,196.0,1258.23,6378.25,235.0,7636.48,329.0,2823.0,3152.0,2802.0,350.0,26.942307692307693,,,,,,,,,,,April-2026,,,,,,,,,,,,
HYDRA CRANE-1686,0.0,0.0,0.0,0.0,0.0,0.0,0.0,0.0,0.0,0.0,0.0,0.0,0.0,0.0,0.0,0.0,0.0,0.0,0.0,0.0,0,0.0,0,0.0,0.0,0.0,0,0,0,0,0.0,0.0,0.0,0.0,0.0,0.0,0.0,0.0,0.0,20.0,20.0,20.0,0.0,,,,,,,,,,,,April-2026,,,,,,,,,,,,
JCB-8262 LOADER,15977.3,16231.5,254.20000000000073,480.0,254.20000000000073,0.0,22.5,105.30000000000001,83.59999999999962,9.8,13.0,0.0,0.0,0.0,20.0,254.19999999999965,0.0,0.0,0.0,0.0,0,0.0,0,0.0,0.0,8.0,26,64,0,43,0.0,141.0,354.0,394.0,10977.2,11807.269999999999,748.0,22784.47,110.0,3842.0,3952.0,3832.0,120.0,15.074744295830012,,,,,,,,,,,April-2026,,,,,,,,,,,,
JH06G-4703,8147.0,8307.0,160.0,360.0,160.0,116.0,44.0,0.0,0.0,0.0,0.0,0.0,0.0,0.0,0.0,153.0,95362.0,96613.0,1251.0,9.0,143,0.0,53,205.0,0.0,0.0,0,0,157,0,0.0,157.0,0.0,0.0,0.0,0.0,0.0,0.0,160.0,1250.0,1410.0,1300.0,110.0,8.125,,,,,,,,,,,April-2026,,,,,,,,,,,,
JH06G-5437,12084.0,12197.0,113.0,360.0,113.0,97.0,16.0,0.0,0.0,0.0,0.0,0.0,0.0,0.0,0.0,113.0,82274.0,82955.0,681.0,9.0,111,0.0,32,152.0,0.0,0.0,0,0,37,0,0.0,37.0,0.0,0.0,0.0,0.0,0.0,0.0,20.0,958.0,978.0,883.0,95.0,7.814159292035399,,,,,,,,,,,April-2026,,,,,,,,,,,,
JH06H-3742,18386.0,0.0,-18386.0,360.0,60.0,24.0,10.2,37.8,0.0,0.0,0.0,0.0,0.0,0.0,0.0,72.0,0.0,0.0,0.0,0.0,4,0.0,11,15.0,0.0,0.0,0,3,20,6,0.0,29.0,33.0,58.0,1049.4199999999998,1937.17,91.0,2986.59,65.0,470.0,535.0,445.0,90.0,-0.02420319808549984,,,,,,,,,,,April-2026,,,,,,,,,,,,
JH06H-5348,394.5,537.0,142.5,360.0,142.5,50.20000000000002,13.8,78.5,0.0,0.0,0.0,0.0,0.0,0.0,0.0,142.5,122018.0,122693.0,675.0,3.0,46,0.0,8,57.0,0.0,0.0,0,18,7,19,0.0,44.0,86.0,96.0,2625.64,3203.7,182.0,5829.34,130.0,840.0,970.0,870.0,100.0,6.105263157894737,,,,,,,,,,,April-2026,,,,,,,,,,,,
JH06H-6198 D.TANKER,15468.0,0.0,-15468.0,0.0,135.0,0.0,0.0,0.0,0.0,0.0,0.0,0.0,0.0,0.0,0.0,0.0,0.0,0.0,0.0,0.0,0,0.0,0,0.0,0.0,0.0,0,0,0,0,0.0,0.0,0.0,0.0,0.0,0.0,0.0,0.0,60.0,702.0,762.0,732.0,30.0,-0.047323506594259115,,,,,,,,,,,April-2026,,,,,,,,,,,,
JH06H-7764,17888.4,18024.1,135.6999999999971,360.0,135.6999999999971,105.89999999999782,29.799999999999997,0.0,0.0,0.0,0.0,0.0,0.0,0.0,0.0,135.69999999999783,87346.0,88158.0,812.0,23.0,109,0.0,32,164.0,7.0,0.0,0,0,87,0,0.0,94.0,0.0,0.0,0.0,0.0,0.0,0.0,145.0,1025.0,1170.0,930.0,240.0,6.853352984524834,,,,,,,,,,,April-2026,,,,,,,,,,,,
JH06H-9654,0.0,0.0,0.0,360.0,161.0,134.5,26.5,0.0,0.0,0.0,0.0,0.0,0.0,0.0,0.0,152.5,100651.0,101662.0,1011.0,1.0,201,0.0,23,225.0,0.0,0.0,0,0,63,0,0.0,63.0,0.0,0.0,0.0,0.0,0.0,0.0,220.0,1170.0,1390.0,1290.0,100.0,,,,,,,,,,,,April-2026,,,,,,,,,,,,
JH06P-6214 SCORPIO,0.0,186178.0,186178.0,0.0,2878.0,0.0,0.0,0.0,0.0,0.0,0.0,0.0,0.0,0.0,0.0,0.0,0.0,0.0,0.0,0.0,0,0.0,0,0.0,0.0,0.0,0,0,0,0,0.0,0.0,0.0,0.0,0.0,0.0,0.0,0.0,0.0,333.0,333.0,283.0,50.0,0.0015200507041648315,,,,,,,,,,,April-2026,,,,,,,,,,,,
JH06T-7706,16031.4,16193.4,162.0,360.0,162.0,136.5,25.5,0.0,0.0,0.0,0.0,0.0,0.0,0.0,0.0,162.0,105116.0,106226.0,1110.0,58.0,145,0.0,38,241.0,0.0,0.0,0,0,79,0,0.0,79.0,0.0,0.0,0.0,0.0,0.0,0.0,130.0,1372.0,1502.0,1422.0,80.0,8.777777777777779,,,,,,,,,,,April-2026,,,,,,,,,,,,
JRD-450+650-1,8177.9,8278.5,100.60000000000036,348.0,100.60000000000036,0.0,0.0,0.0,0.0,0.0,0.0,0.0,0.0,0.0,0.0,0.0,39.6,24.0,-15.600000000000001,1551.5999999999997,0,1551.5999999999997,0,3103.1999999999994,0.0,0.0,0,0,0,0,0.0,0.0,0.0,0.0,0.0,0.0,0.0,0.0,0.0,2920.0,2920.0,2920.0,0.0,29.02584493041739,,,,,,,,,,,April-2026,,,,,,,,,,,,
JRD-600+CD-360,321.2,0.0,-321.2,360.0,130.6,0.0,0.0,0.0,0.0,0.0,0.0,0.0,0.0,0.0,0.0,0.0,131.1,29.0,-102.1,1872.1,0,1939.8999999999999,0,3812.0,0.0,0.0,0,0,0,0,0.0,0.0,0.0,0.0,0.0,0.0,0.0,0.0,0.0,4682.0,4682.0,4682.0,0.0,-14.576587795765878,,,,,,,,,,,April-2026,,,,,,,,,,,,
KAMASTU-210,25775.6,26071.7,296.1000000000022,480.0,296.1000000000022,0.0,15.0,0.0,279.1000000000022,0.0,0.0,0.0,0.0,0.0,0.0,283.6000000000022,0.0,0.0,0.0,0.0,0,0.0,0,0.0,0.0,0.0,8,68,0,16,0.0,92.0,34.0,0.0,1037.0,0.0,34.0,1037.0,380.0,4325.0,4705.0,4450.0,255.0,15.028706518068109,,,,,,,,,,,April-2026,,,,,,,,,,,,
KOBELCO-380 DMCS,0.0,5764.2,5764.2,360.0,82.89999999999964,82.89999999999964,0.0,0.0,0.0,0.0,0.0,0.0,0.0,0.0,0.0,82.89999999999964,0.0,0.0,0.0,32.0,519,0.0,0,551.0,0.0,0.0,0,0,0,0,0.0,0.0,0.0,0.0,0.0,0.0,0.0,0.0,0.0,2388.0,2388.0,2388.0,0.0,0.4142812532528365,,,,,,,,,,,April-2026,,,,,,,,,,,,
KOMASTU-200,3346.1,3527.1,181.0,-43945.5,181.0,0.0,4.5,4.3,12.299999999999999,97.89999999999999,61.99999999999963,0.0,0.0,0.0,0.0,180.99999999999963,0.0,0.0,0.0,0.0,0,0.0,0,0.0,0.0,0.0,0,9,8,10,0.0,27.0,26.0,0.0,780.58,0.0,26.0,780.58,300.0,1777.0,2077.0,1947.0,130.0,10.756906077348066,,,,,,,,,,,April-2026,,,,,,,,,,,,
KOMASTU-350 DMC,12573.9,12718.1,144.20000000000073,360.0,144.20000000000073,104.6,33.6,0.0,0.0,0.0,0.0,0.0,6.0,0.0,0.0,135.00000000000108,0.0,0.0,0.0,150.0,563,0.0,10,723.0,0.0,0.0,0,0,320,0,0.0,320.0,0.0,0.0,0.0,0.0,0.0,0.0,0.0,3859.0,3859.0,3859.0,0.0,26.761442441053955,,,,,,,,,,,April-2026,,,,,,,,,,,,
L-6268 SDLG,0.0,7349.2,7349.2,348.0,112.0,0.0,2.6,43.1,35.099999999999994,30.099999999998907,6.300000000000001,0.0,0.0,0.0,0.0,117.19999999999892,0.0,0.0,0.0,0.0,0,0.0,0,0.0,0.0,0.0,0,10,0,0,0.0,10.0,133.0,197.0,4115.74,6556.920000000001,330.0,10672.66,0.0,2120.0,2120.0,1970.0,150.0,0.26805638708975127,,,,,,,,,,,April-2026,,,,,,,,,,,,
LOKO CONE,16722.0,16833.5,111.5,-217772.5,111.5,0.0,0.0,0.0,0.0,0.0,111.5,0.0,0.0,0.0,0.0,111.5,150.0,0.0,-150.0,60.0,0,0.0,0,60.0,0.0,0.0,0,0,0,0,0.0,0.0,0.0,0.0,0.0,0.0,0.0,0.0,770.0,2218.0,2988.0,2578.0,410.0,23.121076233183857,,,,,,,,,,,April-2026,,,,,,,,,,,,
LOKO TRACK JAW,16144.0,16275.0,131.0,-210313.0,131.0,0.0,0.0,0.0,0.0,0.0,125.0,6.0,0.0,0.0,0.0,131.0,0.0,0.0,0.0,0.0,0,0.0,0,0.0,0.0,0.0,0,0,0,0,0.0,0.0,0.0,0.0,0.0,0.0,0.0,0.0,470.0,1200.0,1670.0,1370.0,300.0,10.458015267175572,,,,,,,,,,,April-2026,,,,,,,,,,,,
OD07AR-4113 DMC,8739.0,8794.0,55.0,360.0,86.0,75.0,11.0,0.0,0.0,0.0,0.0,0.0,0.0,0.0,0.0,86.0,48266.6,48924.0,657.4000000000015,25.0,146,0.0,1,172.0,0.0,0.0,0,0,57,0,0.0,57.0,0.0,0.0,0.0,0.0,0.0,0.0,0.0,933.0,933.0,933.0,0.0,16.963636363636365,,,,,,,,,,,April-2026,,,,,,,,,,,,
OD09A-5105,12596.0,12776.0,180.0,360.0,180.0,138.0,42.0,0.0,0.0,0.0,0.0,0.0,0.0,0.0,0.0,172.0,91212.0,92331.0,1119.0,9.0,184,0.0,36,229.0,0.0,0.0,0,0,117,0,0.0,117.0,0.0,0.0,0.0,0.0,0.0,0.0,140.0,1383.0,1523.0,1423.0,100.0,7.905555555555556,,,,,,,,,,,April-2026,,,,,,,,,,,,
OD09A-5106,15049.0,15115.0,66.0,360.0,66.0,43.5,9.5,13.0,0.0,0.0,0.0,0.0,0.0,0.0,0.0,66.0,123070.0,123339.0,269.0,5.0,23,0.0,14,42.0,14.0,4.0,0,0,2,9,0.0,29.0,15.0,23.0,456.1,738.4100000000001,38.0,1194.5100000000002,150.0,420.0,570.0,507.0,63.0,7.681818181818182,,,,,,,,,,,April-2026,,,,,,,,,,,,
OD09A-5666,21853.0,21992.0,139.0,360.0,139.0,72.0,12.0,55.0,0.0,0.0,0.0,0.0,0.0,0.0,0.0,139.0,102060.0,102812.0,752.0,4.0,95,0.0,6,105.0,0.0,0.0,4,4,9,11,0.0,28.0,63.0,91.0,1929.82,3015.8299999999995,154.0,4945.65,140.0,893.0,1033.0,963.0,70.0,6.928057553956834,,,,,,,,,,,April-2026,,,,,,,,,,,,
OD09A-6059,14031.0,14203.0,172.0,360.0,172.0,59.5,30.5,82.0,0.0,0.0,0.0,0.0,0.0,0.0,0.0,169.0,91579.0,92538.0,959.0,1.0,43,0.0,32,76.0,6.0,0.0,0,15,32,38,0.0,91.0,96.0,90.0,2847.3399999999997,2968.5899999999997,186.0,5815.929999999999,120.0,1120.0,1240.0,1120.0,120.0,6.511627906976744,,,,,,,,,,,April-2026,,,,,,,,,,,,
OD09AE-5513 DMC,3946.1,4078.9,132.80000000000018,360.0,132.80000000000018,116.5,16.299999999999997,0.0,0.0,0.0,0.0,0.0,0.0,0.0,0.0,132.8,22694.2,23516.7,822.5,38.0,194,0.0,2,234.0,0.0,0.0,0,0,60,0,0.0,60.0,0.0,0.0,0.0,0.0,0.0,0.0,0.0,1176.0,1176.0,1176.0,0.0,8.855421686746975,,,,,,,,,,,April-2026,,,,,,,,,,,,
OD09C-1371,11492.0,11568.0,76.0,360.0,76.0,36.0,5.1,34.9,0.0,0.0,0.0,0.0,0.0,0.0,0.0,76.0,137542.0,137968.0,426.0,4.0,22,0.0,10,36.0,0.0,0.0,0,5,0,13,0.0,18.0,46.0,61.0,1390.35,2022.5700000000002,107.0,3412.92,70.0,600.0,670.0,545.0,125.0,7.171052631578948,,,,,,,,,,,April-2026,,,,,,,,,,,,
OD09C-1373,0.0,0.0,0.0,360.0,0.0,0.0,0.0,0.0,0.0,0.0,0.0,0.0,0.0,0.0,0.0,0.0,0.0,0.0,0.0,0.0,0,0.0,0,0.0,0.0,0.0,0,0,0,0,0.0,0.0,0.0,0.0,0.0,0.0,0.0,0.0,0.0,0.0,0.0,0.0,0.0,,,,,,,,,,,,April-2026,,,,,,,,,,,,
OD09C-1962,20692.6,20731.6,39.0,360.0,39.0,21.950000000000728,0.0,17.05,0.0,0.0,0.0,0.0,0.0,0.0,0.0,39.000000000000725,156139.3,156355.0,215.70000000001164,7.0,7,0.0,7,21.0,0.0,0.0,0,0,0,0,0.0,0.0,8.0,42.0,286.12,1460.3300000000002,50.0,1746.4500000000003,115.0,280.0,395.0,315.0,80.0,8.076923076923077,,,,,,,,,,,April-2026,,,,,,,,,,,,
OD09C-1964,14385.27,14499.25,113.97999999999956,360.0,113.97999999999956,59.70999999999922,15.749999999999979,38.52,0.0,0.0,0.0,0.0,0.0,0.0,0.0,113.9799999999992,152450.2,152990.4,540.1999999999825,12.0,56,0.0,9,77.0,11.0,0.0,0,4,28,0,0.0,43.0,58.0,37.0,1930.9299999999998,1325.9,95.0,3256.83,90.0,780.0,870.0,740.0,130.0,6.492367081944225,,,,,,,,,,,April-2026,,,,,,,,,,,,
OD09C-4824,17192.05,17255.25,63.20000000000073,360.0,63.20000000000073,14.000000000000728,6.0,43.2,0.0,0.0,0.0,0.0,0.0,0.0,0.0,63.20000000000073,110056.6,110316.8,260.1999999999971,0.0,2,0.0,9,11.0,0.0,0.0,0,6,0,4,0.0,10.0,42.0,76.0,1308.4499999999998,2519.1,118.0,3827.5499999999997,175.0,300.0,475.0,375.0,100.0,5.9335443037974,,,,,,,,,,,April-2026,,,,,,,,,,,,
OD09C-4878,0.0,0.0,0.0,360.0,0.0,0.0,0.0,0.0,0.0,0.0,0.0,0.0,0.0,0.0,0.0,0.0,0.0,0.0,0.0,0.0,0,0.0,0,0.0,0.0,0.0,0,0,0,0,0.0,0.0,0.0,0.0,0.0,0.0,0.0,0.0,0.0,0.0,0.0,0.0,0.0,,,,,,,,,,,,April-2026,,,,,,,,,,,,
OD09C-4879,12980.0,13093.0,113.0,360.0,113.0,67.0,21.0,25.0,0.0,0.0,0.0,0.0,0.0,0.0,0.0,113.0,0.0,0.0,0.0,3.0,49,0.0,27,79.0,0.0,0.0,0,0,59,0,0.0,59.0,5.0,50.0,166.2,1656.4899999999998,55.0,1822.6899999999998,85.0,850.0,935.0,845.0,90.0,7.477876106194691,,,,,,,,,,,April-2026,,,,,,,,,,,,
OD09C-5609 JCB,16595.5,0.0,-16595.5,480.0,47.5,0.0,7.2,11.8,24.0,4.5,0.0,0.0,0.0,0.0,0.0,37.29999999999927,0.0,0.0,0.0,0.0,0,0.0,0,0.0,0.0,4.0,6,15,0,0,0.0,25.0,60.0,0.0,1749.55,0.0,60.0,1749.55,165.0,753.0,918.0,828.0,90.0,-0.04989304329486909,,,,,,,,,,,April-2026,,,,,,,,,,,,
OD09C-8163,13372.7,13507.8,135.09999999999854,360.0,135.09999999999854,106.19999999999818,1.0000000000000009,27.9,0.0,0.0,0.0,0.0,0.0,0.0,0.0,135.09999999999818,61488.0,62413.0,925.0,21.0,104,0.0,31,156.0,0.0,0.0,0,0,2,0,0.0,2.0,18.0,37.0,519.7199999999999,1139.29,55.0,1659.0099999999998,140.0,1211.0,1351.0,1251.0,100.0,9.25980754996309,,,,,,,,,,,April-2026,,,,,,,,,,,,
OD09C-8164,10402.2,10516.8,114.59999999999854,360.0,114.59999999999854,81.29999999999855,12.6,20.7,0.0,0.0,0.0,0.0,0.0,0.0,0.0,114.59999999999854,69740.0,70496.0,756.0,45.0,44,0.0,13,102.0,10.0,0.0,0,5,34,11,0.0,60.0,19.0,31.0,549.01,967.8399999999999,50.0,1516.85,100.0,970.0,1070.0,970.0,100.0,8.464223385689461,,,,,,,,,,,April-2026,,,,,,,,,,,,
OD09C1965,16565.8,16565.8,0.0,360.0,0.0,0.0,0.0,0.0,0.0,0.0,0.0,0.0,0.0,0.0,0.0,0.0,166053.3,166053.3,0.0,0.0,0,0.0,0,0.0,0.0,0.0,0,0,0,0,0.0,0.0,0.0,0.0,0.0,0.0,0.0,0.0,0.0,0.0,0.0,0.0,0.0,,,,,,,,,,,,April-2026,,,,,,,,,,,,
OD09C4623,1457.5,1457.5,0.0,360.0,0.0,0.0,0.0,0.0,0.0,0.0,0.0,0.0,0.0,0.0,0.0,0.0,65563.0,65563.0,0.0,0.0,0,0.0,0,0.0,0.0,0.0,0,0,0,0,0.0,0.0,0.0,0.0,0.0,0.0,0.0,0.0,0.0,0.0,0.0,0.0,0.0,,,,,,,,,,,,April-2026,,,,,,,,,,,,
OD09C4625,24061.9,24177.1,115.19999999999709,360.0,115.19999999999709,7.800000000000001,29.699999999999996,77.7,0.0,0.0,0.0,0.0,0.0,0.0,0.0,111.29999999999998,88502.6,88977.3,474.6999999999971,1.0,1,0.0,0,2.0,19.0,4.0,9,46,4,21,0.0,103.0,93.0,77.0,2796.24,2542.14,170.0,5338.379999999999,130.0,605.0,735.0,685.0,50.0,5.9461805555557055,,,,,,,,,,,April-2026,,,,,,,,,,,,
OD09C4823,23965.45,24130.25,164.79999999999927,360.0,164.79999999999927,25.45000000000291,35.449999999999996,103.89999999999999,0.0,0.0,0.0,0.0,0.0,0.0,0.0,162.3500000000029,146308.0,146988.5,680.5,0.0,35,0.0,0,35.0,19.0,4.0,33,51,0,15,0.0,122.0,100.0,110.0,3079.4500000000003,3588.4900000000002,210.0,6667.9400000000005,90.0,870.0,960.0,880.0,80.0,5.339805825242742,,,,,,,,,,,April-2026,,,,,,,,,,,,
OD09C5137,17100.35,17100.35,0.0,360.0,0.0,4.0,1.45,0.0,0.0,0.0,0.0,0.0,0.0,0.0,0.0,5.45,131760.8,131760.8,0.0,0.0,0,0.0,0,0.0,0.0,0.0,0,0,0,4,0.0,4.0,0.0,0.0,0.0,0.0,0.0,0.0,70.0,0.0,70.0,0.0,70.0,,,,,,,,,,,,April-2026,,,,,,,,,,,,
OD09G-6065 CAMPER,165990.0,0.0,-165990.0,0.0,125.0,0.0,0.0,0.0,0.0,0.0,0.0,0.0,0.0,0.0,0.0,0.0,0.0,0.0,0.0,0.0,0,0.0,0,0.0,0.0,0.0,0,0,0,0,0.0,0.0,0.0,0.0,0.0,0.0,0.0,0.0,0.0,264.0,264.0,239.0,25.0,-0.0014398457738417976,,,,,,,,,,,April-2026,,,,,,,,,,,,
OD09K-1394,10106.0,0.0,-10106.0,360.0,22.0,9.0,13.0,0.0,0.0,0.0,0.0,0.0,0.0,0.0,0.0,22.0,50093.0,0.0,-50093.0,0.0,13,0.0,4,17.0,0.0,0.0,0,0,28,0,0.0,28.0,0.0,0.0,0.0,0.0,0.0,0.0,130.0,205.0,335.0,175.0,0.0,-0.017316445675836137,,,,,,,,,,,April-2026,,,,,,,,,,,,
OD09K-2512 W.TANKER,3015.0,3102.8,87.80000000000018,360.0,87.80000000000018,87.80000000000018,0.0,0.0,0.0,0.0,0.0,0.0,0.0,0.0,0.0,87.80000000000018,44057.7,45136.6,1078.9000000000015,169.0,0,0.0,0,169.0,0.0,0.0,0,0,0,0,0.0,0.0,0.0,0.0,0.0,0.0,0.0,0.0,100.0,859.0,959.0,924.0,35.0,10.523917995444169,,,,,,,,,,,April-2026,,,,,,,,,,,,
OD09K-5036,13265.0,0.0,-13265.0,360.0,0.0,0.0,0.0,0.0,0.0,0.0,0.0,0.0,0.0,0.0,0.0,0.0,92832.0,0.0,-92832.0,0.0,0,0.0,0,0.0,0.0,0.0,0,0,0,0,0.0,0.0,0.0,0.0,0.0,0.0,0.0,0.0,145.0,0.0,145.0,0.0,0.0,0.0,,,,,,,,,,,April-2026,,,,,,,,,,,,
OD09K-7213 BSM BUS,0.0,0.0,0.0,0.0,0.0,0.0,0.0,0.0,0.0,0.0,0.0,0.0,0.0,0.0,0.0,0.0,0.0,0.0,0.0,0.0,0,0.0,0,0.0,0.0,0.0,0,0,0,0,0.0,0.0,0.0,0.0,0.0,0.0,0.0,0.0,100.0,320.0,420.0,340.0,80.0,,,,,,,,,,,,April-2026,,,,,,,,,,,,
OD09P-2986 (CAMPAR),0.0,0.0,0.0,0.0,0.0,0.0,0.0,0.0,0.0,0.0,0.0,0.0,0.0,0.0,0.0,0.0,0.0,0.0,0.0,0.0,0,0.0,0,0.0,0.0,0.0,0,0,0,0,0.0,0.0,0.0,0.0,0.0,0.0,0.0,0.0,0.0,168.0,168.0,168.0,0.0,,,,,,,,,,,,April-2026,,,,,,,,,,,,
OD09P-6973 W.TANKER,4670.1,4783.0,112.89999999999964,360.0,112.89999999999964,112.89999999999964,0.0,0.0,0.0,0.0,0.0,0.0,0.0,0.0,0.0,112.89999999999964,52306.6,53267.0,960.4000000000015,86.0,0,0.0,0,86.0,0.0,0.0,0,0,0,0,0.0,0.0,0.0,0.0,0.0,0.0,0.0,0.0,90.0,1095.0,1185.0,1075.0,110.0,9.521700620017745,,,,,,,,,,,April-2026,,,,,,,,,,,,
OD09V-5619 TATA YODHA,0.0,0.0,0.0,0.0,479.0,0.0,0.0,0.0,0.0,0.0,0.0,0.0,0.0,0.0,0.0,0.0,0.0,0.0,0.0,0.0,0,0.0,0,0.0,0.0,0.0,0,0,0,0,0.0,0.0,0.0,0.0,0.0,0.0,0.0,0.0,0.0,272.0,272.0,262.0,10.0,,,,,,,,,,,,April-2026,,,,,,,,,,,,
OD09Z-1202,3545.2,3684.0,138.80000000000018,360.0,138.80000000000018,138.80000000000018,0.0,0.0,0.0,0.0,0.0,0.0,0.0,0.0,0.0,138.80000000000018,,26158.6,,52.0,150,0.0,12,214.0,0.0,0.0,0,0,0,0,0.0,0.0,0.0,0.0,0.0,0.0,0.0,0.0,0.0,1294.0,1294.0,1174.0,120.0,8.45821325648414,,,,,,,,,,,April-2026,,,,,,,,,,,,
OD09Z-1273,2628.0,2763.0,135.0,360.0,135.0,127.5,7.5,0.0,0.0,0.0,0.0,0.0,0.0,0.0,0.0,135.0,0.0,17588.1,17588.1,53.0,123,0.0,17,193.0,0.0,0.0,0,0,6,0,0.0,6.0,0.0,0.0,0.0,0.0,0.0,0.0,0.0,1170.0,1170.0,1220.0,100.0,9.037037037037036,,,,,,,,,,,April-2026,,,,,,,,,,,,
OD09Z-1274,3534.8,3673.9,139.0999999999999,360.0,139.0999999999999,139.0999999999999,0.0,0.0,0.0,0.0,0.0,0.0,0.0,0.0,0.0,139.0999999999999,,25547.3,,52.0,147,0.0,14,213.0,0.0,0.0,0,0,0,0,0.0,0.0,0.0,0.0,0.0,0.0,0.0,0.0,0.0,1172.0,1172.0,1122.0,50.0,8.066139468008632,,,,,,,,,,,April-2026,,,,,,,,,,,,
OD09Z-5613 DMC,3812.9,3892.5,79.59999999999991,360.0,79.59999999999991,66.99999999999991,12.6,0.0,0.0,0.0,0.0,0.0,0.0,0.0,0.0,79.59999999999991,22770.5,23272.2,501.7000000000007,35.0,100,0.0,0,135.0,0.0,0.0,0,0,32,0,0.0,32.0,0.0,0.0,0.0,0.0,0.0,0.0,0.0,570.0,570.0,570.0,0.0,7.16080402010051,,,,,,,,,,,April-2026,,,,,,,,,,,,
OD09Z-5713 DMC,3782.5,3898.0,115.5,360.0,115.5,92.59999999999957,22.900000000000226,0.0,0.0,0.0,0.0,0.0,0.0,0.0,0.0,115.4999999999998,22170.5,22979.6,809.0999999999985,29.0,207,0.0,3,239.0,0.0,0.0,0,0,61,0,0.0,61.0,0.0,0.0,0.0,0.0,0.0,0.0,0.0,972.0,972.0,972.0,0.0,8.415584415584416,,,,,,,,,,,April-2026,,,,,,,,,,,,
OD09Z-5813 DMC,3668.1,3838.0,169.9000000000001,360.0,169.9000000000001,147.3000000000003,22.59999999999999,0.0,0.0,0.0,0.0,0.0,0.0,0.0,0.0,169.90000000000026,21149.7,21950.8,801.0999999999985,31.0,219,0.0,1,251.0,0.0,0.0,0,0,52,0,0.0,52.0,0.0,0.0,0.0,0.0,0.0,0.0,0.0,998.0,998.0,998.0,0.0,5.874043555032369,,,,,,,,,,,April-2026,,,,,,,,,,,,
OD09Z-5913 DMC,3802.8,3957.7,154.89999999999964,360.0,154.89999999999964,132.19999999999965,22.699999999999633,0.0,0.0,0.0,0.0,0.0,0.0,0.0,0.0,154.89999999999927,22020.9,22851.4,830.5,30.0,210,0.0,3,243.0,0.0,0.0,0,0,58,0,0.0,58.0,0.0,0.0,0.0,0.0,0.0,0.0,0.0,1156.0,1156.0,1156.0,0.0,7.46287927695289,,,,,,,,,,,April-2026,,,,,,,,,,,,
ODO9C5136,17052.5,534.4,-16518.1,360.0,99.64999999999998,12.14999999999992,22.249999999999986,65.24999999999999,0.0,0.0,0.0,0.0,0.0,0.0,0.0,99.6499999999999,125216.0,125612.4,396.3999999999942,0.0,4,0.0,0,4.0,0.0,0.0,0,15,6,36,0.0,57.0,47.0,107.0,1442.5700000000002,3495.2400000000002,154.0,4937.81,80.0,550.0,630.0,550.0,80.0,-0.03329680774423209,,,,,,,,,,,April-2026,,,,,,,,,,,,
OMC DG (NIGHT USE),0.0,0.0,0.0,0.0,0.0,0.0,0.0,0.0,0.0,0.0,0.0,0.0,0.0,0.0,0.0,0.0,0.0,0.0,0.0,0.0,0,0.0,0,0.0,0.0,0.0,0,0,0,0,0.0,0.0,0.0,0.0,0.0,0.0,0.0,0.0,0.0,0.0,0.0,0.0,0.0,,,,,,,,,,,,April-2026,,,,,,,,,,,,
POWER SCREEN RHS,4403.2,4506.5,103.30000000000018,360.0,103.30000000000018,0.0,0.0,0.0,0.0,103.29999999999981,0.0,0.0,0.0,0.0,0.0,103.29999999999981,0.0,0.0,0.0,0.0,0,0.0,0,0.0,0.0,0.0,0,0,0,0,0.0,0.0,0.0,0.0,0.0,0.0,0.0,0.0,271.0,1000.0,1271.0,1171.0,100.0,11.33591481122941,,,,,,,,,,,April-2026,,,,,,,,,,,,
TATA LOADER-OD02AY-0516,15507.7,15507.7,0.0,32.0,0.0,0.0,0.0,0.0,0.0,0.0,0.0,0.0,0.0,0.0,0.0,0.0,0.0,0.0,0.0,0.0,0,0.0,0,0.0,0.0,0.0,0,0,0,0,0.0,0.0,0.0,0.0,0.0,0.0,0.0,0.0,100.0,0.0,100.0,0.0,100.0,,,,,,,,,,,,April-2026,,,,,,,,,,,,
VICHELE NO.,,0.0,,0.0,0.0,0.0,0.0,0.0,0.0,0.0,0.0,0.0,0.0,0.0,0.0,0.0,0.0,0.0,0.0,0.0,0,0.0,0,0.0,0.0,0.0,0,0,0,0,0.0,0.0,0.0,0.0,0.0,0.0,0.0,0.0,0.0,0.0,0.0,0.0,0.0,,,,,,,,,,,,April-2026,,,,,,,,,,,,
VOLVO 300-2,21964.1,22017.4,53.30000000000291,360.0,53.30000000000291,0.0,0.0,14.3,1.1,0.0,0.0,37.9,0.0,0.0,0.0,53.3,0.0,0.0,0.0,0.0,0,0.0,0,0.0,0.0,0.0,0,0,0,0,0.0,0.0,38.0,45.0,1096.13,1420.38,83.0,2516.51,350.0,650.0,1000.0,880.0,120.0,16.510318949342437,,,,,,,,,,,April-2026,,,,,,,,,,,,
VOLVO-300(5),0.0,2565.9,2565.9,360.0,101.09999999999991,46.3,18.4,12.600000000000001,7.5,0.0,0.0,0.0,0.0,0.0,16.3,99.1,0.0,0.0,0.0,26.0,55,0.0,175,256.0,38.0,0.0,0,0,60,17,0.0,115.0,0.0,92.0,0.0,1752.04,92.0,1752.04,0.0,1900.0,1900.0,1780.0,120.0,0.6937137066916091,,,,,,,,,,,April-2026,,,,,,,,,,,,
VOLVO-300-7,17645.4,17782.3,136.89999999999782,360.0,136.89999999999782,56.69999999999563,50.1,0.0,5.0,0.0,0.0,0.0,10.0,0.0,15.100000000000001,136.89999999999566,0.0,0.0,0.0,47.0,191,0.0,174,412.0,0.0,0.0,0,0,591,0,0.0,591.0,0.0,0.0,0.0,0.0,0.0,0.0,228.0,2682.0,2910.0,2780.0,130.0,20.306793279766577,,,,,,,,,,,April-2026,,,,,,,,,,,,
VOLVO-380,0.0,103.6,103.6,360.0,95.6,82.2,4.9,8.5,0.0,0.0,0.0,0.0,0.0,0.0,0.0,95.6,0.0,0.0,0.0,239.0,452,0.0,0,691.0,12.0,0.0,0,0,0,5,0.0,17.0,20.0,42.0,642.87,1397.7800000000002,62.0,2040.65,0.0,3008.0,3008.0,2628.0,380.0,25.36679536679537,,,,,,,,,,,April-2026,,,,,,,,,,,,
VOLVO-480,0.0,1027.5,1027.5,360.0,163.7,154.90000000000003,3.8,2.2,1.3,0.0,0.0,0.0,1.0,0.5,0.0,154.70000000000005,0.0,0.0,0.0,66.0,1098,0.0,71,1235.0,8.0,0.0,0,0,0,18,0.0,26.0,0.0,20.0,0.0,716.31,20.0,716.31,240.0,4870.0,5110.0,4810.0,300.0,4.681265206812652,,,,,,,,,,,April-2026,,,,,,,,,,,,
WATER PUMP,0.0,0.0,0.0,0.0,0.0,0.0,0.0,0.0,0.0,0.0,0.0,0.0,0.0,0.0,0.0,0.0,0.0,0.0,0.0,0.0,0,0.0,0,0.0,0.0,0.0,0,0,0,0,0.0,0.0,0.0,0.0,0.0,0.0,0.0,0.0,0.0,75.0,75.0,75.0,0.0,,,,,,,,,,,,April-2026,,,,,,,,,,,,
BD 85 DOZER,15478.6,627.7,-14850.9,,,,0.0,0.0,28.100000000000044,0.0,0.0,,0.0,0.0,0.0,,0.0,0.0,0.0,,0,0.0,0,0.0,0.0,0.0,0,0,0,0,,0.0,,,0.0,,,0.0,,,,,,,,,,,,,,,,,June-2026,118.10000000000002,0.0,0.0,0.0,0.0,0.0,0.0,0.0,1468.0,1691.0,14.318374259102454,
CRUSHER ( CONE ),0.0,14129.0,14129.0,,,,0.0,0.0,-13935.0,0.0,0.0,,0.0,0.0,0.0,,0.0,0.0,0.0,,0,0.0,0,0.0,0.0,0.0,0,0,0,0,,0.0,,,0.0,,,0.0,,,,,,,,,,,,,,,,,June-2026,194.0,0.0,0.0,0.0,0.0,0.0,0.0,0.0,0.0,0.0,0.0,
CRUSHER ( JAW ),0.0,14042.0,14042.0,,,,0.0,0.0,-13854.0,0.0,0.0,,0.0,0.0,0.0,,0.0,0.0,0.0,,0,0.0,0,0.0,0.0,0.0,0,0,0,0,,0.0,,,0.0,,,0.0,,,,,,,,,,,,,,,,,June-2026,188.0,0.0,0.0,0.0,0.0,0.0,0.0,0.0,0.0,0.0,0.0,
CRUSHER DG,0.0,17283.2,17283.2,,,,0.0,0.0,-17253.23,0.0,0.0,,0.0,0.0,0.0,,0.0,0.0,0.0,,0,0.0,0,0.0,0.0,0.0,0,0,0,0,,0.0,,,0.0,,,0.0,,,,,,,,,,,,,,,,,June-2026,29.970000000001164,0.0,0.0,0.0,0.0,0.0,0.0,0.0,1227.0,1727.0,57.62429095762205,40.94094094093935
CRUSHER(FEEDER),0.0,2235.93,2235.93,,,,0.0,0.0,-2060.13,0.0,0.0,,0.0,0.0,0.0,,0.0,0.0,0.0,,0,0.0,0,0.0,0.0,0.0,0,0,0,0,,0.0,,,0.0,,,0.0,,,,,,,,,,,,,,,,,June-2026,175.79999999999973,0.0,0.0,0.0,0.0,0.0,0.0,0.0,0.0,0.0,0.0,
CRUSHER(NEW) HORRIZON,0.0,6898.4,6898.4,,,,0.0,0.0,0.0,0.0,0.0,,0.0,0.0,0.0,,0.0,0.0,0.0,,0,0.0,0,12.0,0.0,16.0,0,0,0,36,,52.0,,,27.0,,,27.0,,,,,,,,,,,,,,,,,June-2026,79.89999999999964,74.70000000000039,0.0,12.0,0.0,52.0,52.0,0.0,2022.0,2072.0,25.932415519399367,25.306633291614634
DOZZER D65E,17967.3,2472.7,-15494.599999999999,,,,0.0,0.0,61.40000000000009,0.0,6.4,,0.0,0.0,0.0,,0.0,0.0,0.0,,0,0.0,0,0.0,0.0,0.0,0,0,0,0,,0.0,,,0.0,,,0.0,,,,,,,,,,,,,,,,,June-2026,116.89999999999964,0.0,0.0,0.0,0.0,0.0,0.0,0.0,1650.0,1830.0,15.654405474764804,
DRILL-ELGI-650,0.0,840.9,840.9,,,,0.0,0.0,0.0,0.0,0.0,,0.0,0.0,0.0,,0.0,0.0,709.3,,0,709.3,0,709.3,0.0,0.0,0,0,0,0,,0.0,,,0.0,,,0.0,,,,,,,,,,,,,,,,,June-2026,47.69999999999993,0.0,709.3,0.0,0.0,0.0,0.0,0.0,1911.0,1911.0,40.06289308176106,
GRADER OD09P-1732,21686.3,4671.04,-17015.26,,,,0.0,0.0,0.0,0.0,0.0,,0.0,0.0,0.0,,0.0,0.0,0.0,,0,0.0,0,0.0,0.0,0.0,0,0,0,0,,0.0,,,0.0,,,0.0,,,,,,,,,,,,,,,,,June-2026,62.24000000000069,0.0,0.0,0.0,0.0,0.0,0.0,0.0,350.0,390.0,6.266066838046203,
HITACHI-120,0.0,13356.2,13356.2,,,,0.0,0.0,0.0,-13311.1,18.5,,0.0,0.0,0.0,,0.0,0.0,0.0,,0,0.0,0,0.0,0.0,0.0,0,0,0,0,,0.0,,,0.0,,,0.0,,,,,,,,,,,,,,,,,June-2026,63.600000000000364,0.0,0.0,0.0,0.0,0.0,0.0,0.0,462.0,607.0,9.54402515723265,7.264150943396185
HITACHI-350,15257.5,16086.6,829.1000000000004,,,,12.8,27.7,17.19999999999927,8.0,0.0,,0.0,0.0,0.0,,0.0,0.0,0.0,,0,0.0,0,0.0,52.0,0.0,0,28,10,34,,124.0,,,0.0,,,222.0,,,,,,,,,,,,,,,,,June-2026,119.80000000000109,42.10000000000036,0.0,0.0,0.0,124.0,124.0,222.0,3260.0,3460.0,28.881469115191724,
JCB-8262 LOADER,0.0,16514.8,16514.8,,,,5.7,40.40000000000001,-16391.9,7.8,12.7,,0.0,0.0,0.0,,0.0,0.0,0.0,,0,0.0,0,0.0,0.0,0.0,0,13,0,12,,25.0,,,266.0,,,316.0,,,,,,,,,,,,,,,,,June-2026,194.5,7.699999999999999,0.0,0.0,0.0,25.0,25.0,50.0,2812.0,2956.0,15.197943444730077,14.45758354755784
JH01 T-8721 CHATU BABU,0.0,0.0,0.0,,,,0.0,0.0,0.0,0.0,0.0,,0.0,0.0,0.0,,0.0,0.0,0.0,,0,0.0,0,0.0,0.0,0.0,0,0,0,0,,0.0,,,0.0,,,0.0,,,,,,,,,,,,,,,,,June-2026,0.0,0.0,0.0,0.0,0.0,0.0,0.0,0.0,0.0,0.0,,
JH06G-4703,0.0,8652.0,8652.0,,,,8.4,61.8,0.0,0.0,0.0,,0.0,0.0,0.0,,0.0,0.0,0.0,,0,19.0,22,141.0,2.0,2.0,1,1,6,20,,32.0,,,73.0,,,162.0,,,,,,,,,,,,,,,,,June-2026,185.0,0.0,56.0,44.0,0.0,32.0,32.0,89.0,1425.04,1565.04,8.459675675675676,
JH06G-5437,0.0,12458.0,12458.0,,,,0.2,21.8,0.0,0.0,0.0,,0.0,0.0,0.0,,0.0,0.0,0.0,,0,39.0,59,233.0,0.0,0.0,0,1,0,0,,1.0,,,33.0,,,51.0,,,,,,,,,,,,,,,,,June-2026,184.7,0.0,90.0,45.0,0.0,1.0,1.0,18.0,1701.83,1841.83,9.972008662696265,
JH06G-5696,0.0,19129.0,19129.0,,,,1.0,10.0,0.0,0.0,0.0,,0.0,0.0,0.0,,0.0,0.0,0.0,,0,68.0,46,289.0,0.0,0.0,0,0,2,0,,2.0,,,7.0,,,20.0,,,,,,,,,,,,,,,,,June-2026,183.0,0.0,103.0,72.0,0.0,2.0,2.0,13.0,1906.68,1936.68,10.582950819672131,
JH06H-3742,12723.0,0.0,-12723.0,,,,14.5,29.0,0.0,0.0,0.0,,0.0,0.0,0.0,,0.0,0.0,0.0,,0,0.0,0,9.0,26.0,3.0,0,5,0,4,,38.0,,,29.0,,,63.0,,,,,,,,,,,,,,,,,June-2026,71.5,0.0,0.0,9.0,0.0,38.0,38.0,34.0,289.0,419.0,5.86013986013986,
JH06H-5348,0.0,671.8,671.8,,,,18.9,40.599999999999966,0.0,0.0,0.0,,0.0,0.0,0.0,,0.0,0.0,0.0,,0,0.0,9,33.0,32.0,3.0,1,4,2,14,,56.0,,,61.0,,,111.0,,,,,,,,,,,,,,,,,June-2026,121.69999999999993,0.0,2.0,22.0,0.0,56.0,56.0,50.0,595.0,755.0,6.203779786359905,
JH06H-6198 D.TANKER,0.0,15836.0,15836.0,,,,0.0,0.0,0.0,0.0,0.0,,0.0,0.0,0.0,,0.0,0.0,0.0,,0,0.0,0,0.0,0.0,0.0,0,0,0,0,,0.0,,,0.0,,,0.0,,,,,,,,,,,,,,,,,June-2026,15860.0,0.0,0.0,0.0,0.0,0.0,0.0,0.0,700.0,770.0,0.048549810844892814,
JH06H-7764,0.0,18188.1,18188.1,,,,0.6,0.0,0.0,0.0,0.0,,0.0,0.0,0.0,,0.0,0.0,0.0,,0,18.0,18,146.0,2.0,1.0,0,0,0,0,,3.0,,,0.0,,,0.0,,,,,,,,,,,,,,,,,June-2026,105.70000000000218,0.0,42.0,68.0,0.0,3.0,3.0,0.0,1132.59,1167.5900000000001,11.046263008514439,
JH06H-9654,0.0,0.0,0.0,,,,5.5,1.0,0.0,0.0,0.0,,0.0,0.0,0.0,,0.0,0.0,0.0,,0,2.0,50,83.0,3.0,1.0,0,1,0,0,,5.0,,,1.0,,,1.0,,,,,,,,,,,,,,,,,June-2026,63.55,0.0,24.0,7.0,0.0,5.0,5.0,0.0,695.0,785.0,12.352478363493313,
JH06P-6214 SCORPIO,0.0,0.0,0.0,,,,0.0,0.0,0.0,0.0,0.0,,0.0,0.0,0.0,,0.0,0.0,0.0,,0,0.0,0,0.0,0.0,0.0,0,0,0,0,,0.0,,,0.0,,,0.0,,,,,,,,,,,,,,,,,June-2026,240.0,0.0,0.0,0.0,0.0,0.0,0.0,0.0,358.0,396.0,1.65,1.4916666666666667
JH06T-7706,0.0,16349.9,16349.9,,,,0.0,0.0,0.0,0.0,0.0,,0.0,0.0,0.0,,0.0,0.0,0.0,,0,38.0,10,93.0,0.0,0.0,0,0,0,0,,0.0,,,0.0,,,0.0,,,,,,,,,,,,,,,,,June-2026,60.899999999999636,0.0,35.0,10.0,0.0,0.0,0.0,0.0,718.0,793.0,13.02134646962241,
JRD-450+650-1,0.0,8448.9,8448.9,,,,0.0,0.0,0.0,0.0,0.0,,0.0,0.0,0.0,,0.0,0.0,0.0,,0,2192.0,0,2360.0,0.0,0.0,0,0,0,0,,0.0,,,0.0,,,0.0,,,,,,,,,,,,,,,,,June-2026,97.89999999999782,0.0,1065.2,168.0,0.0,0.0,0.0,0.0,3634.0,3634.0,37.119509703780196,
JRD-600+CD-360,0.0,0.0,0.0,,,,0.0,0.0,0.0,0.0,0.0,,0.0,0.0,0.0,,0.0,0.0,0.0,,0,1112.7,0,1157.7,0.0,0.0,0,0,0,0,,0.0,,,0.0,,,0.0,,,,,,,,,,,,,,,,,June-2026,83.6,0.0,824.0999999999999,45.0,0.0,0.0,0.0,0.0,3698.0,3698.0,44.23444976076555,
KA01AN9755(NEW EICHER-DEMO),4142.86,4195.9,53.039999999999964,,,,0.0,0.0,0.0,0.0,0.0,,0.0,0.0,0.0,,0.0,0.0,0.0,,0,7.0,0,9.0,0.0,0.0,0,0,0,0,,0.0,,,0.0,,,0.0,,,,,,,,,,,,,,,,,June-2026,5.449999999999818,0.0,2.0,0.0,0.0,0.0,0.0,0.0,433.93,433.93,79.62018348624119,
KAMASTU-210,0.0,0.0,0.0,,,,2.0,0.0,70.89999999999782,0.0,0.0,,0.0,0.0,0.0,,0.0,0.0,0.0,,8,0.0,0,0.0,0.0,0.0,0,0,0,8,,16.0,,,0.0,,,0.0,,,,,,,,,,,,,,,,,June-2026,72.89999999999782,0.0,0.0,0.0,8.0,16.0,24.0,0.0,1292.0,1122.0,15.390946502058075,17.722908093278996
KOBELCO-380 DMCS,0.0,5994.4,5994.4,,,,0.0,0.0,0.0,0.0,0.0,,0.0,0.0,0.0,,0.0,0.0,0.0,,0,163.0,23,955.0,0.0,0.0,0,0,0,0,,0.0,,,0.0,,,0.0,,,,,,,,,,,,,,,,,June-2026,136.09999999999945,0.0,113.0,656.0,0.0,0.0,0.0,0.0,2931.0,2931.0,21.53563556208679,
KOMASTU-200,0.0,3813.3,3813.3,,,,6.6,2.0,16.0,85.19999999999999,31.59999999999982,,0.0,0.0,0.0,,0.0,0.0,0.0,,0,0.0,0,0.0,18.0,0.0,0,0,6,0,,24.0,,,0.0,,,6.0,,,,,,,,,,,,,,,,,June-2026,149.60000000000036,7.4,0.0,0.0,0.0,24.0,24.0,6.0,1742.0,2007.0,13.415775401069487,11.64438502673794
KOMASTU-210(N)_10.06.26,0.0,17728.2,17728.2,,,,8.0,0.0,154.4999999999978,0.0,8.0,,0.0,0.0,0.0,,0.0,0.0,0.0,,0,0.0,0,0.0,42.0,0.0,0,4,0,0,,46.0,,,0.0,,,0.0,,,,,,,,,,,,,,,,,June-2026,179.0,15.500000000000728,0.0,0.0,0.0,46.0,46.0,0.0,3292.0,3292.0,18.391061452513966,18.391061452513966
KOMASTU-350 DMC,13057.6,12718.1,-339.5,,,,0.0,0.0,0.0,0.0,0.0,,0.0,0.0,0.0,,0.0,0.0,0.0,,0,0.0,0,0.0,0.0,0.0,0,0,0,0,,0.0,,,0.0,,,0.0,,,,,,,,,,,,,,,,,June-2026,0.0,0.0,0.0,0.0,0.0,0.0,0.0,0.0,200.0,200.0,,
L-6268 SDLG,0.0,7795.5,7795.5,,,,27.2,72.20000000000002,-7692.500000000001,0.0,0.0,,0.0,0.0,0.0,,0.0,0.0,0.0,,0,0.0,0,0.0,33.0,21.0,0,22,9,73,,158.0,,,353.0,,,603.0,,,,,,,,,,,,,,,,,June-2026,202.39999999999964,0.0,0.0,0.0,0.0,158.0,158.0,250.0,3845.0,3975.0,19.63932806324114,18.997035573122563
LIGHT DG NEW(HORRIZON)_1,0.0,0.0,0.0,,,,0.0,0.0,0.0,0.0,0.0,,0.0,0.0,0.0,,0.0,0.0,0.0,,0,0.0,0,0.0,0.0,0.0,0,0,0,0,,0.0,,,0.0,,,0.0,,,,,,,,,,,,,,,,,June-2026,0.0,0.0,0.0,0.0,0.0,0.0,0.0,0.0,40.0,40.0,,
LIGHT DG NEW(HORRIZON)_2,0.0,0.0,0.0,,,,0.0,0.0,0.0,0.0,0.0,,0.0,0.0,0.0,,0.0,0.0,0.0,,0,0.0,0,0.0,0.0,0.0,0,0,0,0,,0.0,,,0.0,,,0.0,,,,,,,,,,,,,,,,,June-2026,0.0,0.0,0.0,0.0,0.0,0.0,0.0,0.0,15.0,15.0,,
LIGHT DG NEW(HORRIZON)_4,0.0,0.0,0.0,,,,0.0,0.0,0.0,0.0,0.0,,0.0,0.0,0.0,,0.0,0.0,0.0,,0,0.0,0,0.0,0.0,0.0,0,0,0,0,,0.0,,,0.0,,,0.0,,,,,,,,,,,,,,,,,June-2026,0.0,0.0,0.0,0.0,0.0,0.0,0.0,0.0,30.0,30.0,,
LOKO CONE,0.0,16884.4,16884.4,,,,0.0,0.0,0.0,0.0,35.5,,15.400000000001455,0.0,0.0,,0.0,0.0,0.0,,0,0.0,0,0.0,0.0,0.0,0,0,0,0,,0.0,,,0.0,,,0.0,,,,,,,,,,,,,,,,,June-2026,50.900000000001455,0.0,0.0,0.0,0.0,0.0,0.0,0.0,1100.0,1510.0,29.666011787818405,21.611001964635925
LOKO TRACK JAW,0.0,16326.0,16326.0,,,,0.0,0.0,0.0,0.0,36.0,,15.0,0.0,0.0,,0.0,0.0,0.0,,0,0.0,0,0.0,0.0,0.0,0,0,0,0,,0.0,,,11.0,,,11.0,,,,,,,,,,,,,,,,,June-2026,51.0,0.0,0.0,0.0,0.0,0.0,0.0,0.0,500.0,800.0,15.686274509803921,9.803921568627452
OD07AR-4113 DMC,14700.4,8794.0,-5906.4,,,,0.0,0.0,0.0,0.0,0.0,,0.0,0.0,0.0,,0.0,0.0,0.0,,0,0.0,0,0.0,0.0,0.0,0,0,0,0,,0.0,,,0.0,,,0.0,,,,,,,,,,,,,,,,,June-2026,0.0,0.0,0.0,0.0,0.0,0.0,0.0,0.0,0.0,0.0,,
OD09A-5105,80.2,13195.0,13114.8,,,,2.2,45.0,0.0,0.0,0.0,,0.0,0.0,0.0,,0.0,0.0,0.0,,0,25.0,66,251.0,0.0,2.0,1,1,0,2,,6.0,,,37.0,,,111.0,,,,,,,,,,,,,,,,,June-2026,237.0,0.0,78.0,82.0,0.0,6.0,6.0,74.0,2072.85,2212.85,9.336919831223629,
OD09A-5106,9988.0,15115.0,5127.0,,,,0.0,0.0,0.0,0.0,0.0,,0.0,0.0,0.0,,0.0,0.0,0.0,,0,0.0,0,0.0,0.0,0.0,0,0,0,0,,0.0,,,0.0,,,0.0,,,,,,,,,,,,,,,,,June-2026,0.0,0.0,0.0,0.0,0.0,0.0,0.0,0.0,0.0,63.0,,
OD09A-5666,0.0,22104.0,22104.0,,,,0.0,0.0,0.0,0.0,0.0,,0.0,0.0,0.0,,0.0,0.0,0.0,,0,0.0,0,0.0,0.0,0.0,0,0,0,0,,0.0,,,0.0,,,0.0,,,,,,,,,,,,,,,,,June-2026,0.0,0.0,0.0,0.0,0.0,0.0,0.0,0.0,0.0,90.0,,
OD09A-6059,0.0,14307.0,14307.0,,,,3.2,42.0,0.0,0.0,0.0,,0.0,0.0,0.0,,0.0,0.0,0.0,,0,7.0,3,50.0,0.0,3.0,1,2,0,3,,9.0,,,50.0,,,115.0,,,,,,,,,,,,,,,,,June-2026,92.0,0.0,3.0,37.0,0.0,9.0,9.0,65.0,831.7,901.7,9.80108695652174,
OD09AE-5513 DMC,290.5,4263.3,3972.8,,,,0.0,0.0,0.0,0.0,0.0,,0.0,0.0,0.0,,0.0,0.0,0.0,,0,49.0,8,267.0,0.0,0.0,0,0,0,0,,0.0,,,0.0,,,0.0,,,,,,,,,,,,,,,,,June-2026,120.0,0.0,32.0,178.0,0.0,0.0,0.0,0.0,1878.0,1878.0,15.65,
OD09C-1371,0.0,11686.0,11686.0,,,,16.4,39.8,0.0,0.0,0.0,,0.0,0.0,0.0,,0.0,0.0,0.0,,0,8.0,0,33.0,11.0,2.0,1,19,9,8,,50.0,,,61.0,,,117.0,,,,,,,,,,,,,,,,,June-2026,112.0,0.0,3.0,22.0,0.0,50.0,50.0,56.0,990.0,1080.0,9.642857142857142,
OD09C-1962,12249.6,20898.9,8649.300000000001,,,,7.5,27.5,0.0,0.0,0.0,,0.0,0.0,0.0,,0.0,0.0,0.0,,0,35.0,21,139.0,13.0,0.0,0,4,0,5,,22.0,,,26.0,,,66.0,,,,,,,,,,,,,,,,,June-2026,135.5500000000029,0.0,33.0,50.0,0.0,22.0,22.0,40.0,1071.0,1121.0,8.270011066027118,
OD09C-1964,14261.15,14565.9,304.75,,,,2.55,9.95,0.0,0.0,0.0,,0.0,0.0,0.0,,0.0,0.0,0.0,,0,6.0,5,33.0,8.0,0.0,1,3,0,2,,14.0,,,9.0,,,23.0,,,,,,,,,,,,,,,,,June-2026,44.44999999999891,0.0,4.0,18.0,0.0,14.0,14.0,14.0,363.0,388.0,8.728908886389416,
OD09C-4824,14707.0,17501.25,2794.25,,,,8.8,39.1,0.0,0.0,0.0,,0.0,0.0,0.0,,0.0,0.0,0.0,,0,17.0,42,102.0,6.0,0.0,0,3,0,10,,19.0,,,46.0,,,80.0,,,,,,,,,,,,,,,,,June-2026,145.20000000000073,0.0,25.0,18.0,0.0,19.0,19.0,34.0,1175.44,1225.44,8.439669421487562,
OD09C-4879,12217.0,0.0,-12217.0,,,,7.0,14.0,0.0,0.0,0.0,,0.0,0.0,0.0,,0.0,0.0,0.0,,0,0.0,0,0.0,9.0,5.0,0,2,0,0,,16.0,,,15.0,,,35.0,,,,,,,,,,,,,,,,,June-2026,44.0,0.0,0.0,0.0,0.0,16.0,16.0,20.0,385.68,425.68,9.674545454545454,
OD09C-5609 JCB,0.0,16662.4,16662.4,,,,0.0,2.0,-16646.2,0.0,0.0,,0.0,0.0,0.0,,0.0,0.0,0.0,,0,0.0,0,0.0,0.0,0.0,0,0,0,0,,0.0,,,13.0,,,13.0,,,,,,,,,,,,,,,,,June-2026,18.200000000000728,0.0,0.0,0.0,0.0,0.0,0.0,0.0,235.0,345.0,18.9560439560432,12.912087912087395
OD09C-8163,11500.0,13748.0,2248.0,,,,8.099999999999998,44.59999999999998,0.0,0.0,0.0,,0.0,0.0,0.0,,0.0,0.0,0.0,,4,4.0,50,109.0,0.0,0.0,1,2,5,15,,27.0,,,79.0,,,145.0,,,,,,,,,,,,,,,,,June-2026,123.60000000000036,0.0,24.0,31.0,4.0,27.0,31.0,66.0,1006.0,1106.0,8.948220064724893,
OD09C-8164,10751.0,10788.3,37.29999999999927,,,,14.9,29.699999999999996,0.0,0.0,0.0,,0.0,0.0,0.0,,0.0,0.0,0.0,,0,12.0,5,96.0,15.0,0.0,1,9,0,22,,47.0,,,65.0,,,102.0,,,,,,,,,,,,,,,,,June-2026,109.19999999999891,0.0,46.0,33.0,0.0,47.0,47.0,37.0,728.0,878.0,8.04029304029312,
OD09C1965,20472.1,16565.8,-3906.2999999999993,,,,0.0,0.0,0.0,0.0,0.0,,0.0,0.0,0.0,,0.0,0.0,0.0,,0,0.0,0,0.0,0.0,0.0,0,0,0,0,,0.0,,,0.0,,,0.0,,,,,,,,,,,,,,,,,June-2026,0.0,0.0,0.0,0.0,0.0,0.0,0.0,0.0,0.0,0.0,,
OD09C4623,16126.0,1457.5,-14668.5,,,,0.0,0.0,0.0,0.0,0.0,,0.0,0.0,0.0,,0.0,0.0,0.0,,0,0.0,0,0.0,0.0,0.0,0,0,0,0,,0.0,,,0.0,,,0.0,,,,,,,,,,,,,,,,,June-2026,0.0,0.0,0.0,0.0,0.0,0.0,0.0,0.0,145.0,145.0,,
OD09C4624,0.0,0.0,0.0,,,,0.0,0.0,0.0,0.0,0.0,,0.0,0.0,0.0,,0.0,0.0,0.0,,0,0.0,0,0.0,0.0,0.0,0,0,0,0,,0.0,,,0.0,,,0.0,,,,,,,,,,,,,,,,,June-2026,0.0,0.0,0.0,0.0,0.0,0.0,0.0,0.0,0.0,0.0,,
OD09C4625,10878.0,24245.75,13367.75,,,,0.0,8.75,0.0,0.0,0.0,,0.0,0.0,0.0,,0.0,0.0,0.0,,0,0.0,0,17.0,0.0,0.0,0,0,0,0,,0.0,,,8.0,,,23.0,,,,,,,,,,,,,,,,,June-2026,20.299999999999272,0.0,10.0,7.0,0.0,0.0,0.0,15.0,220.0,355.0,17.487684729064668,
OD09C4823,0.0,24424.45,24424.45,,,,19.95,43.28,0.0,0.0,0.0,,0.0,0.0,0.0,,0.0,0.0,0.0,,4,21.0,27,159.0,19.0,9.0,0,13,1,22,,68.0,,,68.0,,,144.0,,,,,,,,,,,,,,,,,June-2026,194.54999999999927,0.0,46.0,65.0,4.0,68.0,72.0,76.0,1078.0,1213.0,6.234901053713721,
OD09C5137,17020.0,4.95,-17015.05,,,,0.0,7.0,0.0,0.0,0.0,,0.0,0.0,0.0,,0.0,0.0,0.0,,0,0.0,0,0.0,0.0,0.0,0,0,0,0,,0.0,,,0.0,,,6.0,,,,,,,,,,,,,,,,,June-2026,1.9000000000000004,0.0,0.0,0.0,0.0,0.0,0.0,6.0,50.0,120.0,63.157894736842096,
OD09G-6065 CAMPER,0.0,0.0,0.0,,,,0.0,0.0,0.0,0.0,0.0,,0.0,0.0,0.0,,0.0,0.0,0.0,,0,0.0,0,0.0,0.0,0.0,0,0,0,0,,0.0,,,0.0,,,0.0,,,,,,,,,,,,,,,,,June-2026,0.0,0.0,0.0,0.0,0.0,0.0,0.0,0.0,195.0,200.0,,
OD09K-2512 W.TANKER,76799.0,3193.5,-73605.5,,,,0.0,0.0,0.0,0.0,0.0,,0.0,0.0,0.0,,0.0,0.0,0.0,,0,0.0,0,88.0,0.0,0.0,0,0,0,0,,0.0,,,0.0,,,0.0,,,,,,,,,,,,,,,,,June-2026,48.5,0.0,88.0,0.0,0.0,0.0,0.0,0.0,440.0,543.0,11.195876288659793,
OD09K-7213 BSM BUS,0.0,0.0,0.0,,,,0.0,0.0,0.0,0.0,0.0,,0.0,0.0,0.0,,0.0,0.0,0.0,,0,0.0,0,0.0,0.0,0.0,0,0,0,0,,0.0,,,0.0,,,0.0,,,,,,,,,,,,,,,,,June-2026,0.0,0.0,0.0,0.0,0.0,0.0,0.0,0.0,485.0,515.0,,
OD09P-2986 (CAMPAR),0.0,0.0,0.0,,,,0.0,0.0,0.0,0.0,0.0,,0.0,0.0,0.0,,0.0,0.0,0.0,,0,0.0,0,0.0,0.0,0.0,0,0,0,0,,0.0,,,0.0,,,0.0,,,,,,,,,,,,,,,,,June-2026,0.0,0.0,0.0,0.0,0.0,0.0,0.0,0.0,258.0,258.0,,
OD09P-6973 W.TANKER,0.0,4888.4,4888.4,,,,0.0,0.0,0.0,0.0,0.0,,0.0,0.0,0.0,,0.0,0.0,0.0,,0,0.0,0,54.0,0.0,0.0,0,0,0,0,,0.0,,,0.0,,,0.0,,,,,,,,,,,,,,,,,June-2026,53.399999999999636,0.0,54.0,0.0,0.0,0.0,0.0,0.0,500.0,550.0,10.299625468164864,
OD09V-5619 TATA YODHA,0.0,0.0,0.0,,,,0.0,0.0,0.0,0.0,0.0,,0.0,0.0,0.0,,0.0,0.0,0.0,,0,0.0,0,0.0,0.0,0.0,0,0,0,0,,0.0,,,0.0,,,0.0,,,,,,,,,,,,,,,,,June-2026,0.0,0.0,0.0,0.0,0.0,0.0,0.0,0.0,309.0,354.0,,
OD09V-6296 SDLG-27.06.26,0.0,7770.8,7770.8,,,,1.5999999999999943,9.7,0.0,1.7999999999999998,0.0,,0.0,0.0,0.0,,0.0,0.0,709.3,,0,0.0,0,4227.0,5.0,8.0,0,5,0,0,,18.0,,,45.0,,,115.0,,,,,,,,,,,,,,,,,June-2026,17.199999999999818,5.7,0.0,0.0,0.0,18.0,18.0,70.0,428.0,428.0,24.883720930232823,
OD09Z-1202,0.0,4097.6,4097.6,,,,0.0,0.0,0.0,0.0,0.0,,0.0,0.0,0.0,,0.0,0.0,0.0,,0,54.0,98,395.0,0.0,0.0,0,0,0,0,,0.0,,,0.0,,,0.0,,,,,,,,,,,,,,,,,June-2026,242.20000000000027,0.0,133.0,110.0,0.0,0.0,0.0,0.0,2722.68,2822.68,11.654335260115593,
OD09Z-1273,0.0,3174.7,3174.7,,,,0.0,0.0,0.0,0.0,0.0,,0.0,0.0,0.0,,0.0,0.0,0.0,,0,48.0,95,344.0,0.0,0.0,0,0,0,0,,0.0,,,0.0,,,0.0,,,,,,,,,,,,,,,,,June-2026,213.5999999999999,0.0,107.0,94.0,0.0,0.0,0.0,0.0,2120.93,2270.9300000000003,10.631694756554314,
OD09Z-1274,0.0,4136.5,4136.5,,,,0.0,0.0,0.0,0.0,0.0,,0.0,0.0,0.0,,0.0,0.0,0.0,,0,65.0,97,417.0,0.0,0.0,0,0,0,0,,0.0,,,0.0,,,0.0,,,,,,,,,,,,,,,,,June-2026,257.0,0.0,142.0,113.0,0.0,0.0,0.0,0.0,2735.81,2895.81,11.267743190661479,
OD09Z-5613 DMC,13881.34,3933.9,-9947.44,,,,0.0,0.0,0.0,0.0,0.0,,0.0,0.0,0.0,,0.0,0.0,0.0,,0,0.0,0,0.0,0.0,0.0,0,0,0,0,,0.0,,,0.0,,,0.0,,,,,,,,,,,,,,,,,June-2026,0.0,0.0,0.0,0.0,0.0,0.0,0.0,0.0,0.0,0.0,,
OD09Z-5713 DMC,0.0,4063.6,4063.6,,,,0.0,0.0,0.0,0.0,0.0,,0.0,0.0,0.0,,0.0,0.0,0.0,,0,45.0,7,261.0,0.0,0.0,0,0,0,0,,0.0,,,0.0,,,0.0,,,,,,,,,,,,,,,,,June-2026,129.29999999999973,0.0,31.0,178.0,0.0,0.0,0.0,0.0,1533.0,1533.0,11.856148491879376,
OD09Z-5813 DMC,20687.05,4072.2,-16614.85,,,,0.0,0.0,0.0,0.0,0.0,,0.0,0.0,0.0,,0.0,0.0,0.0,,0,0.0,1,107.0,0.0,0.0,0,0,0,0,,0.0,,,0.0,,,0.0,,,,,,,,,,,,,,,,,June-2026,195.39999999999964,0.0,21.0,85.0,0.0,0.0,0.0,0.0,584.0,584.0,2.988741044012288,
OD09Z-5913 DMC,14558.9,4180.4,-10378.5,,,,0.0,0.0,0.0,0.0,0.0,,0.0,0.0,0.0,,0.0,0.0,0.0,,0,52.0,7,280.0,0.0,0.0,0,0,0,0,,0.0,,,0.0,,,0.0,,,,,,,,,,,,,,,,,June-2026,131.79999999999973,0.0,29.0,192.0,0.0,0.0,0.0,0.0,1640.0,1640.0,12.443095599393045,
ODO9C5136,13126.25,558.7,-12567.55,,,,2.8,5.9,0.0,0.0,0.0,,0.0,0.0,0.0,,0.0,0.0,0.0,,0,0.0,0,2.0,2.0,4.0,0,0,0,0,,6.0,,,9.0,,,14.0,,,,,,,,,,,,,,,,,June-2026,24.300000000000068,0.0,2.0,0.0,0.0,6.0,6.0,5.0,138.0,318.0,13.086419753086384,
POWER SCREEN RHS,0.0,4741.6,4741.6,,,,0.0,0.0,0.0,-4624.0,0.0,,0.0,0.0,0.0,,0.0,0.0,0.0,,0,0.0,0,0.0,0.0,0.0,0,0,0,0,,0.0,,,11.0,,,11.0,,,,,,,,,,,,,,,,,June-2026,117.60000000000036,0.0,0.0,0.0,0.0,0.0,0.0,0.0,1300.0,1420.0,12.074829931972753,11.05442176870745
TATA LOADER-OD02AY-0516,0.0,15507.7,15507.7,,,,0.0,0.0,0.0,-15507.7,0.0,,0.0,0.0,0.0,,0.0,0.0,0.0,,0,0.0,0,0.0,0.0,0.0,0,0,0,0,,0.0,,,0.0,,,0.0,,,,,,,,,,,,,,,,,June-2026,0.0,0.0,0.0,0.0,0.0,0.0,0.0,0.0,0.0,100.0,,
VICHELE NO.,0.0,0.0,0.0,,,,,,,,,,,,,,,,,,0,0.0,0,,0.0,0.0,0,0,0,0,,0.0,,,0.0,,,0.0,,,,,,,,,,,,,,,,,June-2026,0.0,,0.0,0.0,0.0,,,0.0,0.0,0.0,,
VOLVO-300(5),0.0,2869.0,2869.0,,,,0.0,5.8,7.699999999999999,0.0,12.199999999999996,,0.0,0.0,0.0,,0.0,0.0,0.0,,0,0.0,117,395.0,185.0,0.0,0,0,0,0,,185.0,,,0.0,,,70.0,,,,,,,,,,,,,,,,,June-2026,203.4000000000001,81.1,0.0,278.0,0.0,185.0,185.0,70.0,3958.0,4154.0,20.422812192723686,19.45919370698131
VOLVO-300-7,14226.5,17812.7,3586.2000000000007,,,,0.0,2.4,0.1999999999985449,0.0,0.0,,0.0,0.0,0.0,,0.0,0.0,0.0,,0,0.0,0,0.0,0.0,0.0,0,0,0,0,,0.0,,,0.0,,,24.0,,,,,,,,,,,,,,,,,June-2026,30.400000000001455,27.799999999999997,0.0,0.0,0.0,0.0,0.0,24.0,950.0,1080.0,35.52631578947199,
VOLVO-480,0.0,1159.0,1159.0,,,,0.0,0.0,0.0,0.0,0.0,,0.0,0.0,0.0,,0.0,0.0,0.0,,0,122.0,0,296.0,0.0,0.0,0,0,0,0,,0.0,,,0.0,,,0.0,,,,,,,,,,,,,,,,,June-2026,45.700000000000045,0.0,100.0,74.0,0.0,0.0,0.0,0.0,1350.0,1600.0,35.01094091903716,
VOLVO-480 (N),20142.0,339.6,-19802.4,,,,1.3,2.6,1.5,0.0,0.0,,0.0,0.0,0.0,,0.0,0.0,0.0,,0,354.0,606,2453.0,4.0,3.0,0,0,0,0,,7.0,,,0.0,,,20.0,,,,,,,,,,,,,,,,,June-2026,249.50000000000003,0.0,902.0,591.0,0.0,7.0,7.0,20.0,6950.0,7495.0,30.040080160320638,
WATER PUMP,0.0,0.0,0.0,,,,0.0,0.0,0.0,0.0,0.0,,0.0,0.0,0.0,,0.0,0.0,0.0,,0,0.0,0,0.0,0.0,0.0,0,0,0,0,,0.0,,,0.0,,,0.0,,,,,,,,,,,,,,,,,June-2026,0.0,0.0,0.0,0.0,0.0,0.0,0.0,0.0,55.0,55.0,,
BD 85 DOZER,357.5,509.6,152.10000000000002,,,133.3,0.0,0.0,12.4,6.4,0.0,,0.0,0.0,0.0,,0.0,0.0,0.0,,0,0.0,0,0.0,0.0,0.0,0,0,0,0,,0.0,,,0.0,,,0.0,,,,,,,,,,,,,,,,,May-2026,152.10000000000002,0.0,0.0,0.0,0.0,0.0,0.0,0.0,2100.0,2012.0,13.228139381985534,
CRUSHER ( CONE ),13731.0,13935.0,204.0,,,0.0,0.0,0.0,204.0,0.0,0.0,,0.0,0.0,0.0,,0.0,0.0,0.0,,0,0.0,0,0.0,0.0,0.0,0,0,0,0,,0.0,,,0.0,,,0.0,,,,,,,,,,,,,,,,,May-2026,204.0,0.0,0.0,0.0,0.0,0.0,0.0,0.0,0.0,0.0,0.0,
CRUSHER ( JAW ),13656.0,13854.0,198.0,,,0.0,0.0,0.0,198.0,0.0,0.0,,0.0,0.0,0.0,,0.0,0.0,0.0,,0,0.0,0,0.0,0.0,0.0,0,0,0,0,,0.0,,,0.0,,,0.0,,,,,,,,,,,,,,,,,May-2026,198.0,0.0,0.0,0.0,0.0,0.0,0.0,0.0,0.0,0.0,0.0,
CRUSHER DG,17218.26,17253.23,34.970000000001164,,,0.0,0.0,0.0,34.970000000001164,0.0,0.0,,0.0,0.0,0.0,,0.0,0.0,0.0,,0,0.0,0,0.0,0.0,0.0,0,0,0,0,,0.0,,,0.0,,,0.0,,,,,,,,,,,,,,,,,May-2026,34.970000000001164,0.0,0.0,0.0,0.0,0.0,0.0,0.0,1163.0,1026.0,29.339433800399366,33.257077494994604
CRUSHER(FEEDER),1870.47,2060.13,189.66000000000008,,,0.0,0.0,0.0,189.66000000000008,0.0,0.0,,0.0,0.0,0.0,,1200.0,0.0,-1200.0,,0,0.0,0,0.0,0.0,0.0,0,0,0,0,,0.0,,,0.0,,,0.0,,,,,,,,,,,,,,,,,May-2026,189.66000000000008,0.0,0.0,0.0,0.0,0.0,0.0,0.0,0.0,0.0,0.0,
CRUSHER(NEW) HORRIZON,0.0,6818.5,6818.5,,,0.0,0.0,0.0,0.0,8.100000000000364,0.0,,0.0,0.0,0.0,,0.0,0.0,0.0,,0,0.0,0,0.0,0.0,0.0,0,0,0,0,,0.0,,,0.0,,,0.0,,,,,,,,,,,,,,,,,May-2026,8.100000000000364,0.0,0.0,0.0,0.0,0.0,0.0,0.0,200.0,150.0,18.518518518517688,24.69135802469025
DOZZER D65E,2355.8,2355.8,0.0,,,0.0,0.0,0.0,0.0,0.0,0.0,,0.0,0.0,0.0,,0.0,0.0,0.0,,0,0.0,0,0.0,0.0,0.0,0,0,0,0,,0.0,,,0.0,,,0.0,,,,,,,,,,,,,,,,,May-2026,0.0,0.0,0.0,0.0,0.0,0.0,0.0,0.0,0.0,0.0,,
DRILL-ELGI-650,794.8,983.9,189.10000000000002,,,0.0,0.0,0.0,0.0,0.0,0.0,,0.0,0.0,0.0,,0.0,0.0,42.2,,0,42.2,0,42.2,0.0,0.0,0,0,0,0,,0.0,,,0.0,,,0.0,,,,,,,,,,,,,,,,,May-2026,3.0,0.0,42.2,0.0,0.0,0.0,0.0,0.0,0.0,0.0,0.0,
GRADER OD09P-1732,4615.8,4643.2,27.399999999999636,,,27.399999999999636,0.0,0.0,0.0,0.0,0.0,,0.0,0.0,0.0,,0.0,0.0,0.0,,0,0.0,0,0.0,0.0,0.0,0,0,0,0,,0.0,,,0.0,,,0.0,,,,,,,,,,,,,,,,,May-2026,27.399999999999636,0.0,0.0,0.0,0.0,0.0,0.0,0.0,245.0,289.0,10.547445255474592,
HITACHI-120,13196.4,13292.6,96.20000000000073,,,91.10000000000001,0.0,0.0,0.0,5.100000000000364,0.0,,0.0,0.0,0.0,,0.0,0.0,0.0,,0,0.0,0,0.0,0.0,0.0,0,0,0,0,,0.0,,,0.0,,,0.0,,,,,,,,,,,,,,,,,May-2026,96.20000000000073,0.0,0.0,0.0,0.0,0.0,0.0,0.0,830.0,845.0,8.783783783783717,8.627858627858563
HITACHI-350,15887.5,15966.8,79.29999999999927,,,3.3000000000010914,37.99999999999999,35.9,2.1,0.0,0.0,,0.0,0.0,0.0,,0.0,0.0,0.0,,0,0.0,0,0.0,0.0,0.0,134,0,0,24,,295.0,,,96.0,,,294.0,,,,,,,,,,,,,,,,,May-2026,79.29999999999927,0.0,0.0,0.0,96.0,198.0,294.0,198.0,2100.0,2250.0,28.373266078184372,
JCB-8262 LOADER,16231.5,16320.3,88.79999999999927,,,0.0,1.4,39.0,43.29999999999891,5.1,0.0,,0.0,0.0,0.0,,0.0,0.0,0.0,,0,0.0,0,0.0,0.0,0.0,0,0,0,0,,15.0,,,120.0,,,266.0,,,,,,,,,,,,,,,,,May-2026,88.79999999999927,0.0,0.0,0.0,120.0,146.0,266.0,146.0,1265.0,1241.0,13.97522522522534,14.245495495495613
JH01 T-8721 CHATU BABU,,0.0,0.0,,,0.0,0.0,0.0,0.0,0.0,0.0,,0.0,0.0,0.0,,0.0,0.0,0.0,,0,0.0,0,0.0,0.0,0.0,0,0,0,0,,0.0,,,0.0,,,0.0,,,,,,,,,,,,,,,,,May-2026,,0.0,0.0,0.0,0.0,0.0,0.0,0.0,30.0,30.0,,
JH06G-4703,8307.0,8467.0,160.0,,,106.8,11.4,41.8,0.0,0.0,0.0,,0.0,0.0,0.0,,96613.0,97721.0,1108.0,,27,0.0,30,137.0,30.0,137.0,15,0,0,7,,49.0,,,68.0,,,151.0,,,,,,,,,,,,,,,,,May-2026,160.0,0.0,24.0,83.0,68.0,83.0,151.0,83.0,1400.0,1370.0,8.5625,
JH06G-5437,12197.0,0.0,-12197.0,,,53.5,0.0,0.0,0.0,0.0,0.0,,0.0,0.0,0.0,,82955.0,83472.0,517.0,,0,0.0,26,75.0,26.0,75.0,0,0,0,0,,0.0,,,0.0,,,0.0,,,,,,,,,,,,,,,,,May-2026,53.5,0.0,7.0,42.0,0.0,0.0,0.0,0.0,800.0,755.0,14.11214953271028,
JH06G-5696,0.0,0.0,0.0,,,0.0,0.0,0.0,0.0,0.0,0.0,,0.0,0.0,0.0,,0.0,0.0,0.0,,0,0.0,0,0.0,0.0,0.0,0,0,0,0,,0.0,,,0.0,,,0.0,,,,,,,,,,,,,,,,,May-2026,0.0,0.0,0.0,0.0,0.0,0.0,0.0,0.0,50.0,20.0,,
JH06H-3742,0.0,0.0,0.0,,,7.0,5.5,6.5,0.0,0.0,0.0,,0.0,0.0,0.0,,0.0,0.0,0.0,,9,0.0,8,8.0,8.0,8.0,0,0,0,4,,31.0,,,21.0,,,31.0,,,,,,,,,,,,,,,,,May-2026,19.0,0.0,0.0,0.0,21.0,10.0,31.0,10.0,150.0,110.0,5.7894736842105265,
JH06H-5348,537.0,556.0,19.0,,,10.599999999999907,2.1000000000000014,6.3,0.0,0.0,0.0,,0.0,0.0,0.0,,122693.0,122778.0,85.0,,0,0.0,3,5.0,3.0,5.0,13,0,0,0,,13.0,,,9.0,,,27.0,,,,,,,,,,,,,,,,,May-2026,19.0,0.0,1.0,1.0,9.0,18.0,27.0,18.0,230.0,170.0,8.947368421052632,
JH06H-6198 D.TANKER,15608.0,0.0,-15608.0,,,0.0,0.0,0.0,0.0,0.0,0.0,,0.0,0.0,0.0,,0.0,0.0,0.0,,0,0.0,0,0.0,0.0,0.0,0,0,0,0,,0.0,,,0.0,,,0.0,,,,,,,,,,,,,,,,,May-2026,57.0,0.0,0.0,0.0,0.0,0.0,0.0,0.0,560.0,520.0,9.12280701754386,
JH06H-7764,18024.1,18086.8,62.70000000000073,,,59.70000000000073,3.0,0.0,0.0,0.0,0.0,,0.0,0.0,0.0,,88158.0,88621.0,463.0,,7,0.0,20,88.0,20.0,88.0,0,0,0,0,,7.0,,,0.0,,,0.0,,,,,,,,,,,,,,,,,May-2026,62.70000000000073,0.0,30.0,38.0,0.0,0.0,0.0,0.0,500.0,705.0,11.244019138755851,
JH06H-9654,0.0,0.0,0.0,,,38.0,12.4,64.4,0.0,0.0,0.0,,0.0,0.0,0.0,,101662.0,102365.0,703.0,,33,0.0,0,73.0,0.0,73.0,0,0,0,2,,65.0,,,104.0,,,204.0,,,,,,,,,,,,,,,,,May-2026,114.8,0.0,0.0,73.0,104.0,100.0,204.0,100.0,670.0,680.0,5.923344947735192,
JH06P-6214 SCORPIO,186178.0,188265.0,2087.0,,,0.0,0.0,0.0,0.0,0.0,0.0,,0.0,0.0,0.0,,0.0,0.0,0.0,,0,0.0,0,0.0,0.0,0.0,0,0,0,0,,0.0,,,0.0,,,0.0,,,,,,,,,,,,,,,,,May-2026,1397.0,0.0,0.0,0.0,0.0,0.0,0.0,0.0,210.0,222.0,0.15891195418754475,0.15032211882605584
JH06T-7706,16193.4,16289.0,95.60000000000036,,,92.60000000000036,3.0,0.0,0.0,0.0,0.0,,0.0,0.0,0.0,,106226.0,106875.0,649.0,,7,0.0,42,133.0,42.0,133.0,0,0,0,0,,7.0,,,0.0,,,0.0,,,,,,,,,,,,,,,,,May-2026,95.60000000000036,0.0,19.0,72.0,0.0,0.0,0.0,0.0,907.0,912.0,9.53974895397486,
JRD-450+650-1,8278.5,8354.2,75.70000000000073,,,0.0,0.0,0.0,0.0,0.0,0.0,,0.0,0.0,0.0,,0.0,0.0,0.0,,0,2238.5,0,2578.5,0.0,309.1,0,0,0,0,,0.0,,,0.0,,,0.0,,,,,,,,,,,,,,,,,May-2026,89.40000000000073,0.0,867.5000000000001,340.0,0.0,0.0,0.0,0.0,2695.0,2695.0,30.14541387024584,
JRD-600+CD-360,0.0,799.2,799.2,,,0.0,0.0,0.0,0.0,0.0,0.0,,0.0,0.0,0.0,,0.0,0.0,0.0,,0,848.6,0,890.6,0.0,159.6,0,0,0,0,,0.0,,,0.0,,,0.0,,,,,,,,,,,,,,,,,May-2026,51.9,0.0,758.6,42.0,0.0,0.0,0.0,0.0,1988.0,1988.0,38.30443159922929,
KAMASTU-210,26071.7,26326.7,255.0,,,0.0,0.0,0.0,255.0,0.0,0.0,,0.0,0.0,0.0,,0.0,0.0,0.0,,0,0.0,0,0.0,0.0,0.0,0,0,0,0,,0.0,,,0.0,,,0.0,,,,,,,,,,,,,,,,,May-2026,255.0,0.0,0.0,0.0,0.0,0.0,0.0,0.0,3734.0,3729.0,14.623529411764705,14.64313725490196
KOBELCO-380 DMCS,5764.2,5858.3,94.10000000000036,,,94.10000000000036,0.0,0.0,0.0,0.0,0.0,,0.0,0.0,0.0,,0.0,0.0,0.0,,0,0.0,44,676.0,44.0,676.0,0,0,0,0,,0.0,,,0.0,,,0.0,,,,,,,,,,,,,,,,,May-2026,94.10000000000036,0.0,0.0,632.0,0.0,0.0,0.0,0.0,2626.0,2626.0,27.906482465462165,
KOMASTU-200,3527.1,3663.7,136.5999999999999,,,0.0,0.0,0.0,1.5,135.10000000000002,,,0.0,0.0,0.0,,0.0,0.0,0.0,,0,0.0,0,0.0,0.0,0.0,0,0,0,0,,0.0,,,0.0,,,0.0,,,,,,,,,,,,,,,,,May-2026,136.5999999999999,0.0,0.0,0.0,0.0,0.0,0.0,0.0,1930.0,1795.0,13.140556368960477,14.128843338213771
KOMASTU-350 DMC,12718.1,12718.1,0.0,,,0.0,0.0,0.0,0.0,0.0,0.0,,0.0,0.0,0.0,,0.0,0.0,0.0,,0,0.0,0,0.0,0.0,0.0,0,0,0,0,,0.0,,,0.0,,,0.0,,,,,,,,,,,,,,,,,May-2026,0.0,0.0,0.0,0.0,0.0,0.0,0.0,0.0,0.0,0.0,,
L-6268 SDLG,7349.2,7593.1,243.90000000000055,,,0.0,6.0,90.19999999999999,106.39999999999998,41.300000000000004,0.0,,0.0,0.0,0.0,,0.0,0.0,0.0,,0,0.0,0,0.0,0.0,0.0,0,0,0,17,,44.0,,,452.0,,,759.0,,,,,,,,,,,,,,,,,May-2026,243.90000000000055,0.0,0.0,0.0,452.0,307.0,759.0,307.0,5017.0,5037.0,20.651906519065143,20.569905699056946
LIGHT DG NEW,,0.0,0.0,,,0.0,0.0,0.0,0.0,0.0,0.0,,0.0,0.0,0.0,,0.0,0.0,0.0,,0,0.0,0,0.0,0.0,0.0,0,0,0,0,,0.0,,,0.0,,,0.0,,,,,,,,,,,,,,,,,May-2026,,0.0,0.0,0.0,0.0,0.0,0.0,0.0,20.0,20.0,,
LOKO CONE,16833.5,16833.5,0.0,,,0.0,0.0,0.0,0.0,0.0,0.0,,0.0,0.0,0.0,,0.0,0.0,0.0,,0,0.0,0,0.0,0.0,0.0,0,0,0,0,,0.0,,,0.0,,,0.0,,,,,,,,,,,,,,,,,May-2026,0.0,0.0,0.0,0.0,0.0,0.0,0.0,0.0,0.0,0.0,,
LOKO TRACK JAW,16275.0,16275.0,0.0,,,0.0,0.0,0.0,0.0,0.0,0.0,,0.0,0.0,0.0,,0.0,0.0,0.0,,0,0.0,0,0.0,0.0,0.0,0,0,0,0,,0.0,,,0.0,,,0.0,,,,,,,,,,,,,,,,,May-2026,0.0,0.0,0.0,0.0,0.0,0.0,0.0,0.0,0.0,0.0,,
OD07AR-4113 DMC,8794.0,8794.0,0.0,,,0.0,0.0,0.0,0.0,0.0,0.0,,0.0,0.0,0.0,,48924.0,48924.0,0.0,,0,0.0,0,0.0,0.0,0.0,0,0,0,0,,0.0,,,0.0,,,0.0,,,,,,,,,,,,,,,,,May-2026,0.0,0.0,0.0,0.0,0.0,0.0,0.0,0.0,0.0,0.0,,
OD09A-5105,12776.0,12958.0,182.0,,,97.4,20.6,64.0,0.0,0.0,0.0,,0.0,0.0,0.0,,92331.0,93353.0,1022.0,,22,0.0,29,123.0,29.0,123.0,31,0,0,1,,105.0,,,85.0,,,174.0,,,,,,,,,,,,,,,,,May-2026,182.0,0.0,25.0,69.0,85.0,89.0,174.0,89.0,1625.0,1585.0,8.708791208791208,
OD09A-5106,15115.0,15115.0,0.0,,,0.0,0.0,0.0,0.0,0.0,0.0,,0.0,0.0,0.0,,123339.0,123339.0,0.0,,0,0.0,0,0.0,0.0,0.0,0,0,0,0,,0.0,,,0.0,,,0.0,,,,,,,,,,,,,,,,,May-2026,0.0,0.0,0.0,0.0,0.0,0.0,0.0,0.0,0.0,0.0,,
OD09A-5666,21992.0,22104.0,112.0,,,59.0,8.2,44.8,0.0,0.0,0.0,,0.0,0.0,0.0,,102812.0,103397.0,585.0,,0,0.0,18,75.0,18.0,75.0,15,0,0,1,,31.0,,,57.0,,,146.0,,,,,,,,,,,,,,,,,May-2026,112.0,0.0,15.0,42.0,57.0,89.0,146.0,89.0,890.0,870.0,7.767857142857143,
OD09A-6059,14203.0,14208.0,5.0,,,1.0,0.0,4.0,0.0,0.0,0.0,,0.0,0.0,0.0,,92538.0,92562.0,24.0,,0,0.0,0,2.0,0.0,2.0,0,0,0,0,,0.0,,,11.0,,,14.0,,,,,,,,,,,,,,,,,May-2026,5.0,0.0,0.0,2.0,11.0,3.0,14.0,3.0,130.0,180.0,36.0,
OD09AE-5513 DMC,4078.9,4143.3,64.40000000000009,,,64.40000000000009,0.0,0.0,0.0,0.0,0.0,,0.0,0.0,0.0,,23516.7,23933.1,416.3999999999978,,0,0.0,5,169.0,5.0,169.0,0,0,0,0,,0.0,,,0.0,,,0.0,,,,,,,,,,,,,,,,,May-2026,64.40000000000009,0.0,0.0,164.0,0.0,0.0,0.0,0.0,650.0,650.0,10.09316770186334,
OD09C-1371,11568.0,11574.0,6.0,,,3.0,1.0,2.0,0.0,0.0,0.0,,0.0,0.0,0.0,,137968.0,137994.0,26.0,,1,0.0,0,4.0,0.0,4.0,0,0,0,0,,1.0,,,9.0,,,9.0,,,,,,,,,,,,,,,,,May-2026,6.0,0.0,0.0,4.0,9.0,0.0,9.0,0.0,0.0,35.0,5.833333333333333,
OD09C-1962,20731.6,20763.35,31.75,,,9.7,1.25,16.799999999999997,0.0,0.0,0.0,,0.0,0.0,0.0,,156355.0,156512.9,157.89999999999418,,0,0.0,8,14.0,8.0,14.0,0,0,0,0,,6.0,,,12.0,,,37.0,,,,,,,,,,,,,,,,,May-2026,31.75,0.0,0.0,6.0,12.0,25.0,37.0,25.0,246.0,276.0,8.692913385826772,
OD09C-1964,14499.25,14521.45,22.200000000000728,,,22.200000000000728,0.0,0.0,0.0,0.0,0.0,,0.0,0.0,0.0,,152990.4,153150.4,160.0,,0,0.0,5,26.0,5.0,26.0,0,0,0,0,,0.0,,,0.0,,,0.0,,,,,,,,,,,,,,,,,May-2026,22.200000000000728,0.0,20.0,1.0,0.0,0.0,0.0,0.0,165.0,270.0,12.162162162161763,
OD09C-4824,17255.25,17356.05,100.79999999999927,,,68.09999999999927,4.0,28.700000000000003,0.0,0.0,0.0,,0.0,0.0,0.0,,110316.8,110866.5,549.6999999999971,,0,0.0,21,80.0,21.0,80.0,10,0,0,0,,10.0,,,29.0,,,82.0,,,,,,,,,,,,,,,,,May-2026,100.79999999999927,0.0,19.0,40.0,29.0,53.0,82.0,53.0,753.0,803.0,7.966269841269899,
OD09C-4879,13093.0,13167.0,74.0,,,34.0,7.1,32.9,0.0,0.0,0.0,,0.0,0.0,0.0,,0.0,128673.0,128673.0,,0,0.0,8,45.0,8.0,45.0,0,0,0,4,,46.0,,,21.0,,,81.0,,,,,,,,,,,,,,,,,May-2026,74.0,0.0,2.0,35.0,21.0,60.0,81.0,60.0,403.0,453.0,6.121621621621622,
OD09C-5609 JCB,16640.6,16644.2,3.600000000002183,,,0.0,0.0,0.0,-0.3999999999978172,4.0,0.0,,0.0,0.0,0.0,,0.0,0.0,0.0,,0,0.0,0,0.0,0.0,0.0,0,0,0,0,,0.0,,,0.0,,,0.0,,,,,,,,,,,,,,,,,May-2026,3.600000000002183,0.0,0.0,0.0,0.0,0.0,0.0,0.0,257.0,237.0,65.83333333329341,71.3888888888456
OD09C-8163,13507.8,13624.4,116.60000000000036,,,50.39999999999963,19.400000000000002,46.800000000000004,0.0,0.0,0.0,,0.0,0.0,0.0,,62413.0,63080.0,667.0,,34,0.0,12,76.0,12.0,76.0,0,0,0,6,,54.0,,,50.0,,,139.0,,,,,,,,,,,,,,,,,May-2026,116.60000000000036,0.0,19.0,45.0,50.0,89.0,139.0,89.0,930.0,930.0,7.975986277873045,
OD09C-8164,10516.8,10679.1,162.3000000000011,,,91.70000000000108,13.4,57.199999999999996,0.0,0.0,0.0,,0.0,0.0,0.0,,70496.0,71524.0,1028.0,,2,0.0,45,131.0,45.0,131.0,35,0,0,11,,73.0,,,96.0,,,183.0,,,,,,,,,,,,,,,,,May-2026,162.3000000000011,0.0,16.0,70.0,96.0,87.0,183.0,87.0,1440.0,1390.0,8.564386937769505,
OD09C1965,16565.8,16565.8,0.0,,,0.0,0.0,0.0,0.0,0.0,0.0,,0.0,0.0,0.0,,166053.3,166053.3,0.0,,0,0.0,0,0.0,0.0,0.0,0,0,0,0,,0.0,,,0.0,,,0.0,,,,,,,,,,,,,,,,,May-2026,0.0,0.0,0.0,0.0,0.0,0.0,0.0,0.0,0.0,0.0,,
OD09C4623,1457.5,1457.5,0.0,,,0.0,0.0,0.0,0.0,0.0,0.0,,0.0,0.0,0.0,,65563.0,65563.0,0.0,,0,0.0,0,0.0,0.0,0.0,0,0,0,0,,0.0,,,0.0,,,0.0,,,,,,,,,,,,,,,,,May-2026,0.0,0.0,0.0,0.0,0.0,0.0,0.0,0.0,0.0,0.0,,
OD09C4624,0.0,0.0,0.0,,,0.0,0.0,0.0,0.0,0.0,0.0,,0.0,0.0,0.0,,0.0,0.0,0.0,,0,0.0,0,0.0,0.0,0.0,0,0,0,0,,0.0,,,0.0,,,0.0,,,,,,,,,,,,,,,,,May-2026,0.0,0.0,0.0,0.0,0.0,0.0,0.0,0.0,0.0,0.0,,
OD09C4625,24177.1,24225.45,48.35000000000218,,,26.600000000000726,6.8,14.95,0.0,0.0,0.0,,0.0,0.0,0.0,,88977.3,89194.9,217.59999999999127,,0,0.0,6,31.0,6.0,31.0,15,0,0,0,,28.0,,,12.0,,,37.0,,,,,,,,,,,,,,,,,May-2026,48.35000000000218,0.0,3.0,22.0,12.0,25.0,37.0,25.0,370.0,285.0,5.894519131333757,
OD09C4823,24130.25,24229.9,99.65000000000146,,,38.500000000002906,9.0,52.14999999999999,0.0,0.0,0.0,,0.0,0.0,0.0,,146988.5,147442.6,454.1000000000058,,0,0.0,8,34.0,8.0,34.0,0,0,0,5,,51.0,,,93.0,,,167.0,,,,,,,,,,,,,,,,,May-2026,99.65000000000146,0.0,9.0,17.0,93.0,74.0,167.0,74.0,630.0,575.0,5.770195684897056,
OD09C5137,17100.35,17100.35,0.0,,,4.0,0.0,0.0,0.0,0.0,0.0,,0.0,0.0,0.0,,131760.8,131760.8,0.0,,0,0.0,0,0.0,0.0,0.0,0,0,0,0,,0.0,,,0.0,,,0.0,,,,,,,,,,,,,,,,,May-2026,0.0,0.0,0.0,0.0,0.0,0.0,0.0,0.0,0.0,0.0,,
OD09G-6065 CAMPER,0.0,0.0,0.0,,,0.0,0.0,0.0,0.0,0.0,0.0,,0.0,0.0,0.0,,0.0,0.0,0.0,,0,0.0,0,0.0,0.0,0.0,0,0,0,0,,0.0,,,0.0,,,0.0,,,,,,,,,,,,,,,,,May-2026,0.0,0.0,0.0,0.0,0.0,0.0,0.0,0.0,206.0,226.0,,
OD09K-2512 W.TANKER,3102.8,3145.0,42.19999999999982,,,42.19999999999982,0.0,0.0,0.0,0.0,0.0,,0.0,0.0,0.0,,45136.6,45576.3,439.70000000000437,,0,0.0,0,62.0,0.0,62.0,0,0,0,0,,0.0,,,0.0,,,0.0,,,,,,,,,,,,,,,,,May-2026,42.19999999999982,0.0,62.0,0.0,0.0,0.0,0.0,0.0,583.0,515.0,12.203791469194366,
OD09K-7213 BSM BUS,0.0,0.0,0.0,,,0.0,0.0,0.0,0.0,0.0,0.0,,0.0,0.0,0.0,,0.0,0.0,0.0,,0,0.0,0,0.0,0.0,0.0,0,0,0,0,,0.0,,,0.0,,,0.0,,,,,,,,,,,,,,,,,May-2026,0.0,0.0,0.0,0.0,0.0,0.0,0.0,0.0,417.0,467.0,,
OD09P-2986 (CAMPAR),0.0,0.0,0.0,,,0.0,0.0,0.0,0.0,0.0,0.0,,0.0,0.0,0.0,,0.0,0.0,0.0,,0,0.0,0,0.0,0.0,0.0,0,0,0,0,,0.0,,,0.0,,,0.0,,,,,,,,,,,,,,,,,May-2026,0.0,0.0,0.0,0.0,0.0,0.0,0.0,0.0,116.0,116.0,,
OD09P-6973 W.TANKER,4783.0,4835.0,52.0,,,52.0,0.0,0.0,0.0,0.0,0.0,,0.0,0.0,0.0,,53267.0,53681.3,414.3000000000029,,0,0.0,0,42.0,0.0,42.0,0,0,0,0,,0.0,,,0.0,,,0.0,,,,,,,,,,,,,,,,,May-2026,52.0,0.0,42.0,0.0,0.0,0.0,0.0,0.0,400.0,460.0,8.846153846153847,
OD09V-5619 TATA YODHA,0.0,0.0,0.0,,,0.0,0.0,0.0,0.0,0.0,0.0,,0.0,0.0,0.0,,0.0,0.0,0.0,,0,0.0,0,0.0,0.0,0.0,0,0,0,0,,0.0,,,0.0,,,0.0,,,,,,,,,,,,,,,,,May-2026,0.0,0.0,0.0,0.0,0.0,0.0,0.0,0.0,322.0,287.0,,
OD09Z-0461 OFFICE,,0.0,0.0,,,0.0,0.0,0.0,0.0,0.0,0.0,,0.0,0.0,0.0,,0.0,0.0,0.0,,0,0.0,0,0.0,0.0,0.0,0,0,0,0,,0.0,,,0.0,,,0.0,,,,,,,,,,,,,,,,,May-2026,,0.0,0.0,0.0,0.0,0.0,0.0,0.0,5.0,5.0,,
OD09Z-1202,3684.0,3855.4,171.4000000000001,,,158.20000000000027,12.0,0.0,0.0,0.0,0.0,,0.0,0.0,0.0,,26158.6,27405.6,1247.0,,35,0.0,81,212.0,81.0,212.0,0,0,0,0,,35.0,,,0.0,,,0.0,,,,,,,,,,,,,,,,,May-2026,171.4000000000001,0.0,31.0,100.0,0.0,0.0,0.0,0.0,1845.0,1865.0,10.880980163360555,
OD09Z-1273,2763.0,2961.1,198.0999999999999,,,182.09999999999957,14.899999999999977,0.0,0.0,0.0,0.0,,0.0,0.0,0.0,,17588.1,18996.4,1408.300000000003,,31,0.0,86,251.0,86.0,251.0,0,0,0,0,,47.0,,,0.0,,,0.0,,,,,,,,,,,,,,,,,May-2026,198.0999999999999,0.0,52.0,113.0,0.0,0.0,0.0,0.0,2380.0,2330.0,11.761736496718834,
OD09Z-1274,3673.9,3879.5,205.5999999999999,,,191.59999999999962,12.800000000000022,0.0,0.0,0.0,0.0,,0.0,0.0,0.0,,25547.3,27031.3,1484.0,,25,0.0,87,272.0,87.0,272.0,0,0,0,0,,41.0,,,0.0,,,0.0,,,,,,,,,,,,,,,,,May-2026,205.5999999999999,0.0,48.0,137.0,0.0,0.0,0.0,0.0,2500.0,2390.0,11.624513618677048,
OD09Z-5613 DMC,3892.5,3933.9,41.40000000000009,,,41.40000000000009,0.0,0.0,0.0,0.0,0.0,,0.0,0.0,0.0,,23272.2,23521.0,248.79999999999927,,0,0.0,5,103.0,5.0,103.0,0,0,0,0,,0.0,,,0.0,,,0.0,,,,,,,,,,,,,,,,,May-2026,41.40000000000009,0.0,0.0,98.0,0.0,0.0,0.0,0.0,350.0,350.0,8.454106280193217,
OD09Z-5713 DMC,3898.0,3934.3,36.30000000000018,,,36.30000000000018,0.0,0.0,0.0,0.0,0.0,,0.0,0.0,0.0,,22979.6,23187.0,207.40000000000146,,0,0.0,9,83.0,9.0,83.0,0,0,0,0,,0.0,,,0.0,,,0.0,,,,,,,,,,,,,,,,,May-2026,36.30000000000018,0.0,0.0,74.0,0.0,0.0,0.0,0.0,260.0,260.0,7.162534435261672,
OD09Z-5813 DMC,3838.0,3876.8,38.80000000000018,,,38.80000000000018,0.0,0.0,0.0,0.0,0.0,,0.0,0.0,0.0,,21950.8,22155.4,204.60000000000218,,0,0.0,12,84.0,12.0,84.0,0,0,0,0,,0.0,,,0.0,,,0.0,,,,,,,,,,,,,,,,,May-2026,38.80000000000018,0.0,0.0,72.0,0.0,0.0,0.0,0.0,300.0,300.0,7.731958762886562,
OD09Z-5913 DMC,3957.7,4048.6,90.90000000000009,,,90.90000000000009,0.0,0.0,0.0,0.0,0.0,,0.0,0.0,0.0,,22851.4,23437.6,586.1999999999971,,0,0.0,13,237.0,13.0,237.0,0,0,0,0,,0.0,,,0.0,,,0.0,,,,,,,,,,,,,,,,,May-2026,90.90000000000009,0.0,0.0,224.0,0.0,0.0,0.0,0.0,857.0,857.0,9.427942794279419,
ODO9C5136,534.4,534.4,0.0,,,0.0,0.0,0.0,0.0,0.0,0.0,,0.0,0.0,0.0,,125612.4,125612.4,0.0,,0,0.0,0,0.0,0.0,0.0,0,0,0,0,,0.0,,,0.0,,,0.0,,,,,,,,,,,,,,,,,May-2026,0.0,0.0,0.0,0.0,0.0,0.0,0.0,0.0,100.0,0.0,,
OMC DG (NIGHT USE),0.0,0.0,0.0,,,0.0,0.0,0.0,0.0,0.0,0.0,,0.0,0.0,0.0,,0.0,0.0,0.0,,0,0.0,0,0.0,0.0,0.0,0,0,0,0,,0.0,,,0.0,,,0.0,,,,,,,,,,,,,,,,,May-2026,0.0,0.0,0.0,0.0,0.0,0.0,0.0,0.0,0.0,0.0,,
POWER SCREEN RHS,4506.5,4624.0,117.5,,,0.0,0.0,0.0,0.0,117.50000000000018,0.0,,0.0,0.0,0.0,,100.0,0.0,-100.0,,0,0.0,0,0.0,0.0,0.0,0,0,0,0,,0.0,,,0.0,,,0.0,,,,,,,,,,,,,,,,,May-2026,117.5,0.0,0.0,0.0,0.0,0.0,0.0,0.0,1306.0,1286.0,10.94468085106383,11.114893617021277
TATA LOADER-OD02AY-0516,15507.7,15507.7,0.0,,,0.0,0.0,0.0,0.0,0.0,0.0,,0.0,0.0,0.0,,0.0,0.0,0.0,,0,0.0,0,0.0,0.0,0.0,0,0,0,0,,0.0,,,0.0,,,0.0,,,,,,,,,,,,,,,,,May-2026,0.0,0.0,0.0,0.0,0.0,0.0,0.0,0.0,0.0,0.0,,
VICHELE NO.,,0.0,,,,0.0,0.0,0.0,0.0,0.0,0.0,,0.0,0.0,0.0,,,,,,0,0.0,0,,,,0,0,0,0,,,,,0.0,,,0.0,,,,,,,,,,,,,,,,,May-2026,0.0,0.0,0.0,0.0,0.0,0.0,0.0,0.0,0.0,0.0,,
VOLVO-300(5),2565.9,2665.6,99.69999999999982,,,25.500000000000092,32.1,13.7,14.8,10.6,0.0,,0.0,0.0,0.0,,0.0,0.0,0.0,,198,0.0,0,12.0,0.0,12.0,0,0,0,0,,259.0,,,0.0,,,99.0,,,,,,,,,,,,,,,,,May-2026,99.69999999999982,0.0,0.0,12.0,0.0,99.0,99.0,99.0,1700.0,1624.0,16.288866599799427,
VOLVO-300-7,17782.3,17782.3,0.0,,,0.0,0.0,0.0,0.0,0.0,0.0,,0.0,0.0,0.0,,0.0,0.0,0.0,,0,0.0,0,0.0,0.0,0.0,0,0,0,0,,0.0,,,0.0,,,0.0,,,,,,,,,,,,,,,,,May-2026,0.0,0.0,0.0,0.0,0.0,0.0,0.0,0.0,0.0,0.0,,
VOLVO-380,103.6,203.2,99.6,,,99.6,0.0,0.0,0.0,0.0,0.0,,0.0,0.0,0.0,,0.0,0.0,0.0,,0,0.0,260,784.0,260.0,784.0,0,0,0,0,,24.0,,,0.0,,,25.0,,,,,,,,,,,,,,,,,May-2026,99.6,0.0,252.0,272.0,0.0,25.0,25.0,25.0,2650.0,2750.0,27.610441767068274,
VOLVO-480,1027.5,1113.3,85.79999999999995,,,87.0,3.0,0.0,0.0,0.0,0.0,,0.0,0.0,0.0,,0.0,0.0,0.0,,35,0.0,28,540.0,28.0,540.0,0,0,0,0,,35.0,,,0.0,,,0.0,,,,,,,,,,,,,,,,,May-2026,90.0,0.0,79.0,433.0,0.0,0.0,0.0,0.0,2250.0,2300.0,25.555555555555557,
VOLVO-480 (N),0.0,90.1,90.1,,,74.0,3.2,3.4,0.0,0.0,0.0,,0.0,0.0,0.0,,0.0,0.0,0.0,,0,0.0,263,575.0,263.0,575.0,0,0,0,0,,28.0,,,9.0,,,39.0,,,,,,,,,,,,,,,,,May-2026,80.6,0.0,11.0,301.0,9.0,30.0,39.0,30.0,2790.0,2245.0,27.85359801488834,
WATER PUMP,0.0,0.0,0.0,,,0.0,0.0,0.0,0.0,0.0,0.0,,0.0,0.0,0.0,,0.0,0.0,0.0,,0,0.0,0,0.0,0.0,0.0,0,0,0,0,,0.0,,,0.0,,,0.0,,,,,,,,,,,,,,,,,May-2026,0.0,0.0,0.0,0.0,0.0,0.0,0.0,0.0,30.0,30.0,,
