DATE,NW CRUSHER_CLO TRIPS,NW CRUSHER_CLO MT,NW CRUSHER_FINES                TRIPS,NW CRUSHER_FINES MT,LOKA TRACK CRUSHER_CLO TRIPS,LOKA TRACK CRUSHER_CLO MT,LOKA TRACK CRUSHER_FINES                TRIPS,LOKA TRACK CRUSHER_FINES MT,POWER SCREEN_FINES                TRIPS,POWER SCREEN_FINES MT,CLO_CLO TRIPS,CLO_CLO MT,FINES_FINES                TRIPS,FINES_FINES MT,G.TOTAL DATE WISE_TOTAL TRIP,G.TOTAL DATE WISE_TOTAL MT,G.TOTAL DATE WISE_65+clo,G.TOTAL DATE WISE_62-65% clo,G.TOTAL DATE WISE_60-62 % fines,G.TOTAL DATE WISE_62-65% fines,SOURCE_MONTH,HORRIZON SCREEN PLANT_CLO TRIPS,HORRIZON SCREEN PLANT_CLO MT,HORRIZON SCREEN PLANT_FINES                TRIPS,HORRIZON SCREEN PLANT_FINES MT
2026-04-01,30.0,915.27,0.0,0.0,0.0,0.0,0.0,0.0,0.0,0.0,30,915.27,0,0.0,30,915.27,0.0,91.527,0.0,0.0,April-2026,,,,
2026-04-02,7.0,213.98,0.0,0.0,0.0,0.0,0.0,0.0,0.0,0.0,7,213.98,0,0.0,7,213.98,0.0,213.98,0.0,0.0,April-2026,,,,
2026-04-03,22.0,686.42,0.0,0.0,0.0,0.0,0.0,0.0,0.0,0.0,22,686.42,0,0.0,22,686.42,0.0,0.0,0.0,0.0,April-2026,,,,
2026-04-04,66.0,2025.33,0.0,0.0,18.0,566.89,0.0,0.0,0.0,0.0,84,2592.22,0,0.0,84,2592.22,0.0,0.0,0.0,0.0,April-2026,,,,
2026-04-05,0.0,0.0,0.0,0.0,0.0,0.0,0.0,0.0,0.0,0.0,0,0.0,0,0.0,0,0.0,0.0,0.0,0.0,0.0,April-2026,,,,
2026-04-06,56.0,1705.37,0.0,0.0,10.0,300.42,0.0,0.0,0.0,0.0,66,2005.79,0,0.0,66,2005.79,0.0,0.0,0.0,0.0,April-2026,,,,
2026-04-07,26.0,730.3400000000001,0.0,0.0,11.0,302.3,0.0,0.0,0.0,0.0,37,1032.64,0,0.0,37,1032.64,0.0,0.0,0.0,0.0,April-2026,,,,
2026-04-08,16.0,452.32,0.0,0.0,7.0,203.78,0.0,0.0,0.0,0.0,23,656.1,0,0.0,23,656.1,0.0,0.0,0.0,0.0,April-2026,,,,
2026-04-09,0.0,0.0,0.0,0.0,0.0,0.0,0.0,0.0,0.0,0.0,0,0.0,0,0.0,0,0.0,0.0,0.0,0.0,0.0,April-2026,,,,
2026-04-10,0.0,0.0,30.0,1003.92,0.0,0.0,16.0,516.8,45.0,1420.38,0,0.0,91,2941.1,91,2941.1,0.0,0.0,0.0,0.0,April-2026,,,,
2026-04-11,83.0,2472.62,0.0,0.0,10.0,318.3,0.0,0.0,0.0,0.0,93,2790.92,0,0.0,93,2790.92,0.0,0.0,0.0,0.0,April-2026,,,,
2026-04-12,0.0,0.0,0.0,0.0,0.0,0.0,0.0,0.0,0.0,0.0,0,0.0,0,0.0,0,0.0,0.0,0.0,0.0,0.0,April-2026,,,,
2026-04-13,0.0,0.0,23.0,782.24,0.0,0.0,16.0,542.19,38.0,1227.71,0,0.0,77,2552.1400000000003,77,2552.1400000000003,0.0,0.0,0.0,0.0,April-2026,,,,
2026-04-14,49.0,1510.54,20.0,642.34,16.0,478.06,0.0,0.0,20.0,653.07,65,1988.6,40,1295.41,105,3284.01,0.0,0.0,0.0,0.0,April-2026,,,,
2026-04-15,0.0,0.0,22.0,744.71,0.0,0.0,0.0,0.0,22.0,757.1,0,0.0,44,1501.81,44,1501.81,0.0,0.0,0.0,0.0,April-2026,,,,
2026-04-16,59.0,1761.15,13.0,401.6,10.0,310.79,0.0,0.0,13.0,406.28,69,2071.94,26,807.88,95,2879.82,0.0,0.0,0.0,0.0,April-2026,,,,
2026-04-17,0.0,0.0,25.0,778.44,0.0,0.0,0.0,0.0,25.0,807.1,0,0.0,50,1585.54,50,1585.54,0.0,0.0,0.0,0.0,April-2026,,,,
2026-04-18,22.0,670.0699999999999,33.0,1077.25,0.0,0.0,0.0,0.0,34.0,1112.4,22,670.0699999999999,67,2189.65,89,2859.7200000000003,0.0,0.0,0.0,0.0,April-2026,,,,
2026-04-19,0.0,0.0,0.0,0.0,0.0,0.0,0.0,0.0,0.0,0.0,0,0.0,0,0.0,0,0.0,0.0,0.0,0.0,0.0,April-2026,,,,
2026-04-20,4.0,122.65,0.0,0.0,0.0,0.0,0.0,0.0,0.0,0.0,4,122.65,0,0.0,4,122.65,0.0,0.0,0.0,0.0,April-2026,,,,
2026-04-21,0.0,0.0,0.0,0.0,0.0,0.0,0.0,0.0,0.0,0.0,0,0.0,0,0.0,0,0.0,0.0,0.0,0.0,0.0,April-2026,,,,
2026-04-22,0.0,0.0,22.0,748.12,0.0,0.0,19.0,643.06,21.0,713.78,0,0.0,62,2104.96,62,2104.96,0.0,0.0,0.0,0.0,April-2026,,,,
2026-04-23,36.0,1121.32,19.0,644.34,26.0,825.3,31.0,1062.02,19.0,647.67,62,1946.62,69,2354.03,131,4300.65,0.0,0.0,0.0,0.0,April-2026,,,,
2026-04-24,0.0,0.0,64.0,2078.75,0.0,0.0,0.0,0.0,64.0,2173.94,0,0.0,128,4252.6900000000005,128,4252.6900000000005,0.0,0.0,0.0,0.0,April-2026,,,,
2026-04-25,53.0,1796.51,35.0,1086.63,5.0,170.97,0.0,0.0,27.0,898.18,58,1967.48,62,1984.81,120,3952.29,0.0,0.0,0.0,0.0,April-2026,,,,
2026-04-26,0.0,0.0,0.0,0.0,0.0,0.0,0.0,0.0,0.0,0.0,0,0.0,0,0.0,0,0.0,0.0,0.0,0.0,0.0,April-2026,,,,
2026-04-27,0.0,0.0,34.0,1099.51,0.0,0.0,0.0,0.0,20.0,634.52,0,0.0,54,1734.03,54,1734.03,0.0,0.0,0.0,0.0,April-2026,,,,
2026-04-28,59.0,1772.67,34.0,1172.76,0.0,0.0,0.0,0.0,25.0,758.28,59,1772.67,59,1931.04,118,3703.71,0.0,0.0,0.0,0.0,April-2026,,,,
2026-04-29,0.0,0.0,41.0,1428.15,0.0,0.0,0.0,0.0,41.0,1379.97,0,0.0,82,2808.12,82,2808.12,0.0,0.0,0.0,0.0,April-2026,,,,
2026-04-30,28.0,943.99,38.0,1248.41,0.0,0.0,0.0,0.0,37.0,1289.47,28,943.99,75,2537.88,103,3481.87,0.0,0.0,0.0,0.0,April-2026,,,,
2026-05-01,0.0,0.0,0.0,0.0,0.0,0.0,0.0,0.0,0.0,0.0,0,0.0,0,0.0,0,0.0,,,,,May-2026,,,,
2026-05-02,31.0,1019.1,0.0,0.0,0.0,0.0,0.0,0.0,0.0,0.0,31,1019.1,0,0.0,31,1019.1,,,,,May-2026,,,,
2026-05-03,0.0,0.0,0.0,0.0,0.0,0.0,0.0,0.0,0.0,0.0,0,0.0,0,0.0,0,0.0,,,,,May-2026,,,,
2026-05-04,43.0,1401.48,7.0,248.19,0.0,0.0,0.0,0.0,9.0,295.73,43,1401.48,16,543.9200000000001,59,1945.4,,,,,May-2026,,,,
2026-05-05,0.0,0.0,0.0,0.0,0.0,0.0,0.0,0.0,0.0,0.0,0,0.0,0,0.0,0,0.0,,,,,May-2026,,,,
2026-05-06,0.0,0.0,0.0,0.0,0.0,0.0,0.0,0.0,0.0,0.0,0,0.0,0,0.0,0,0.0,,,,,May-2026,,,,
2026-05-07,79.0,2347.75,5.0,152.13,0.0,0.0,0.0,0.0,5.0,161.54,79,2347.75,10,313.66999999999996,89,2661.42,,,,,May-2026,,,,
2026-05-08,0.0,0.0,41.0,1314.44,0.0,0.0,0.0,0.0,40.0,1307.37,0,0.0,81,2621.81,81,2621.81,,,,,May-2026,,,,
2026-05-09,0.0,0.0,0.0,0.0,0.0,0.0,0.0,0.0,0.0,0.0,0,0.0,0,0.0,0,0.0,,,,,May-2026,,,,
2026-05-10,0.0,0.0,0.0,0.0,0.0,0.0,0.0,0.0,0.0,0.0,0,0.0,0,0.0,0,0.0,,,,,May-2026,,,,
2026-05-11,112.0,3437.84,0.0,0.0,0.0,0.0,0.0,0.0,0.0,0.0,112,3437.84,0,0.0,112,3437.84,,,,,May-2026,,,,
2026-05-12,0.0,0.0,0.0,0.0,0.0,0.0,0.0,0.0,0.0,0.0,0,0.0,0,0.0,0,0.0,,,,,May-2026,,,,
2026-05-13,0.0,0.0,95.0,3061.49,0.0,0.0,0.0,0.0,54.0,1712.81,0,0.0,149,4774.299999999999,149,4774.299999999999,,,,,May-2026,,,,
2026-05-14,79.0,2443.62,45.0,1459.47,0.0,0.0,0.0,0.0,36.0,1161.34,79,2443.62,81,2620.81,160,5064.43,,,,,May-2026,,,,
2026-05-15,29.0,910.08,50.0,1571.18,0.0,0.0,0.0,0.0,38.0,1265.7,29,910.08,88,2836.88,117,3746.96,,,,,May-2026,,,,
2026-05-16,0.0,0.0,41.0,1347.45,0.0,0.0,0.0,0.0,35.0,1305.74,0,0.0,76,2653.19,76,2653.19,,,,,May-2026,,,,
2026-05-17,0.0,0.0,0.0,0.0,0.0,0.0,0.0,0.0,0.0,0.0,0,0.0,0,0.0,0,0.0,,,,,May-2026,,,,
2026-05-18,75.0,2239.19,12.0,413.17,0.0,0.0,0.0,0.0,10.0,335.46,75,2239.19,22,748.63,97,2987.82,,,,,May-2026,,,,
2026-05-19,0.0,0.0,40.0,1238.92,0.0,0.0,0.0,0.0,34.0,1117.07,0,0.0,74,2355.99,74,2355.99,,,,,May-2026,,,,
2026-05-20,0.0,0.0,0.0,0.0,0.0,0.0,0.0,0.0,0.0,0.0,0,0.0,0,0.0,0,0.0,,,,,May-2026,,,,
2026-05-21,96.0,2942.36,0.0,0.0,0.0,0.0,0.0,0.0,0.0,0.0,96,2942.36,0,0.0,96,2942.36,,,,,May-2026,,,,
2026-05-22,0.0,0.0,0.0,0.0,0.0,0.0,0.0,0.0,52.0,1884.27,0,0.0,52,1884.27,52,1884.27,,,,,May-2026,,,,
2026-05-23,0.0,0.0,0.0,0.0,0.0,0.0,0.0,0.0,20.0,701.22,0,0.0,20,701.22,20,701.22,,,,,May-2026,,,,
2026-05-24,0.0,0.0,0.0,0.0,0.0,0.0,0.0,0.0,0.0,0.0,0,0.0,0,0.0,0,0.0,,,,,May-2026,,,,
2026-05-25,33.0,1027.75,0.0,0.0,0.0,0.0,0.0,0.0,0.0,0.0,33,1027.75,0,0.0,33,1027.75,,,,,May-2026,,,,
2026-05-26,0.0,0.0,40.0,1437.02,0.0,0.0,0.0,0.0,63.0,2242.75,0,0.0,103,3679.77,103,3679.77,,,,,May-2026,,,,
2026-05-27,0.0,0.0,0.0,0.0,0.0,0.0,0.0,0.0,0.0,0.0,0,0.0,0,0.0,0,0.0,,,,,May-2026,,,,
2026-05-28,65.0,1955.08,0.0,0.0,0.0,0.0,0.0,0.0,0.0,0.0,65,1955.08,0,0.0,65,1955.08,,,,,May-2026,,,,
2026-05-29,35.0,1040.76,15.0,541.85,0.0,0.0,0.0,0.0,18.0,654.44,35,1040.76,33,1196.29,68,2237.05,,,,,May-2026,,,,
2026-05-30,0.0,0.0,0.0,0.0,0.0,0.0,0.0,0.0,0.0,0.0,0,0.0,0,0.0,0,0.0,,,,,May-2026,,,,
2026-05-31,0.0,0.0,0.0,0.0,0.0,0.0,0.0,0.0,0.0,0.0,0,0.0,0,0.0,0,0.0,,,,,May-2026,,,,
2026-06-01,0.0,0.0,0.0,0.0,0.0,0.0,0.0,0.0,0.0,0.0,0,0.0,0,0.0,0,0.0,,,,,June-2026,0.0,0.0,0.0,0.0
2026-06-02,68.0,2017.26,0.0,0.0,0.0,0.0,0.0,0.0,0.0,0.0,68,2017.26,0,0.0,68,2017.26,,,,,June-2026,0.0,0.0,0.0,0.0
2026-06-03,0.0,0.0,41.0,1467.01,0.0,0.0,0.0,0.0,41.0,1435.37,0,0.0,82,2902.38,82,2902.38,,,,,June-2026,0.0,0.0,0.0,0.0
2026-06-04,0.0,0.0,0.0,0.0,0.0,0.0,0.0,0.0,0.0,0.0,0,0.0,0,0.0,0,0.0,,,,,June-2026,0.0,0.0,0.0,0.0
2026-06-05,0.0,0.0,25.0,919.7300000000002,0.0,0.0,0.0,0.0,40.0,1447.59,0,0.0,65,2367.32,65,2367.32,,,,,June-2026,0.0,0.0,0.0,0.0
2026-06-06,0.0,0.0,0.0,0.0,0.0,0.0,0.0,0.0,0.0,0.0,0,0.0,0,0.0,0,0.0,,,,,June-2026,0.0,0.0,0.0,0.0
2026-06-07,0.0,0.0,0.0,0.0,0.0,0.0,0.0,0.0,0.0,0.0,0,0.0,0,0.0,0,0.0,,,,,June-2026,0.0,0.0,0.0,0.0
2026-06-08,0.0,0.0,0.0,0.0,0.0,0.0,0.0,0.0,0.0,0.0,0,0.0,0,0.0,0,0.0,,,,,June-2026,0.0,0.0,0.0,0.0
2026-06-09,111.0,3570.18,0.0,0.0,0.0,0.0,0.0,0.0,0.0,0.0,111,3570.18,0,0.0,111,3570.18,,,,,June-2026,0.0,0.0,0.0,0.0
2026-06-10,46.0,1431.16,25.0,838.41,0.0,0.0,0.0,0.0,42.0,1422.76,46,1431.16,67,2261.17,113,3692.33,,,,,June-2026,0.0,0.0,0.0,0.0
2026-06-11,0.0,0.0,98.0,3277.44,0.0,0.0,0.0,0.0,0.0,0.0,0,0.0,98,3277.44,98,3277.44,,,,,June-2026,0.0,0.0,0.0,0.0
2026-06-12,67.0,2056.64,59.0,2026.25,0.0,0.0,0.0,0.0,0.0,0.0,67,2056.64,59,2026.25,126,4082.89,,,,,June-2026,0.0,0.0,0.0,0.0
2026-06-13,39.0,1158.34,20.0,654.83,0.0,0.0,0.0,0.0,40.0,1379.79,39,1158.34,60,2034.62,99,3192.96,,,,,June-2026,0.0,0.0,0.0,0.0
2026-06-14,0.0,0.0,0.0,0.0,0.0,0.0,0.0,0.0,0.0,0.0,0,0.0,0,0.0,0,0.0,,,,,June-2026,0.0,0.0,0.0,0.0
2026-06-15,0.0,0.0,0.0,0.0,0.0,0.0,0.0,0.0,0.0,0.0,0,0.0,0,0.0,0,0.0,,,,,June-2026,0.0,0.0,0.0,0.0
2026-06-16,32.0,1005.44,0.0,0.0,0.0,0.0,0.0,0.0,0.0,0.0,32,1005.44,0,0.0,32,1005.44,,,,,June-2026,0.0,0.0,0.0,0.0
2026-06-17,50.0,1661.77,8.0,273.05,0.0,0.0,0.0,0.0,17.0,591.02,50,1661.77,25,864.0699999999999,75,2525.84,,,,,June-2026,0.0,0.0,0.0,0.0
2026-06-18,31.0,1034.8,0.0,0.0,0.0,0.0,0.0,0.0,0.0,0.0,37,1227.8899999999999,0,0.0,37,1227.8899999999999,,,,,June-2026,6.0,193.09,0.0,0.0
2026-06-19,0.0,0.0,0.0,0.0,0.0,0.0,0.0,0.0,0.0,0.0,0,0.0,0,0.0,0,0.0,,,,,June-2026,0.0,0.0,0.0,0.0
2026-06-20,0.0,0.0,4.0,142.45,0.0,0.0,0.0,0.0,12.0,434.46,0,0.0,16,576.91,16,576.91,,,,,June-2026,0.0,0.0,0.0,0.0
2026-06-21,0.0,0.0,0.0,0.0,0.0,0.0,0.0,0.0,0.0,0.0,0,0.0,0,0.0,0,0.0,,,,,June-2026,0.0,0.0,0.0,0.0
2026-06-22,0.0,0.0,20.0,726.83,0.0,0.0,0.0,0.0,39.0,1418.85,0,0.0,59,2145.68,59,2145.68,,,,,June-2026,0.0,0.0,0.0,0.0
2026-06-23,56.0,1850.6,0.0,0.0,0.0,0.0,0.0,0.0,0.0,0.0,56,1850.6,0,0.0,56,1850.6,,,,,June-2026,0.0,0.0,0.0,0.0
2026-06-24,25.0,824.53,0.0,0.0,0.0,0.0,0.0,0.0,0.0,0.0,40,1324.45,0,0.0,40,1324.45,,,,,June-2026,15.0,499.92,0.0,0.0
2026-06-25,15.0,509.1,0.0,0.0,11.0,381.8,0.0,0.0,0.0,0.0,32,1092.99,0,0.0,32,1092.99,,,,,June-2026,6.0,202.09,0.0,0.0
2026-06-26,2.0,63.22,18.0,676.01,34.0,1089.06,0.0,0.0,23.0,849.02,36,1152.28,41,1525.03,77,2677.31,,,,,June-2026,0.0,0.0,0.0,0.0
2026-06-27,0.0,0.0,0.0,0.0,0.0,0.0,0.0,0.0,0.0,0.0,0,0.0,0,0.0,0,0.0,,,,,June-2026,0.0,0.0,0.0,0.0
2026-06-28,0.0,0.0,0.0,0.0,0.0,0.0,0.0,0.0,0.0,0.0,0,0.0,0,0.0,0,0.0,,,,,June-2026,0.0,0.0,0.0,0.0
2026-06-29,0.0,0.0,47.0,1757.42,0.0,0.0,0.0,0.0,93.0,3313.48,0,0.0,140,5070.9,140,5070.9,,,,,June-2026,0.0,0.0,0.0,0.0
2026-06-30,37.0,1164.36,0.0,0.0,18.0,574.91,0.0,0.0,0.0,0.0,63,1983.24,0,0.0,63,1983.24,,,,,June-2026,8.0,243.97,0.0,0.0
2026-07-01,0.0,0.0,0.0,0.0,0.0,0.0,0.0,0.0,0.0,0.0,0,0.0,0,0.0,0,0.0,,,,,June-2026,0.0,0.0,0.0,0.0
