SL_NO,DRIVER_NAME,VEHICLE_NO,TOTAL_TRIP,NO_OF_25_TRIPS_PER_DAY,TRIP_25_EQ_50_RUPEES,MONTH
1,SANJAY SINGH BISHT,VOLVO-300(5),287.0,8,400.0,April-2026
2,MUKHTIAR SINGH,VOLVO-300(5),275.0,7,350.0,April-2026
3,PARMJEET SINGH,VOLVO-300(5),331.0,9,450.0,April-2026
4,LAL MOHAN SINGH,VOLVO-300(5),305.0,9,450.0,April-2026
5,ANIL RAM,VOLVO-300(5),295.0,6,300.0,April-2026
6,SUNIL KUMAR SINGH,JH06H-6198 D.TANKER,306.0,6,300.0,April-2026
7,DES RAJ,VOLVO-300(5),294.0,8,400.0,April-2026
8,BIDYADHAR ARUK,VOLVO-300(5),298.0,11,550.0,April-2026
9,BALVINDAR SINGH,VOLVO-300(5),303.0,4,200.0,April-2026
10,PRAKASH MAHANTA,VOLVO-300(5),264.0,8,400.0,April-2026
11,JAYDHAN DAS,VOLVO-300(5),336.0,11,550.0,April-2026
12,CHAMBURU MUNDARI,OD09C-5609 JCB,336.0,11,550.0,April-2026
13,SUNDAR MOHAN BESHRA,VOLVO-300(5),312.0,9,450.0,April-2026
14,RALEYA MUNDA,VOLVO-300(5),258.0,3,150.0,April-2026
15,AMAN GOPE,VOLVO-300(5),353.0,8,400.0,April-2026
16,RAJENDRA PURTY,VOLVO-300(5),341.0,10,500.0,April-2026
17,SUKHLAL SIRKA,VOLVO-300(5),349.0,9,450.0,April-2026
18,BAGAR SINGH SINKU,VOLVO-300(5),296.0,8,400.0,April-2026
19,,JH06H-3742,978.0,32,1600.0,April-2026
20,,JH06H-3742,978.0,32,1600.0,April-2026
21,,JH06H-3742,978.0,32,1600.0,April-2026
1,SANJAY SINGH BISHT,VOLVO-300(5),343.0,12,600.0,May-2026
2,MUKHTIAR SINGH,VOLVO-300(5),275.0,6,300.0,May-2026
3,PARMJEET SINGH,VOLVO-300(5),335.0,8,400.0,May-2026
4,LAL MOHAN SINGH,VOLVO-300(5),293.0,8,400.0,May-2026
5,ANIL RAM,JH06H-6198 D.TANKER,273.0,8,400.0,May-2026
6,SUNIL KUMAR SINGH,VOLVO-300(5),296.0,4,200.0,May-2026
7,DES RAJ,VOLVO-300(5),313.0,9,450.0,May-2026
8,BIDYADHAR ARUK,VOLVO-300(5),332.0,9,450.0,May-2026
9,BALVINDAR SINGH,VOLVO-300(5),374.0,12,600.0,May-2026
10,PRAKASH MAHANTA,VOLVO-300(5),265.0,7,350.0,May-2026
11,JAYDHAN DAS,VOLVO-300(5),357.0,13,650.0,May-2026
12,CHAMBURU MUNDARI,VOLVO-300(5),330.0,9,450.0,May-2026
13,SUNDAR MOHAN BESHRA,VOLVO-300(5),285.0,4,200.0,May-2026
14,RALEYA MUNDA,VOLVO-300(5),321.0,8,400.0,May-2026
15,AMAN GOPE,VOLVO-300(5),275.0,8,400.0,May-2026
16,RAJENDRA PURTY,VOLVO-300(5),357.0,13,650.0,May-2026
17,SUKHLAL SIRKA,OD09C-5609 JCB,332.0,9,450.0,May-2026
18,BAGAR SINGH SINKU,JH06H-6198 D.TANKER,292.0,6,300.0,May-2026
19,,JH06H-3742,890.0,22,1100.0,May-2026
20,,JH06H-3742,890.0,22,1100.0,May-2026
21,,JH06H-3742,890.0,22,1100.0,May-2026
1,SANJAY SINGH BISHT,VOLVO-300(5),315.0,7,350.0,June-2026
2,MUKHTIAR SINGH,VOLVO-300(5),324.0,10,500.0,June-2026
3,PARMJEET SINGH,VOLVO-300(5),297.0,9,450.0,June-2026
4,LAL MOHAN SINGH,VOLVO-300(5),238.0,6,300.0,June-2026
5,ANIL RAM,JH06H-6198 D.TANKER,284.0,8,400.0,June-2026
6,SUNIL KUMAR SINGH,VOLVO-300(5),344.0,12,600.0,June-2026
7,DES RAJ,VOLVO-300(5),335.0,7,350.0,June-2026
8,BIDYADHAR ARUK,OD09C-5609 JCB,343.0,10,500.0,June-2026
9,BALVINDAR SINGH,VOLVO-300(5),375.0,10,500.0,June-2026
10,PRAKASH MAHANTA,VOLVO-300(5),318.0,10,500.0,June-2026
11,JAYDHAN DAS,VOLVO-300(5),326.0,9,450.0,June-2026
12,CHAMBURU MUNDARI,OD09C-5609 JCB,344.0,11,550.0,June-2026
13,SUNDAR MOHAN BESHRA,VOLVO-300(5),348.0,12,600.0,June-2026
14,RALEYA MUNDA,VOLVO-300(5),295.0,11,550.0,June-2026
15,AMAN GOPE,VOLVO-300(5),293.0,8,400.0,June-2026
16,RAJENDRA PURTY,VOLVO-300(5),333.0,12,600.0,June-2026
17,SUKHLAL SIRKA,VOLVO-300(5),298.0,8,400.0,June-2026
18,BAGAR SINGH SINKU,VOLVO-300(5),315.0,7,350.0,June-2026
19,,VOLVO-300(5),950.0,24,1200.0,June-2026
20,,VOLVO-300(5),950.0,24,1200.0,June-2026
21,,VOLVO-300(5),950.0,24,1200.0,June-2026
