DATE,ROM TRIPS,Blue Dust TRIPS,OB TRIPS,SUBGRADE TRIPS,TOTAL TRIPS,ROM MT,Blue Dust MT,OB MT,SUBGRADE MT,TOTAL MT,Cu.M,Excavator USE,Excavator Total Rhs,NO OF TIPPER USE,Tipper RHS,REHANDLING RHS,SHIFTING RHS,DMCS EXCAVATOR RHS,Trips DMCS,DMS TIPPER RHS,DMCS CONSUMPION,MINING RHS TIPPER,Excavator RHS,Loader Hrs,USE TIPPER NO.,Trips,MT,HSD CONSUMPTION,Excavator RHS_1,Loader RHS,USE TIPPER NO._1,TRIPS,MT_1,HSD CONSUMPTION_1,UES NO.,RHS,HOLE,METER,HARD MTRS,BHQ,NORMAL MTRS,HSD CONSUMPTION_2,USE EQUIP.,EQUP. CONSUMPTION,DG HSD CONSUMPTION,DG-RHS,EQUIPMENT RHS,FEEDER RHS,JAW RHS,CONE RHS,MT_2,CLO,FINES,JAW,CON,MT_3,CLO_1,fines,USE Equipment,EQUIPMENT RHS_1,EQUIP.HSD CONSUMTION,LT HSD CONSUMTION,TOTAL CONSUMPTION,FEEDER HRS,JAW RHS_1,CONE RHS_1,NW & LOKO TRACK MT,TOTAL EQ.RHS,EQUIPMENT CONSUPTION,DG / LT  HSD Consuption,TOTAL EQ.CONSUMPTION,RHS_1,MT_4,USE EQUIP._1,EQUIPMENT RHS_2,EQUIP.HSD CONSUMTION_1,SCREEN HSD CONSUMTION,TOTAL  CONSUMTION,Mining Issue,Crusher Issue,Drill issue,Other Issue,shifting,REHANDLING,LOKA TRACK,POWER SCREEN,DMCS ISSUE,TOTAL ISSUE,Received HSD,OB,RECD,TOTAL,ISSUE,CB,TOTAL CONSUMPTION_1,SHIFTING CON,REHANDLING_1,CRUSHER,LOKA TRACK_1,POWER SCREEN_1,DMCS CON,DRILL,MINING,TOTAL MINING CONSUMPTION(DMCS+DRILL+BSM),TANKER BALANCE,mines consu.,CRUSHER CONS,DATE_1,OB TRIPS_1,OB MT_1,ROM TRIPS_1,ROM MT_1,TOTAL TRIPS_1,TOTAL MT_1,SOURCE_MONTH,RHS_2,MT_5,USE EQUIP._2,EQUIPMENT RHS_3,EQUIP.HSD CONSUMTION_2,SCREEN HSD CONSUMTION_1,TOTAL  CONSUMTION_1,HORRIZON,DMS ISSUE,HORRIZON_1,COL_117,JWMM,Equipment stock,HORRIZON SCREEN ONLY ISSUE,Taken hsd
2026-04-01,31.0,0.0,194.0,,225,930,0,5820,0,6750,2500,3.0,22.1,23.0,136.53,19.0,14.4,8.9,65.0,27.0,100.0,103.13,0.0,6.2,3.0,30.0,915.27,200.0,6.2,2.7,8.0,47.0,1363.0,330.0,3.0,12.4,38.0,212.5,0.0,212.5,0.0,414.0,2.0,178.0,52.0,1.73,11.1,6.92,7.0,7.0,1200.0,600.0,600,3.0,5.0,150.0,80.0,70.0,1.0,3.1,25.0,110.0,135,9.92,10,12.0,1350,14.2,203.0,162,365,0.0,0.0,0.0,0.0,0.0,0.0,0,1774.0,27.0,414,189.0,200,330,0.0,0.0,100,3034.0,3000.0,1496,3000.0,4496.0,3034.0,1462,2869.0,200,330,230,135,0,100,414,1460.0,1974.0,8348.0,1874.0,365,,194.0,5820.0,31.0,930.0,225.0,6750.0,April-2026,,,,,,,,,,,,,,,
2026-04-02,40.0,2.0,109.0,,151,1200,60,3270,0,4530,1678,4.0,19.7,19.0,101.45,44.95,8.75,9.2,77.0,32.7,843.0,47.75,0.0,2.6,3.0,7.0,213.98,100.0,10.9,0.0,8.0,111.0,3219.0,570.0,3.0,14.4,61.0,224.0,0.0,224.0,0.0,738.0,2.0,254.0,296.0,8.07,17.3,10.29,10.0,11.0,1500.0,750.0,750,8.0,7.0,200.0,100.0,100.0,1.0,8.1,82.0,350.0,432,18.29,18,18.0,1700,25.4,336.0,646,982,,,,,,,0,608.0,452.0,738,110.0,100,570,102.0,0.0,843,3523.0,3000.0,1462,3000.0,4462.0,3523.0,939,4429.0,100,570,550,432,0,843,738,1196.0,2777.0,,1934.0,982,,109.0,3270.0,42.0,1260.0,151.0,4530.0,April-2026,,,,,,,,,,,,,,,
2026-04-03,65.0,32.0,99.0,,196,1950,960,2970,0,5880,2178,3.0,24.0,24.0,142.1,25.95,8.15,9.5,67.0,31.3,376.0,107.99999999999999,0.0,3.4,3.0,22.0,686.42,95.0,7.0,1.0,7.0,66.0,1914.0,355.0,3.0,14.0,51.0,274.6,0.0,274.6,0.0,575.0,1.0,199.0,60.0,2.13,13.3,9.57,11.0,11.0,1400.0,700.0,700,6.0,4.9,450.0,200.0,250.0,2.0,6.2,44.0,252.0,296,15.57,17,15.9,1850,19.5,243.0,312,555,,,,,,,0,1605.0,614.0,575,105.0,95,355,400.0,0.0,376,4125.0,3500.0,939,3500.0,4439.0,4125.0,314,3619.0,95,355,259,296,0,376,575,1663.0,2614.0,,2238.0,555,,99.0,2970.0,97.0,2910.0,196.0,5880.0,April-2026,,,,,,,,,,,,,,,
2026-04-04,15.0,30.0,54.0,,99,450,900,1620,0,2970,1100,3.0,12.5,23.0,130.15,31.1,27.65,9.4,91.0,37.4,636.0,71.4,4.3,7.2,7.0,84.0,2592.22,345.0,7.4,0.0,11.0,97.0,2813.0,190.0,3.0,13.4,48.0,230.4,0.0,230.4,0.0,515.0,5.0,723.0,103.0,1.92,33.2,10.91,12.0,12.0,1600.0,800.0,800,7.0,3.8,200.0,100.0,100.0,1.0,2.9,20.0,0.0,20,17.91,19,15.8,1800,36.1,743.0,103,846,,,,,,,0,1165.0,627.0,515,283.0,345,190,0.0,0.0,636,3761.0,4000.0,314,4000.0,4314.0,3761.0,553,3596.0,345,190,826,20,0,636,515,1064.0,2215.0,,1579.0,846,,54.0,1620.0,45.0,1350.0,99.0,2970.0,April-2026,,,,,,,,,,,,,,,
2026-04-05,,,,,0,0,0,0,0,0,0,,,,,9.2,0.0,,,,,9.2,,,,,,,0.0,8.6,2.0,29.0,841.0,136.0,0.0,0.0,0.0,0.0,0.0,0.0,0.0,0.0,3.0,245.0,141.0,4.09,15.8,6.0,7.0,7.0,900.0,360.0,540,4.0,4.0,240.0,150.0,90.0,1.0,4.1,70.0,123.0,193,10.0,11,11.0,1140,19.9,315.0,264,579,,,,,,,0,0.0,190.0,0,,0,136,200.0,,0,526.0,800.0,553,800.0,1353.0,526.0,827,715.0,0,136,386,193,0,0,0,0.0,0.0,,0.0,579,,0.0,0.0,0.0,0.0,0.0,0.0,April-2026,,,,,,,,,,,,,,,
2026-04-06,,6.0,89.0,,95,0,180,2670,0,2850,1056,2.0,11.8,21.0,115.9,29.1,27.35,8.4,82.0,29.1,800.0,59.45000000000001,0.0,9.4,5.0,66.0,2005.79,370.0,8.4,1.4,6.0,87.0,3015.0,180.0,2.0,8.7,30.0,124.8,0.0,124.8,0.0,526.0,2.0,160.0,7.0,0.65,9.4,7.21,7.0,7.0,1200.0,600.0,600,8.0,7.8,400.0,200.0,200.0,2.0,9.1,53.0,217.0,270,15.21,15,14.8,1600,18.5,213.0,224,437,5.9,500.0,2.0,10.3,130.0,67.0,197,894.0,316.0,526,203.0,370,180,382.0,155.0,800,3826.0,3000.0,827,3000.0,3827.0,3826.0,1,3610.0,370,180,167,270,197,800,526,1100.0,2426.0,,1626.0,634,,89.0,2670.0,6.0,180.0,95.0,2850.0,April-2026,,,,,,,,,,,,,,,
2026-04-07,,18.0,79.0,,97,0,540,2370,0,2910,1078,2.0,13.8,22.0,111.95,5.0,18.9,8.7,64.0,24.5,524.0,88.05000000000001,2.8,5.0,4.0,37.0,1032.64,200.0,10.7,2.2,4.0,87.0,2907.0,350.0,3.0,17.6,58.0,298.7,0.0,298.7,0.0,772.0,2.0,197.0,37.0,0.37,14.7,10.71,12.0,12.0,1400.0,700.0,700,9.0,10.2,500.0,250.0,250.0,2.0,11.2,126.0,370.0,496,19.71,21,22.2,1900,25.9,323.0,407,730,1.3,100.0,1.0,2.0,22.0,14.0,36,993.0,355.0,772,147.0,200,350,194.0,0.0,524,3535.0,5000.0,1,5000.0,5001.0,3535.0,1466,3708.0,200,350,234,496,36,524,772,1096.0,2392.0,,1868.0,766,,79.0,2370.0,18.0,540.0,97.0,2910.0,April-2026,,,,,,,,,,,,,,,
2026-04-08,,,64.0,,64,0,0,1920,0,1920,712,1.0,7.0,18.0,93.8,44.3,17.7,9.1,98.0,33.5,224.0,31.8,2.0,2.5,4.0,23.0,656.1,160.0,14.5,1.7,12.0,136.0,4532.0,450.0,1.0,3.2,7.0,47.6,0.0,47.6,0.0,440.0,3.0,369.0,15.0,0.71,24.7,7.1,7.0,7.0,1000.0,500.0,500,10.0,9.0,400.0,200.0,200.0,2.0,10.1,154.0,451.0,605,17.1,17,16.0,1400,34.8,523.0,466,989,0.0,0.0,0.0,0.0,0.0,0.0,0,0.0,244.0,440,0.0,160,450,671.0,0.0,224,2189.0,4724.0,1466,4724.0,6190.0,2189.0,4001,2623.0,160,450,384,605,0,224,440,360.0,1024.0,,800.0,989,,64.0,1920.0,0.0,0.0,64.0,1920.0,April-2026,,,,,,,,,,,,,,,
2026-04-09,,9.0,137.0,,146,0,270,4110,0,4380,1623,2.0,18.2,14.0,81.35,9.35,0.0,9.2,61.0,31.7,1040.0,72.0,0.0,0.0,0.0,0.0,0.0,0.0,5.8,0.0,3.0,29.0,841.0,110.0,2.0,9.0,27.0,183.5,0.0,183.5,0.0,178.0,3.0,419.0,67.0,2.3,29.1,8.23,9.0,9.0,1000.0,500.0,500,2.0,2.0,150.0,80.0,70.0,1.0,2.9,17.0,65.0,82,10.23,11,11.0,1150,32.0,436.0,132,568,6.0,500.0,1.0,8.4,90.0,66.0,156,566.0,458.0,178,100.0,0,110,0.0,0.0,1040,2452.0,0.0,4001,0.0,4001.0,2452.0,1549,2755.0,0,110,486,82,156,1040,178,703.0,1921.0,,881.0,724,,137.0,4110.0,9.0,270.0,146.0,4380.0,April-2026,,,,,,,,,,,,,,,
2026-04-10,,9.0,171.0,,180,0,270,5130,0,5400,2000,2.0,19.1,23.0,141.1,11.85,34.25,9.6,69.0,32.1,380.0,95.0,10.0,3.4,7.0,91.0,2941.1000000000004,390.0,5.7,0.0,10.0,36.0,1044.0,150.0,2.0,10.6,34.0,203.8,0.0,203.8,0.0,481.0,3.0,244.0,74.0,2.18,16.4,10.08,11.0,11.0,1400.0,700.0,700,9.0,6.0,500.0,250.0,250.0,1.0,6.7,105.0,200.0,305,19.08,20,17.0,1900,23.099999999999998,349.0,274,623,6.0,500.0,1.0,7.2,76.0,66.0,142,1626.0,171.0,481,90.0,390,150,0.0,260.0,380,3548.0,2000.0,1549,2000.0,3549.0,3548.0,1,2826.0,390,150,318,305,142,380,481,660.0,1521.0,,1141.0,765,,171.0,5130.0,9.0,270.0,180.0,5400.0,April-2026,,,,,,,,,,,,,,,
2026-04-11,,1.0,108.0,,109,0,30,3240,0,3270,1212,2.0,15.4,24.0,130.3,47.8,34.5,7.4,49.0,20.3,258.0,48.000000000000014,7.3,3.8,7.0,93.0,2790.92,360.0,13.3,0.0,12.0,131.0,3799.0,495.0,2.0,8.6,22.0,128.6,0.0,128.6,0.0,124.0,4.0,481.0,7.0,0.68,29.4,10.38,11.0,12.0,1400.0,700.0,700,1.0,1.1,120.0,60.0,60.0,1.0,3.2,34.0,48.0,82,11.38,12,13.1,1520,32.6,515.0,55,570,5.2,400.0,1.0,8.1,85.0,55.0,140,2.0,512.0,124,91.0,360,495,0.0,110.0,258,1952.0,3000.0,1,3000.0,3001.0,1952.0,1049,2981.0,360,495,488,82,140,258,124,1034.0,1416.0,,1158.0,710,,108.0,3240.0,1.0,30.0,109.0,3270.0,April-2026,,,,,,,,,,,,,,,
2026-04-12,,,,,0,0,0,0,0,0,0,,,,,9.8,0.0,,,,,9.8,,,,,0.0,,2.7,1.5,2.0,32.0,928.0,140.0,,,,,,,0.0,,4.0,242.0,0.0,0.0,14.4,0.0,0.0,0.0,0.0,0.0,0,0.0,0.0,0.0,0.0,0.0,0.0,0.0,0.0,0.0,0,0.0,0,0.0,0,14.4,242.0,0,242,,,,,,,0,60.0,231.0,0,50.0,0,140,0.0,0.0,0,481.0,0.0,1049,0.0,1049.0,481.0,568,391.0,0,140,242,0,0,0,0,9.0,9.0,,9.0,242,,0.0,0.0,0.0,0.0,0.0,0.0,April-2026,,,,,,,,,,,,,,,
2026-04-13,,,136.0,,136,0,0,4080,0,4080,1512,3.0,23.9,20.0,133.58,37.75,33.7,8.9,68.0,23.6,382.0,62.13000000000001,5.9,6.1,6.0,77.0,2552.14,390.0,10.4,0.0,8.0,120.0,3480.0,425.0,2.0,11.0,18.0,145.7,0.0,145.7,0.0,418.0,3.0,392.0,0.0,0.0,26.5,8.22,9.0,9.0,1000.0,500.0,500,11.0,9.3,500.0,250.0,250.0,1.0,8.7,105.0,362.0,467,19.22,20,18.3,1500,35.2,497.0,362,859,6.1,500.0,1.0,9.0,100.0,66.0,166,576.0,481.0,418,286.0,390,425,700.0,100.0,382,3758.0,4000.0,568,4000.0,4568.0,3758.0,810,3585.0,390,425,392,467,166,382,418,945.0,1745.0,7576.0,1363.0,1025,,136.0,4080.0,0.0,0.0,136.0,4080.0,April-2026,,,,,,,,,,,,,,,
2026-04-14,,,147.0,,147,0,0,4410,0,4410,1634,2.0,19.0,21.0,158.57,38.55,48.87,9.5,70.0,26.8,513.0,71.15,6.5,7.5,7.0,105.0,3284.0099999999993,510.0,10.7,0.0,6.0,130.0,3770.0,490.0,2.0,11.2,159.0,159.0,,159.0,0.0,358.0,3.0,291.0,0.0,0.0,22.8,11.44,12.0,12.0,1800.0,900.0,900,0.0,0.0,0.0,0.0,0.0,0.0,0.0,0.0,0.0,0,11.44,12,12.0,1800,22.8,291.0,0,291,5.3,400.0,1.0,7.0,70.0,55.0,125,191.0,375.0,358,23.0,510,490,0.0,150.0,513,2610.0,2123.0,810,2123.0,2933.0,2610.0,323,2802.0,510,490,291,0,125,513,358,515.0,1386.0,,873.0,416,,147.0,4410.0,0.0,0.0,147.0,4410.0,April-2026,,,,,,,,,,,,,,,
2026-04-15,14.0,13.0,91.0,,118,420,390,2730,0,3540,1312,3.0,16.9,20.0,153.1,41.8,24.9,8.3,61.0,27.2,228.0,86.4,4.0,4.2,6.0,44.0,1501.81,265.0,11.5,0.0,6.0,110.0,3190.0,355.0,3.0,13.8,49.0,235.1,0.0,235.1,0.0,451.0,3.0,410.0,0.0,0.0,27.6,11.74,12.0,13.0,1900.0,950.0,950,0.0,0.0,0.0,0.0,0.0,0.0,0.0,0.0,0.0,0,11.74,12,13.0,1900,27.6,410.0,0,410,5.4,400.0,1.0,14.4,110.0,60.0,170,101.0,400.0,451,50.0,265,355,0.0,200.0,228,2050.0,3090.0,323,3090.0,3413.0,2050.0,1363,3346.0,265,355,410,0,170,228,451,1467.0,2146.0,,1918.0,580,,91.0,2730.0,27.0,810.0,118.0,3540.0,April-2026,,,,,,,,,,,,,,,
2026-04-16,12.0,19.0,102.0,,133,360,570,3060,0,3990,1478,4.0,23.5,25.0,165.35,20.75,38.25,11.6,72.0,34.9,897.0,106.35,0.0,10.8,7.0,95.0,2879.82,345.0,11.0,1.0,7.0,114.0,3306.0,570.0,3.0,11.3,44.0,208.4,0.0,208.4,0.0,317.0,2.0,180.0,111.0,1.27,16.6,8.88,9.0,9.0,1800.0,900.0,900,5.0,4.8,400.0,200.0,200.0,1.0,7.5,240.0,130.0,370,13.88,14,13.8,2200,24.1,420.0,241,661,5.1,450.0,1.0,7.5,110.0,55.0,165,701.0,604.0,317,445.0,345,570,0.0,100.0,897,3979.0,4000.0,1363,4000.0,5363.0,3979.0,1384,4360.0,345,570,291,370,165,897,317,1405.0,2619.0,5707.0,1722.0,826,,102.0,3060.0,31.0,930.0,133.0,3990.0,April-2026,,,,,,,,,,,,,,,
2026-04-17,34.0,0.0,103.0,,137,1020,0,3090,0,4110,1523,3.0,18.4,26.0,131.15,4.1,20.25,8.7,65.0,32.4,114.0,106.80000000000001,0.0,6.3,6.0,50.0,1585.54,265.0,0.0,1.1,3.0,17.0,493.0,41.0,2.0,10.6,41.0,109.0,0.0,109.0,0.0,551.0,3.0,307.0,0.0,0.0,16.7,3.89,4.0,5.0,400.0,200.0,200,0.0,0.0,0.0,0.0,0.0,0.0,0.0,0.0,0.0,0,3.89,4,5.0,400,16.7,307.0,0,307,2.4,200.0,1.0,5.6,60.0,25.0,85,2238.0,0.0,551,100.0,265,41,0.0,0.0,114,3309.0,2500.0,1384,2500.0,3884.0,3309.0,575,2802.0,265,41,307,0,85,114,551,1439.0,2104.0,,1990.0,392,,103.0,3090.0,34.0,1020.0,137.0,4110.0,April-2026,,,,,,,,,,,,,,,
2026-04-18,7.0,46.0,45.0,,98,210,1380,1350,0,2940,1089,3.0,14.6,24.0,133.1,3.65,30.95,4.4,38.0,25.6,0.0,98.49999999999999,0.0,10.8,6.0,89.0,2859.72,320.0,0.0,1.6,5.0,14.0,406.0,40.0,2.0,11.8,42.0,161.2,0.0,161.2,0.0,300.0,2.0,70.0,0.0,0.0,5.5,0.0,0.0,0.0,0.0,0.0,0,11.0,8.4,800.0,400.0,400.0,2.0,9.3,140.0,130.0,270,11.0,11,8.4,800,14.8,210.0,130,340,7.4,700.0,2.0,11.4,56.0,80.0,136,960.0,318.0,300,130.0,320,40,400.0,105.0,0,2573.0,2000.0,575,2000.0,2575.0,2573.0,2,2431.0,320,40,70,270,136,0,300,1295.0,1595.0,6356.0,1595.0,476,,45.0,1350.0,53.0,1590.0,98.0,2940.0,April-2026,,,,,,,,,,,,,,,
2026-04-19,,,,,0,0,0,0,0,0,0,,,,,,,,,,,0.0,,,,,,,,,,,0.0,,,,,,,,0.0,,,,,,,,,,,,0,,,,,,,,,,0,0.0,0,0.0,0,0.0,0.0,0,0,,,,,,,0,,,0,,0,0,,,0,0.0,,2,0.0,2.0,0.0,2,,0,0,0,0,0,0,0,0.0,0.0,,0.0,0,,0.0,0.0,0.0,0.0,0.0,0.0,April-2026,,,,,,,,,,,,,,,
2026-04-20,,27.0,110.0,,137,0,810,3300,0,4110,1523,4.0,21.8,21.0,104.25,3.7,0.9,5.1,22.0,17.5,385.0,99.64999999999999,0.0,1.0,1.0,4.0,122.65,17.0,0.8,0.8,4.0,9.0,261.0,45.0,0.0,0.0,0.0,0.0,0.0,0.0,0.0,0.0,3.0,253.0,41.0,5.69,16.2,5.86,7.0,7.0,1200.0,600.0,600,9.0,8.0,800.0,400.0,400.0,3.0,13.0,152.0,340.0,492,14.86,16,15.0,2000,29.2,405.0,381,786,4.5,500.0,1.0,7.3,123.0,55.0,178,1647.0,446.0,0,331.0,17,45,317.0,332.0,385,3520.0,3520.0,2,3520.0,3522.0,3520.0,2,3057.0,17,45,294,492,178,385,0,1646.0,2031.0,,1646.0,964,,110.0,3300.0,27.0,810.0,137.0,4110.0,April-2026,,,,,,,,,,,,,,,
2026-04-21,0.0,52.0,230.0,,282,0,1560,6900,0,8460,3134,4.0,35.9,25.0,183.35,12.9,0.0,10.0,61.0,41.0,657.0,170.45,0.0,0.0,0.0,0.0,0.0,0.0,0.0,5.1,2.0,22.0,638.0,141.0,2.0,9.6,27.0,171.5,171.5,0.0,0.0,370.0,3.0,454.0,0.0,0.0,22.9,10.84,12.0,11.0,1800.0,900.0,900,7.0,4.7,500.0,250.0,250.0,3.0,7.5,130.0,140.0,270,17.84,19,15.7,2300,30.4,584.0,140,724,7.0,700.0,2.0,10.9,112.0,77.0,189,2189.0,286.0,370,30.0,0,141,327.0,0.0,657,4000.0,4000.0,2,4000.0,4002.0,4000.0,2,4279.0,0,141,454,270,189,657,370,2198.0,3225.0,,2568.0,913,,230.0,6900.0,52.0,1560.0,282.0,8460.0,April-2026,,,,,,,,,,,,,,,
2026-04-22,6.0,9.0,134.0,,149,180,270,4020,0,4470,1656,4.0,22.0,27.0,136.45,3.0,26.75,3.9,16.0,14.7,150.0,106.69999999999999,3.7,8.5,9.0,62.0,2104.96,500.0,1.6,1.5,2.0,11.0,319.0,120.0,2.0,9.4,29.0,161.1,0.0,161.1,0.0,331.0,1.0,40.0,114.0,1.06,3.8,0.0,0.0,0.0,0.0,0.0,0,4.0,3.3,400.0,200.0,200.0,2.0,6.1,100.0,180.0,280,4.0,4,3.3,400,9.899999999999999,140.0,294,434,3.8,400.0,2.0,7.4,107.0,40.0,147,1945.0,123.0,331,124.0,500,120,400.0,100.0,150,3793.0,4000.0,2,4000.0,4002.0,3793.0,209,3459.0,500,120,154,280,147,150,331,1777.0,2258.0,6874.0,2108.0,581,,134.0,4020.0,15.0,450.0,149.0,4470.0,April-2026,,,,,,,,,,,,,,,
2026-04-23,60.0,27.0,110.0,,197,1800,810,3300,0,5910,2189,4.0,28.9,28.0,197.2,2.4,52.6,8.5,46.0,35.2,815.0,142.2,3.7,12.6,11.0,131.0,4300.65,600.0,1.7,0.0,2.0,8.0,232.0,35.0,2.0,10.0,38.0,189.6,0.0,189.6,0.0,60.0,3.0,172.0,0.0,0.0,13.4,8.86,10.0,10.0,1400.0,700.0,700,4.0,4.1,400.0,200.0,200.0,2.0,6.0,63.0,100.0,163,12.86,14,14.1,1800,19.4,235.0,100,335,4.5,450.0,2.0,10.3,127.0,60.0,187,925.0,0.0,60,272.0,600,35,0.0,0.0,815,2707.0,2500.0,209,2500.0,2709.0,2707.0,2,3700.0,600,35,172,163,187,815,60,1668.0,2543.0,5881.0,1728.0,522,,110.0,3300.0,87.0,2610.0,197.0,5910.0,April-2026,,,,,,,,,,,,,,,
2026-04-24,31.0,0.0,135.0,,166,930,0,4050,0,4980,1845,4.0,25.4,26.0,153.3,2.0,55.35,9.0,20.0,17.9,300.0,95.95000000000002,4.7,12.9,10.0,128.0,4252.69,630.0,1.0,0.0,2.0,5.0,145.0,36.0,2.0,6.1,28.0,102.4,0.0,102.4,0.0,300.0,3.0,225.0,0.0,0.0,14.4,11.23,11.0,12.0,1600.0,800.0,800,8.0,3.7,300.0,150.0,150.0,2.0,5.8,77.0,90.0,167,19.23,19,15.7,1900,20.2,302.0,90,392,1.0,100.0,3.0,8.1,100.0,60.0,160,1593.0,450.0,300,189.0,630,36,200.0,300.0,300,3998.0,4000.0,2,4000.0,4002.0,3998.0,4,3422.0,630,36,225,167,160,300,300,1604.0,2204.0,6152.0,1904.0,552,,135.0,4050.0,31.0,930.0,166.0,4980.0,April-2026,,,,,,,,,,,,,,,
2026-04-25,73.0,0.0,38.0,,111,2190,0,1140,0,3330,1234,3.0,18.2,27.0,171.3,29.5,55.9,8.1,31.0,24.0,530.0,85.9,6.1,8.6,10.0,120.0,3952.2899999999995,545.0,9.5,0.0,6.0,73.0,2117.0,400.0,2.0,5.0,14.0,91.8,0.0,91.8,0.0,206.0,3.0,248.0,0.0,0.0,20.3,9.12,11.0,10.0,1300.0,650.0,650,5.0,4.4,400.0,200.0,200.0,1.0,4.1,50.0,50.0,100,14.12,16,14.4,1700,24.4,298.0,50,348,0.0,0.0,0.0,0.0,0.0,0.0,0,1452.0,446.0,206,221.0,545,400,200.0,0.0,530,4000.0,4000.0,4,4000.0,4004.0,4000.0,4,3193.0,545,400,248,100,0,530,206,1164.0,1900.0,6959.0,1370.0,348,,38.0,1140.0,73.0,2190.0,111.0,3330.0,April-2026,,,,,,,,,,,,,,,
2026-04-26,,,,,0,0,0,0,0,0,0,,,,,,,,,,,0.0,,,,,,,,,,,0.0,,,,,,,,0.0,,,,,,,,,,,,0,,,,,,,,,,0,0.0,0,0.0,0,0.0,0.0,0,0,,,,,,,0,,,0,,0,0,,,0,0.0,0.0,4,0.0,4.0,0.0,4,0.0,0,0,0,0,0,0,0,0.0,0.0,,0.0,0,,0.0,0.0,0.0,0.0,0.0,0.0,April-2026,,,,,,,,,,,,,,,
2026-04-27,5.0,32.0,146.0,,183,150,960,4380,0,5490,2034,3.0,26.5,25.0,137.55,3.0,25.15,9.7,84.0,33.0,550.0,109.4,2.6,5.0,6.0,54.0,1734.03,300.0,2.0,0.0,3.0,12.0,348.0,72.0,2.0,7.4,17.0,115.4,0.0,115.4,0.0,600.0,3.0,386.0,0.0,0.0,22.9,10.17,10.0,11.0,1450.0,700.0,750,0.0,0.0,0.0,0.0,0.0,0.0,0.0,0.0,0.0,0,10.17,10,11.0,1450,22.9,386.0,0,386,4.6,400.0,2.0,13.9,220.0,50.0,270,1003.0,276.0,600,105.0,300,72,100.0,300.0,550,3306.0,4000.0,4,4000.0,4004.0,3306.0,698,3851.0,300,72,386,0,270,550,600,1673.0,2823.0,,2273.0,656,,146.0,4380.0,37.0,1110.0,183.0,5490.0,April-2026,,,,,,,,,,,,,,,
2026-04-28,37.0,31.0,155.0,,223,1110,930,4650,0,6690,2478,3.0,26.0,25.0,178.05,7.7,41.85,8.8,79.0,28.8,650.0,128.50000000000003,3.5,9.3,8.0,118.0,3703.7099999999996,500.0,3.1,1.0,5.0,27.0,783.0,135.0,2.0,11.3,40.0,219.1,0.0,219.1,0.0,262.0,2.0,182.0,0.0,0.0,12.5,5.52,6.0,7.0,1000.0,500.0,500,0.0,0.0,0.0,0.0,0.0,0.0,0.0,0.0,0.0,0,5.52,6,7.0,1000,12.5,182.0,0,182,6.5,650.0,2.0,14.9,260.0,65.0,325,1416.0,225.0,262,86.0,500,135,0.0,340.0,650,3614.0,3000.0,698,3000.0,3698.0,3614.0,84,3729.0,500,135,182,0,325,650,262,1675.0,2587.0,,1937.0,507,,155.0,4650.0,68.0,2040.0,223.0,6690.0,April-2026,,,,,,,,,,,,,,,
2026-04-29,61.0,43.0,93.0,,197,1830,1290,2790,0,5910,2189,3.0,26.8,25.0,166.65,11.4,33.4,9.5,78.0,34.6,400.0,121.85,4.5,6.7,8.0,82.0,2808.12,400.0,2.8,2.0,4.0,32.0,928.0,170.0,2.0,10.5,22.0,149.5,0.0,149.5,0.0,450.0,3.0,281.0,0.0,0.0,18.9,10.6,11.0,11.0,1640.0,820.0,820,0.0,0.0,0.0,0.0,0.0,0.0,0.0,0.0,0.0,0,10.6,11,11.0,1640,18.9,281.0,0,281,7.7,850.0,2.0,11.4,136.0,80.0,216,1820.0,325.0,450,165.0,400,170,0.0,270.0,400,4000.0,4000.0,84,4000.0,4084.0,4000.0,84,3649.0,400,170,281,0,216,400,450,1732.0,2582.0,,2182.0,497,,93.0,2790.0,104.0,3120.0,197.0,5910.0,April-2026,,,,,,,,,,,,,,,
2026-04-30,69.0,42.0,65.0,,176,2070,1260,1950,0,5280,1956,3.0,19.1,26.0,162.95,3.6,39.95,7.7,60.0,24.8,300.0,119.39999999999999,4.8,6.4,7.0,103.0,3481.87,410.0,2.0,0.0,2.0,8.0,232.0,60.0,2.0,10.2,53.0,181.2,,181.2,0.0,300.0,2.0,145.0,237.0,7.0,8.1,7.94,9.0,8.0,1400.0,700.0,700,0.0,0.0,0.0,0.0,0.0,0.0,0.0,0.0,0.0,0,7.94,9,8.0,1400,8.1,145.0,237,382,7.6,800.0,2.0,15.9,284.0,75.0,359,1790.0,437.0,300,130.0,410,60,0.0,220.0,300,3647.0,3800.0,84,3800.0,3884.0,3647.0,237,3537.0,410,60,382,0,359,300,300,1726.0,2326.0,,2026.0,741,,65.0,1950.0,111.0,3330.0,176.0,5280.0,April-2026,,,,,,,,,,,,,,,
2026-05-01,,,,,0,0,0,0,0,0,0,,,,,,,,,,,0.0,,,,,,,,,,,,,,,,,,,0.0,,,,,,,,,,,,0,,,,,,,,,,0,0.0,0,0.0,0,0.0,,0,0,,,,,,,0,,,0,,0,0,,,0,0.0,,237,0.0,237.0,0.0,237,,0,0,0,0,0,0,0,0.0,0.0,,0.0,0,,,,,,,,May-2026,,,,,,,0.0,,,0.0,,,,,
2026-05-02,,,62.0,,62,0,0,1860,0,1860,689,2.0,9.2,11.0,41.5,0.0,6.9,0.0,0.0,0.0,0.0,34.6,0.0,1.8,4.0,31.0,1019.1,145.0,,,,,,,,,,,,,0.0,,3.0,257.0,0.0,0.0,16.6,6.49,6.0,7.0,1200.0,600.0,600,,,,,,,,,,0,6.49,6,7.0,1200,16.6,,0,257,1.2,100.0,1.0,2.0,20.0,12.0,32,939.0,264.0,0,,145,0,,200.0,0,1548.0,3000.0,237,3000.0,3237.0,1548.0,1689,1148.0,145,0,257,0,32,0,0,714.0,714.0,,714.0,289,,,,,,,,May-2026,,,,,,,0.0,,,0.0,,,,,
2026-05-03,,,,,0,0,0,0,0,0,0,,,,,,,,,,,0.0,,,,,,,,,,,,,,,,,,,0.0,,,,,,,,,,,,0,,,,,,,,,,0,0.0,0,0.0,0,0.0,,0,0,,,,,,,0,,,0,,0,0,,,0,0.0,,1689,0.0,1689.0,0.0,1689,,0,0,0,0,0,0,0,0.0,0.0,,0.0,0,,,,,,,,May-2026,,,,,,,0.0,,,0.0,,,,,
2026-05-04,23.0,6.0,53.0,,82,690,180,1590,0,2460,912,3.0,13.6,20.0,93.85,15.0,18.95,2.4,14.0,8.0,518.0,59.89999999999999,1.0,5.5,6.0,59.0,1945.3999999999999,270.0,3.0,1.5,5.0,52.0,1508.0,205.0,2.0,2.1,19.0,32.0,0.0,32.0,0.0,300.0,3.0,184.0,171.0,6.06,11.8,7.29,8.0,8.0,1300.0,650.0,650,,,,,,,,,,0,7.29,8,8.0,1300,11.8,,171,355,4.3,500.0,2.0,6.1,68.0,43.0,111,753.0,245.0,300,240.0,270,205,0.0,100.0,518,2631.0,2500.0,1689,2500.0,4189.0,2631.0,1558,2882.0,270,205,355,0,111,518,300,1123.0,1941.0,6789.0,1423.0,466,,,,,,,,May-2026,,,,,,,0.0,,,0.0,,,,,
2026-05-05,28.0,43.0,120.0,,191,840,1290,3600,0,5730,2123,3.0,26.3,17.0,104.8,0.0,0.0,6.7,56.0,23.9,250.0,104.8,0.0,0.0,0.0,0.0,0.0,0.0,,,,,,,2.0,7.9,27.0,131.6,0.0,131.6,0.0,,2.0,289.0,29.0,0.16,16.8,7.2,8.0,8.0,1200.0,600.0,600,,,,,,,,,,0,7.2,8,8.0,1200,16.8,,29,318,5.4,600.0,2.0,11.9,163.0,80.0,243,1440.0,567.0,0,191.0,0,0,,,250,2448.0,1500.0,1558,1500.0,3058.0,2448.0,610,2498.0,0,0,318,0,243,250,0,1687.0,1937.0,6739.0,1687.0,561,,,,,,,,May-2026,,,,,,,0.0,,,0.0,,,,,
2026-05-06,,93.0,41.0,,134,0,2790,1230,0,4020,1489,3.0,23.2,17.0,120.9,24.1,0.0,6.7,51.0,23.2,510.0,96.80000000000001,0.0,0.0,0.0,0.0,0.0,0.0,2.0,11.5,6.0,68.0,1972.0,340.0,2.0,13.2,36.0,223.3,0.0,223.3,0.0,528.0,3.0,395.0,0.0,0.0,24.6,10.62,11.0,11.0,1600.0,800.0,800,,,,,,,,,,0,10.62,11,11.0,1600,24.6,,0,395,9.5,900.0,2.0,15.9,218.0,115.0,333,1290.0,425.0,528,105.0,0,340,0.0,400.0,510,3598.0,3000.0,610,3000.0,3610.0,3598.0,12,3474.0,0,340,395,0,333,510,528,1368.0,2406.0,6863.0,1896.0,728,,,,,,,,May-2026,,,,,,,0.0,,,0.0,5611.0,,,,
2026-05-07,,20.0,30.0,,50,0,600,900,0,1500,556,2.0,7.5,13.0,76.3,25.5,26.8,5.4,39.0,14.4,330.0,23.999999999999996,4.3,5.4,7.0,89.0,2661.42,450.0,6.8,0.4,9.0,67.0,1943.0,350.0,2.0,11.9,28.0,190.2,0.0,190.2,0.0,568.0,2.0,221.0,0.0,0.0,14.1,11.82,12.0,12.0,3000.0,1500.0,1500,,,,,,,,,,0,11.82,12,12.0,3000,14.1,,0,221,3.1,300.0,2.0,10.5,160.0,30.0,190,1045.0,400.0,568,145.0,450,350,0.0,106.0,330,3394.0,3500.0,12,3500.0,3512.0,3394.0,118,2710.0,450,350,221,0,190,330,568,601.0,1499.0,7547.0,1169.0,411,,,,,,,,May-2026,,,,,,,0.0,,,0.0,,,,,
2026-05-08,,24.0,81.0,,105,0,720,2430,0,3150,1167,3.0,15.1,14.0,110.75,15.95,32.1,5.9,49.0,17.7,350.0,62.699999999999996,5.0,4.9,8.0,81.0,2621.81,415.0,5.8,1.6,9.0,54.0,1566.0,310.0,2.0,12.9,40.0,219.0,0.0,219.0,0.0,331.0,2.0,242.0,60.0,0.7,15.2,8.33,9.0,10.0,1500.0,750.0,750,,,,,,,,,,0,8.33,9,10.0,1500,15.2,,60,302,8.1,900.0,2.0,11.4,150.0,146.0,296,605.0,510.0,331,175.0,415,310,0.0,0.0,350,2696.0,3500.0,118,3500.0,3618.0,2696.0,922,2909.0,415,310,302,0,296,350,331,905.0,1586.0,7334.0,1236.0,598,,,,,,,,May-2026,,,,,,,0.0,,,0.0,5732.0,,,,
2026-05-09,54.0,20.0,72.0,,146,1620,600,2160,0,4380,1623,3.0,17.8,16.0,92.9,9.3,0.0,4.9,35.0,14.1,150.0,83.60000000000001,0.0,0.0,0.0,0.0,0.0,0.0,6.5,0.0,3.0,57.0,1653.0,230.0,2.0,8.5,31.0,129.2,0.0,129.2,0.0,400.0,3.0,335.0,14.0,0.82,20.8,8.48,9.0,9.0,1600.0,800.0,800,,,,,,,,,,0,8.48,9,9.0,1600,20.8,,14,349,4.8,500.0,2.0,11.5,195.0,0.0,195,770.0,380.0,400,0.0,0,230,0.0,150.0,150,2080.0,2500.0,922,2500.0,3422.0,2080.0,1342,2465.0,0,230,349,0,195,150,400,1141.0,1691.0,,1541.0,544,,,,,,,,May-2026,,,,,,,0.0,,,0.0,5280.0,,,,
2026-05-10,,,,,0,0,0,0,0,0,0,,,,,,,,,,,0.0,,,,,,,,,,,,,,,,,,,0.0,,,,,,,,,,,,0,,,,,,,,,,0,0.0,0,0.0,0,0.0,,0,0,,,,,,,0,,,0,,0,0,,,0,0.0,,1342,0.0,1342.0,0.0,1342,,0,0,0,0,0,0,0,0.0,0.0,,0.0,0,,,,,,,,May-2026,,,,,,,0.0,,,0.0,,,,,
2026-05-11,,,92.0,,92,0,0,2760,0,2760,1023,3.0,13.7,13.0,85.4,2.85,30.15,5.3,36.0,13.7,278.0,52.40000000000001,4.6,6.8,6.0,112.0,3437.84,350.0,2.5,1.0,5.0,17.0,493.0,120.0,2.0,4.0,23.0,74.2,0.0,74.2,0.0,150.0,2.0,194.0,0.0,0.0,13.2,7.73,8.0,8.0,1500.0,750.0,750,,,,,,,,,,0,7.73,8,8.0,1500,13.2,,0,194,0.0,0.0,0.0,0.0,0.0,0.0,0,1061.0,273.0,150,194.0,350,120,0.0,0.0,278,2426.0,1500.0,1342,1500.0,2842.0,2426.0,416,2084.0,350,120,194,0,0,278,150,992.0,1420.0,7291.0,1142.0,194,,,,,,,,May-2026,,,,,,,0.0,,,0.0,,,,,
2026-05-12,,21.0,107.0,,128,0,630,3210,0,3840,1423,3.0,16.6,17.0,94.5,5.75,0.0,2.2,12.0,4.7,0.0,88.75,0.0,0.0,0.0,0.0,0.0,0.0,3.2,0.0,3.0,21.0,609.0,105.0,2.0,3.7,23.0,61.0,0.0,61.0,0.0,0.0,2.0,388.0,0.0,0.0,21.1,8.26,8.0,9.0,1800.0,900.0,900,,,,,,,,,,0,8.26,8,9.0,1800,21.1,,0,388,0.0,0.0,0.0,0.0,0.0,0.0,0,1275.0,369.0,0,100.0,0,105,,,0,1849.0,4000.0,416,4000.0,4416.0,1849.0,2567,1982.0,0,105,388,0,0,0,0,1489.0,1489.0,7158.0,1489.0,388,,,,,,,,May-2026,,,,,,,0.0,,,0.0,5952.0,,,,
2026-05-13,30.0,47.0,37.0,,114,900,1410,1110,0,3420,1267,3.0,16.7,16.0,132.4,0.0,55.4,5.4,37.0,12.2,198.0,77.0,8.6,9.4,6.0,149.0,4774.3,700.0,0.0,0.0,0.0,0.0,0.0,0.0,2.0,6.0,50.0,131.0,0.0,131.0,0.0,381.0,3.0,285.0,0.0,0.0,17.6,6.02,7.0,6.0,1200.0,600.0,600,,,,,,,,,,0,6.02,7,6.0,1200,17.6,,0,285,0.0,0.0,1.0,2.3,70.0,0.0,70,1078.0,121.0,381,50.0,700,0,,,198,2528.0,,2567,0.0,2567.0,2528.0,39,2966.0,700,0,285,0,70,198,381,1332.0,1911.0,6720.0,1713.0,355,,,,,,,,May-2026,,,,,,,0.0,,,0.0,5583.0,,,,
2026-05-14,15.0,19.0,94.0,,128,450,570,2820,0,3840,1423,3.0,21.5,19.0,135.35,3.6,46.15,6.0,48.0,17.8,200.0,85.6,3.7,11.5,9.0,160.0,5064.43,630.0,2.3,0.0,2.0,16.0,464.0,80.0,2.0,7.5,34.0,118.6,0.0,118.6,0.0,150.0,4.0,312.0,,,19.1,10.6,10.0,11.0,1800.0,900.0,900,,,,,,,,,,0,10.6,10,11.0,1800,19.1,,0,312,4.2,400.0,2.0,15.6,380.0,70.0,450,814.0,416.0,150,90.0,630,80,0.0,100.0,200,2480.0,2530.0,39,2530.0,2569.0,2480.0,89,3130.0,630,80,312,0,450,200,150,1308.0,1658.0,6070.0,1458.0,762,,,,,,,,May-2026,,,,,,,0.0,,,0.0,,,,,
2026-05-15,,3.0,151.0,,154,0,90,4530,0,4620,1712,3.0,19.5,16.0,118.1,3.85,39.05,5.7,52.0,16.9,350.0,75.2,3.4,8.3,9.0,117.0,3746.96,600.0,3.2,0.0,2.0,28.0,812.0,90.0,2.0,6.7,74.0,252.0,155.0,97.0,0.0,400.0,4.0,267.0,408.0,11.45,17.2,9.1,10.0,10.0,1800.0,900.0,900,,,,,,,,,,0,9.1,10,10.0,1800,17.2,,408,675,9.3,900.0,2.0,15.2,180.0,90.0,270,1360.0,435.0,400,,600,90,,250.0,350,3485.0,3500.0,89,3500.0,3589.0,3485.0,104,3428.0,600,90,675,0,270,350,400,1043.0,1793.0,6127.0,1443.0,945,,,,,,,,May-2026,,,,,,,0.0,,,0.0,,,,,
2026-05-16,45.0,0.0,141.0,,186,1350,0,4230,0,5580,2067,3.0,20.5,18.0,125.7,3.0,29.3,5.7,46.0,15.7,200.0,93.4,3.7,6.8,6.0,76.0,2653.19,345.0,1.0,1.4,2.0,25.0,725.0,65.0,2.0,14.7,96.0,339.5,193.0,146.5,0.0,450.0,3.0,327.0,59.0,3.91,18.7,8.7,9.0,9.0,1800.0,900.0,900,,,,,,,,,,0,8.7,9,9.0,1800,18.7,,59,386,10.7,900.0,2.0,17.0,350.0,120.0,470,1246.0,363.0,450,250.0,345,65,0.0,200.0,200,3119.0,3500.0,104,3500.0,3604.0,3119.0,485,3197.0,345,65,386,0,470,200,450,1281.0,1931.0,,1731.0,856,,,,,,,,May-2026,,,,,,,0.0,,,0.0,,,,,
2026-05-17,,,,,0,0,0,0,0,0,0,,,,,,,,,,,0.0,,,,,,,,,,,0.0,,,,,,,,0.0,,,,,,,,,,,,0,,,,,,,,,,0,0.0,0,0.0,0,0.0,,0,0,,,,,,,0,,,0,,0,0,,,0,0.0,,485,0.0,485.0,0.0,485,0.0,0,0,0,0,0,0,0,0.0,0.0,,0.0,0,,,,,,,,May-2026,,,,,,,0.0,,,0.0,,,,,
2026-05-18,86.0,0.0,66.0,,152,2580,0,1980,0,4560,1689,3.0,19.0,18.0,123.0,0.0,21.5,4.9,33.0,12.4,550.0,101.5,0.0,14.8,6.0,97.0,2987.82,465.0,,,,,0.0,,1.0,1.0,8.0,30.5,0.0,0.0,30.5,0.0,3.0,260.0,0.0,0.16,15.9,10.01,11.0,11.0,1000.0,500.0,500,,,,,,,,,,0,10.01,11,11.0,1000,15.9,,0,260,3.4,500.0,0.0,0.0,0.0,50.0,50,1695.0,442.0,0,132.0,465,0,0.0,200.0,550,3484.0,3000.0,485,3000.0,3485.0,3484.0,1,2920.0,465,0,260,0,50,550,0,1595.0,2145.0,6603.0,1595.0,310,,,,,,,,May-2026,,,,,,,0.0,,,0.0,,,,,
2026-05-19,28.0,44.0,74.0,,146,840,1320,2220,0,4380,1623,3.0,21.5,20.0,151.5,6.0,38.15,6.3,42.0,19.7,257.0,107.35,2.1,9.1,6.0,74.0,2355.99,170.0,3.2,,3.0,24.0,696.0,80.0,2.0,6.0,39.0,132.2,48.0,42.2,41.999999999999986,0.0,4.0,507.0,0.0,0.0,27.7,9.64,10.0,10.0,1800.0,900.0,900,,,,,,,,,,0,9.64,10,10.0,1800,27.7,,0,507,7.6,900.0,1.0,10.7,130.0,70.0,200,2314.0,485.0,0,55.0,170,80,,100.0,257,3461.0,3550.0,1,3550.0,3551.0,3461.0,90,3030.0,170,80,507,0,200,257,0,1816.0,2073.0,,1816.0,707,,,,,,,,May-2026,,,,,,,0.0,,,0.0,,,,,
2026-05-20,,44.0,29.0,,73,0,1320,870,0,2190,812,2.0,9.3,14.0,76.3,0.0,,1.0,4.0,2.9,0.0,76.3,0.0,0.0,0.0,0.0,0.0,0.0,0.0,0.0,0.0,0.0,0.0,0.0,0.0,0.0,0.0,0.0,0.0,0.0,0.0,0.0,2.0,405.0,0.0,0.0,21.3,7.2,7.0,9.0,1800.0,900.0,900,,,,,,,,,,0,7.2,7,9.0,1800,21.3,,0,405,6.2,800.0,2.0,8.9,130.0,60.0,190,930.0,475.0,0,112.0,0,0,,300.0,0,1817.0,4000.0,90,4000.0,4090.0,1817.0,2273,1887.0,0,0,405,0,190,0,0,1292.0,1292.0,6964.0,1292.0,595,,,,,,,,May-2026,,,,,,,0.0,,,0.0,,,,,
2026-05-21,6.0,68.0,38.0,,112,180,2040,1140,0,3360,1245,2.0,14.7,16.0,115.9,6.0,15.3,4.8,32.0,13.5,0.0,94.60000000000001,0.0,11.4,6.0,96.0,2942.36,265.0,3.1,0.0,2.0,25.0,725.0,110.0,1.0,3.9,38.0,122.6,0.0,122.6,0.0,0.0,3.0,400.0,0.0,0.0,20.7,8.51,9.0,9.0,1800.0,900.0,900,,,,,,,,,,0,8.51,9,9.0,1800,20.7,,0,400,10.5,1200.0,2.0,10.9,180.0,115.0,295,1578.0,326.0,0,356.0,265,110,,100.0,0,2735.0,5218.0,2273,5218.0,7491.0,2735.0,4756,2384.0,265,110,400,0,295,0,0,1314.0,1314.0,7315.0,1314.0,695,,,,,,,,May-2026,,,,,,,0.0,,,0.0,,,,,
2026-05-22,25.0,23.0,,,48,750,690,0,0,1440,534,2.0,7.1,12.0,69.65,3.0,20.1,0.0,0.0,0.0,0.0,46.550000000000004,4.2,4.4,7.0,52.0,1884.27,350.0,2.0,0.0,2.0,35.0,1015.0,45.0,1.0,6.0,36.0,216.0,150.0,,66.0,318.0,0.0,0.0,0.0,0.0,0.0,0.0,0.0,0.0,0.0,0.0,0,,,,,,,,,,0,0.0,0,0.0,0,0.0,,0,0,2.9,500.0,5.0,15.4,302.0,30.0,332,1405.0,0.0,318,35.0,350,45,,307.0,0,2460.0,0.0,4756,0.0,4756.0,2460.0,2296,1917.0,350,45,0,0,332,0,318,872.0,1190.0,,1190.0,332,,,,,,,,May-2026,,,,,,,0.0,,,0.0,,,,,
2026-05-23,,73.0,50.0,,123,0,2190,1500,0,3690,1367,1.0,11.3,16.0,96.55,2.25,7.4,,,,,86.89999999999999,2.3,2.0,4.0,20.0,701.22,250.0,0.9,0.0,2.0,12.0,348.0,75.0,1.0,5.6,30.0,168.0,168.0,0.0,0.0,180.0,3.0,206.0,61.0,3.08,13.7,1.93,3.0,2.0,400.0,200.0,200,,,,,,,,,,0,1.93,3,2.0,400,13.7,,61,267,3.4,400.0,1.0,3.2,40.0,35.0,75,537.0,265.0,180,30.0,250,75,,100.0,0,1437.0,5000.0,2296,5000.0,7296.0,1437.0,5859,2693.0,250,75,267,0,75,0,180,1846.0,2026.0,6602.0,2026.0,342,,,,,,,,May-2026,,,,,,,0.0,,,0.0,,,,,
2026-05-24,,,,,0,0,0,0,0,0,0,,,,,,,,,,,0.0,,,,,,,,,,,,,,,,,,,0.0,,,,,,,,,,,,0,,,,,,,,,,0,0.0,0,0.0,0,0.0,,0,0,,,,,,,0,,,0,,0,0,,,0,0.0,,5859,0.0,5859.0,0.0,5859,,0,0,0,0,0,0,0,0.0,0.0,,0.0,0,,,,,,,,May-2026,,,,,,,0.0,,,0.0,,,,,
2026-05-25,,1.0,14.0,,15,0,30,420,0,450,167,1.0,4.5,10.0,39.4,9.8,11.1,0.0,0.0,0.0,0.0,18.5,0.0,3.0,5.0,33.0,1027.75,165.0,5.1,0.0,5.0,50.0,1450.0,310.0,1.0,4.0,27.0,102.4,102.4,0.0,0.0,115.0,3.0,471.0,134.0,6.1,22.6,9.73,10.0,11.0,1000.0,500.0,500,,,,,,,,,,0,9.73,10,11.0,1000,22.6,,134,605,5.2,600.0,1.0,5.2,120.0,50.0,170,1515.0,575.0,115,243.0,165,310,,0.0,0,3123.0,0.0,5859,0.0,5859.0,3123.0,2736,1751.0,165,310,605,0,170,0,115,386.0,501.0,,501.0,775,,,,,,,,May-2026,,,1.0,9.6,,,0.0,200.0,,0.0,,,,,
2026-05-26,,,,,0,0,0,0,0,0,0,,,13.0,44.0,0.0,31.5,,,,,12.5,5.0,5.9,9.0,103.0,3679.77,480.0,0.0,0.0,0.0,0.0,0.0,0.0,1.0,5.5,51.0,158.0,158.0,0.0,0.0,0.0,4.0,238.0,0.0,0.0,20.0,5.64,6.0,6.0,1200.0,600.0,600,,,,,,,,,,0,5.64,6,6.0,1200,20.0,,0,238,5.1,700.0,1.0,6.1,39.0,50.0,89,162.0,300.0,0,38.0,480,0,,250.0,0,1230.0,0.0,2736,0.0,2736.0,1230.0,1506,1042.0,480,0,238,0,89,0,0,235.0,235.0,8162.0,235.0,327,,,,,,,,May-2026,,,1.0,4.0,,,0.0,,,0.0,,,,,
2026-05-27,,,47.0,,47,0,0,1410,0,1410,523,1.0,6.0,9.0,37.0,0.0,0.0,0.0,0.0,0.0,0.0,37.0,0.0,0.0,0.0,0.0,0.0,0.0,3.3,1.5,3.0,30.0,870.0,70.0,1.0,4.0,30.0,108.0,108.0,,0.0,185.0,4.0,220.0,0.0,0.0,16.0,6.44,6.0,7.0,1000.0,500.0,500,,,,,,,,,,0,6.44,6,7.0,1000,16.0,,0,220,0.0,0.0,0.0,0.0,0.0,0.0,0,207.0,268.0,185,30.0,0,70,,,0,760.0,0.0,1506,0.0,1506.0,760.0,746,1177.0,0,70,220,0,0,0,185,702.0,887.0,7745.0,887.0,220,,,,,,,,May-2026,,,,,,,0.0,,,0.0,,,,,
2026-05-28,,,129.0,,129,0,0,3870,0,3870,1434,1.0,15.7,14.0,96.15,9.9,24.55,5.4,30.0,16.0,350.0,61.7,0.0,8.3,5.0,65.0,1955.08,222.0,4.5,0.0,3.0,32.0,928.0,244.0,1.0,3.0,12.0,72.0,72.0,0.0,0.0,127.0,3.0,120.0,0.0,0.0,16.9,8.12,9.0,8.0,1200.0,600.0,600,,,,,,,,,,0,8.12,9,8.0,1200,16.9,,0,120,4.7,600.0,1.0,5.2,72.0,50.0,122,624.0,185.0,127,100.0,222,244,,100.0,350,1952.0,2000.0,746,2000.0,2746.0,1952.0,794,2339.0,222,244,120,0,122,350,127,914.0,1391.0,7358.0,1041.0,242,,,,,,,,May-2026,5.6,1000.0,1.0,4.7,140.0,100.0,240.0,,,240.0,,,,,
2026-05-29,,17.0,91.0,,108,0,510,2730,0,3240,1200,3.0,17.6,16.0,101.95,11.2,24.1,5.6,36.0,14.7,350.0,66.65,5.1,8.1,5.0,68.0,2237.05,390.0,4.0,0.0,4.0,45.0,1305.0,160.0,1.0,1.2,5.0,30.0,30.0,0.0,0.0,0.0,3.0,333.0,60.0,0.63,17.1,6.57,6.0,7.0,900.0,600.0,300,,,,,,,,,,0,6.57,6,7.0,900,17.1,,60,393,4.5,600.0,1.0,5.0,65.0,45.0,110,730.0,390.0,0,128.0,390,160,0.0,200.0,350,2448.0,2000.0,794,2000.0,2794.0,2448.0,346,2417.0,390,160,393,0,110,350,0,900.0,1250.0,7389.0,900.0,503,,,,,,,,May-2026,2.5,400.0,1.0,3.6,64.0,50.0,114.0,100.0,,114.0,,,,,
2026-05-30,5.0,29.0,33.0,,67,150,870,990,0,2010,745,3.0,11.4,14.0,61.65,6.5,0.0,3.8,24.0,10.3,202.0,55.15,0.0,0.0,0.0,0.0,0.0,0.0,4.4,0.0,2.0,42.0,1218.0,170.0,1.0,5.0,25.0,150.0,150.0,0.0,0.0,100.0,3.0,295.0,30.0,1.9,20.2,5.23,6.0,6.0,800.0,400.0,400,,,,,,,,,,0,5.23,6,6.0,800,20.2,,30,325,3.4,500.0,1.0,4.3,58.0,35.0,93,980.0,195.0,100,80.0,0,170,,0.0,202,1727.0,2500.0,346,2500.0,2846.0,1727.0,1119,1599.0,0,170,325,0,93,202,100,709.0,1011.0,7517.0,809.0,418,,,,,,,,May-2026,0.0,0.0,0.0,0.0,0.0,,0.0,,,0.0,,,,,
2026-05-31,,,,,0,0,0,0,0,0,0,,,,,,,,,,,0.0,,,,,,,,,,,,,,,,,,,0.0,,,,,,,,,,,,0,,,,,,,,,,0,0.0,0,0.0,0,0.0,,0,0,,,,,,,0,,,0,,0,0,,,0,0.0,,1119,0.0,1119.0,0.0,1119,,0,0,0,0,0,0,0,0.0,0.0,,,0,,,,,,,,May-2026,,,,,,,0.0,,,0.0,,,,,
2026-06-01,,98.0,37.0,,135,0,2940,1110,0,4050,1500,2.0,15.8,16.0,106.25,14.65,0.0,5.0,37.0,14.8,350.0,91.6,,,,,,,8.3,0.0,3.0,71.0,2059.0,300.0,1.0,6.0,31.0,186.0,186.0,0.0,0.0,0.0,3.0,314.0,0.0,0.0,21.2,8.31,9.0,9.0,1100.0,500.0,600,,,,,,,,,,0,8.31,9,9.0,1100,21.2,,0,314,,,,,,,0,1285.0,460.0,0,151.0,0,300,0.0,,350,3581.0,2600.0,1119,2600.0,3719.0,3581.0,138,2693.0,0,300,314,0,0,350,0,1318.0,1668.0,7237.0,,314,,37.0,,,,,,June-2026,8.3,1640.0,1.0,10.8,241.0,170.0,411.0,435.0,,411.0,,600.0,7525.0,300.0,
2026-06-02,,113.0,62.0,,175,0,3390,1860,0,5250,1945,2.0,16.5,16.0,130.65,1.7,21.95,6.0,62.0,17.5,430.0,107.00000000000001,0.0,7.2,5.0,68.0,2017.26,335.0,1.0,0.0,2.0,8.0,232.0,30.0,1.0,5.0,25.0,150.0,150.0,0.0,0.0,250.0,1.0,145.0,0.0,,9.1,7.76,8.0,8.0,1200.0,600.0,600,,,,,,,,,,0,7.76,8,8.0,1200,9.1,,0,145,9.7,1500.0,1.0,9.5,240.0,120.0,360,1327.0,44.0,250,100.0,335,30,,200.0,430,3138.0,3000.0,138,3000.0,3138.0,3138.0,0,3508.0,335,30,145,0,360,430,250,1711.0,2391.0,0.0,,505,,62.0,,,,,,June-2026,4.3,1200.0,1.0,8.4,157.0,90.0,247.0,422.0,,247.0,,,7155.0,,
2026-06-03,75.0,22.0,49.0,,146,2250,660,1470,0,4380,1623,2.0,16.4,17.0,137.9,2.0,28.75,6.6,45.0,17.3,0.0,107.15,6.0,7.4,6.0,82.0,2902.3799999999997,510.0,1.7,0.0,2.0,12.0,348.0,55.0,1.0,6.0,25.0,150.0,150.0,,0.0,450.0,3.0,471.0,0.0,0.0,25.8,9.4,9.0,9.0,1300.0,700.0,600,,,,,,,,,,0,9.4,9,9.0,1300,25.8,,0,471,9.0,1500.0,1.0,8.8,0.0,70.0,70,1285.0,369.0,450,171.0,510,55,0.0,200.0,0,3440.0,3500.0,0,3500.0,3500.0,3440.0,60,3508.0,510,55,471,0,70,0,450,1682.0,2132.0,61.0,,541,,45.0,,,,,,June-2026,5.4,1500.0,1.0,7.8,160.0,110.0,270.0,400.0,,270.0,,,7087.0,,
2026-06-04,106.0,0.0,47.0,8.0,161,3180,0,1410,240,4830,1789,3.0,20.2,16.0,130.73,19.75,0.0,6.2,42.0,17.9,552.0,110.97999999999999,0.0,0.0,0.0,0.0,0.0,,0.0,7.3,5.0,36.0,1044.0,210.0,2.0,9.1,35.0,183.8,130.2,53.6,0.0,435.0,2.0,358.0,0.0,0.0,23.6,8.94,10.0,10.0,1300.0,700.0,600,,,,,,,,,,0,8.94,10,10.0,1300,23.6,,0,358,9.2,1500.0,1.0,8.0,202.0,90.0,292,1929.0,547.0,435,105.0,0,210,,282.0,552,4260.0,4200.0,60,4200.0,4260.0,4260.0,0,3812.0,0,210,358,0,292,552,435,1685.0,2672.0,0.0,,650,,42.0,,,,,,June-2026,1.6,450.0,1.0,10.5,250.0,30.0,280.0,200.0,,280.0,,,7615.0,,
2026-06-05,,63.0,59.0,3.0,125,0,1890,1770,90,3750,1389,3.0,14.6,16.0,107.97,2.0,28.45,3.2,16.0,10.4,350.0,77.52,5.1,7.2,7.0,65.0,2367.32,440.0,1.0,0.0,2.0,10.0,290.0,40.0,2.0,10.0,28.0,172.8,0.0,172.8,0.0,425.0,2.0,155.0,460.0,7.18,10.8,6.66,6.0,7.0,1800.0,900.0,900,,,,,,,,,,0,6.66,6,7.0,1800,10.8,,460,615,6.4,1000.0,1.0,12.8,157.0,75.0,232,1380.0,353.0,425,100.0,440,40,0.0,195.0,350,3533.0,4500.0,0,4500.0,4500.0,3533.0,967,3382.0,440,40,615,0,232,350,425,1075.0,1850.0,968.0,,847,,16.0,,,,,,June-2026,4.1,1200.0,1.0,8.1,120.0,85.0,205.0,250.0,,205.0,,,7766.0,,
2026-06-06,55.0,118.0,,67.0,240,1650,3540,0,2010,7200,2667,3.0,22.4,18.0,117.5,8.9,0.0,6.2,48.0,17.6,350.0,108.6,0.0,0.0,0.0,0.0,0.0,0.0,2.0,2.4,3.0,28.0,812.0,190.0,3.0,12.8,33.0,224.1,,224.1,0.0,663.0,5.0,851.0,56.0,1.13,46.6,9.59,10.0,10.0,2000.0,1000.0,1000,,,,,,,,,,0,9.59,10,10.0,2000,46.6,,56,907,9.8,1500.0,1.0,10.1,130.0,100.0,230,1604.0,556.0,663,326.0,0,190,0.0,0.0,350,3689.0,3000.0,967,3000.0,3967.0,3689.0,278,4377.0,0,190,907,0,230,350,663,1862.0,2875.0,279.0,,1137,,48.0,,,,,,June-2026,0.0,0.0,1.0,7.0,175.0,0.0,175.0,0.0,,175.0,,,7078.0,,
2026-06-07,,,,,0,0,0,0,0,0,0,,,,,,,,0.0,,,0.0,,,,,,,,,,,0.0,,,,,,,,0.0,,,,,,,,,,,,0,,,,,,,,,,0,0.0,0,0.0,0,0.0,,0,0,,,,,,,0,,,0,,0,0,,,0,0.0,,278,0.0,278.0,0.0,278,,0,0,0,0,0,0,0,0.0,0.0,,,0,,,,,,,,June-2026,,,,,,,0.0,,,0.0,,,,,
2026-06-08,8.0,35.0,76.0,104.0,223,240,1050,2280,3120,6690,2478,3.0,21.7,17.0,130.3,0.0,0.0,6.4,29.0,18.1,380.0,130.3,0.0,0.0,0.0,0.0,0.0,0.0,0.0,0.0,0.0,0.0,0.0,0.0,3.0,13.4,30.0,196.3,,196.3,0.0,350.0,3.0,211.0,0.0,0.0,18.6,8.25,9.0,10.0,1800.0,900.0,900,,,,,,,,,,0,8.25,9,10.0,1800,18.6,,0,211,0.0,0.0,0.0,0.0,0.0,0.0,0,1881.0,421.0,350,140.0,0,0,0.0,0.0,380,3172.0,3500.0,278,3500.0,3778.0,3172.0,606,2619.0,0,0,211,0,0,380,350,1613.0,2343.0,608.0,,211,,29.0,,0.0,,,,June-2026,1.5,450.0,1.0,2.9,35.0,30.0,65.0,0.0,,65.0,,,7631.0,,
2026-06-09,22.0,48.0,45.0,38.0,153,660,1440,1350,1140,4590,1700,3.0,19.0,17.0,133.15,,32.35,4.4,38.0,17.4,400.0,100.80000000000001,0.0,10.6,7.0,111.0,3570.18,300.0,,,,,0.0,,3.0,12.4,41.0,189.0,,189.0,0.0,834.0,2.0,156.0,52.0,1.91,17.8,5.7,6.0,6.0,1200.0,600.0,600,,,,,,,,,,0,5.7,6,6.0,1200,17.8,,52,208,0.0,0.0,0.0,0.0,0.0,0.0,0,1312.0,476.0,834,0.0,300,0,0.0,0.0,400,3694.0,3500.0,606,3500.0,4106.0,3694.0,412,3143.0,300,0,208,0,0,400,834,1354.0,2588.0,414.0,,208,,38.0,,,,,,June-2026,2.6,750.0,0.0,0.0,0.0,47.0,47.0,372.0,,47.0,,,8182.0,,
2026-06-10,108.0,,38.0,15.0,161,3240,0,1140,450,4830,1789,2.0,16.8,19.0,148.4,8.1,34.6,6.0,53.0,17.7,400.0,105.70000000000002,4.3,6.9,9.0,113.0,3692.33,500.0,0.8,1.9,4.0,24.0,696.0,120.0,3.0,11.1,44.0,119.0,,119.0,0.0,333.0,2.0,220.0,0.0,0.0,10.9,7.59,8.0,8.0,1200.0,600.0,600,,,,,,,,,,0,7.59,8,8.0,1200,10.9,,0,220,4.4,600.0,1.0,9.0,108.0,45.0,153,1370.0,388.0,333,232.0,500,120,,200.0,400,3643.0,3500.0,412,3500.0,3912.0,3643.0,269,3413.0,500,120,220,0,153,400,333,1279.0,2012.0,271.0,,373,,53.0,,,,,,June-2026,4.6,1350.0,1.0,12.5,315.0,93.0,408.0,100.0,,408.0,,,7982.0,430.0,
2026-06-11,83.0,0.0,8.0,22.0,113,2490,0,240,660,3390,1256,2.0,12.5,17.0,148.3,9.95,43.0,3.9,30.0,17.7,687.0,95.35000000000002,4.3,10.4,8.0,98.0,3277.4399999999996,641.0,,5.8,7.0,27.0,783.0,175.0,2.0,9.1,26.0,118.2,,118.2,0.0,371.0,4.0,557.0,0.0,0.0,38.8,9.36,10.0,10.0,1214.0,614.0,600,,,,,,,,,,0,9.36,10,10.0,1214,38.8,,0,557,0.0,,0.0,0.0,,0.0,0,2137.0,337.0,371,240.0,641,175,100.0,105.0,687,4993.0,5026.0,269,5026.0,5295.0,4993.0,302,3858.0,641,175,557,0,0,687,371,1072.0,2130.0,304.0,,557,,30.0,,,,,,June-2026,2.4,700.0,1.0,23.0,310.0,45.0,355.0,200.0,,355.0,,,9117.0,,
2026-06-12,31.0,0.0,17.0,80.0,128,930,0,510,2400,3840,1423,2.0,14.8,18.0,131.7,0.0,34.48,5.1,38.0,18.8,200.0,97.22,5.0,13.9,6.0,126.0,4082.89,565.0,0.0,0.0,0.0,0.0,0.0,0.0,3.0,6.7,22.0,136.0,,136.0,0.0,494.0,4.0,282.0,0.0,0.0,14.0,9.38,10.0,10.0,1500.0,800.0,700,,,,,,,,,,0,9.38,10,10.0,1500,14.0,,0,282,6.0,700.0,1.0,6.5,77.0,70.0,147,1489.0,312.0,494,180.0,565,0,,100.0,200,3690.0,3754.0,302,3754.0,4056.0,3690.0,366,3053.0,565,0,282,0,147,200,494,1115.0,1809.0,368.0,,429,,7.0,,31.0,,,,June-2026,5.1,1500.0,1.0,5.5,150.0,100.0,250.0,350.0,,250.0,,,9753.0,,
2026-06-13,22.0,17.0,2.0,90.0,131,660,510,60,2700,3930,1456,2.0,15.9,18.0,133.6,1.4,36.2,5.6,22.0,11.8,200.0,95.99999999999999,3.0,8.2,6.0,99.0,3192.96,470.0,0.0,1.4,6.0,8.0,232.0,35.0,3.0,11.9,50.0,197.0,0.0,197.0,0.0,263.0,2.0,196.0,0.0,0.0,25.0,5.0,5.0,6.0,800.0,400.0,400,,,,,,,,,,0,5.0,5,6.0,800,25.0,,0,196,8.0,1000.0,1.0,10.0,200.0,80.0,280,239.0,549.0,263,25.0,470,35,0.0,300.0,200,2081.0,3000.0,366,3000.0,3366.0,2081.0,1285,2980.0,470,35,196,0,280,200,263,1491.0,1954.0,1287.0,,476,,2.0,,20.0,,,,June-2026,2.4,700.0,0.0,0.0,0.0,45.0,45.0,,,45.0,,,,,
2026-06-14,,,,,0,0,0,0,0,0,0,,,,,,,,0.0,,,0.0,,,,,,,,,,,0.0,,,,,,,,0.0,,,,,,,,,,,,0,,,,,,,,,,0,0.0,0,0.0,0,0.0,,0,0,,,,,,,0,,,0,,0,0,,,0,0.0,,1285,0.0,1285.0,0.0,1285,,0,0,0,0,0,0,0,0.0,0.0,,,0,,,,,,,,June-2026,,,,,,,0.0,,,0.0,,,,,
2026-06-15,115.0,0.0,77.0,11.0,203,3450,0,2310,330,6090,2256,2.0,16.5,14.0,90.95,0.0,0.0,6.0,48.0,16.4,200.0,90.95,,,,,,,,,,,0.0,,,0.0,,,,,0.0,0.0,3.0,306.0,0.0,0.0,34.1,9.21,10.0,10.0,1500.0,800.0,700,,,,,,,,,,0,9.21,10,10.0,1500,34.1,,0,306,5.9,600.0,1.0,5.1,30.0,100.0,130,658.0,226.0,0,116.0,0,0,,100.0,200,1550.0,2000.0,1285,2000.0,3285.0,1550.0,1735,1977.0,0,0,306,0,130,200,0,1341.0,1541.0,1737.0,,436,,48.0,,,,,,June-2026,,0.0,0.0,0.0,0.0,0.0,0.0,250.0,,0.0,,,8628.0,,
2026-06-16,42.0,,119.0,7.0,168,1260,0,3570,210,5040,1867,3.0,38.2,18.0,130.5,0.0,10.0,6.0,48.0,20.9,200.0,120.5,0.0,4.0,4.0,32.0,1005.44,150.0,0.0,0.0,0.0,0.0,0.0,0.0,1.0,3.3,26.0,32.0,,32.0,0.0,150.0,3.0,569.0,0.0,0.0,26.5,8.62,10.0,9.0,1400.0,700.0,700,,,,,,,,,,0,8.62,10,9.0,1400,26.5,,0,569,7.5,700.0,1.0,7.8,126.0,30.0,156,3030.0,607.0,150,100.0,150,0,0.0,150.0,200,4387.0,3256.0,1735,3256.0,4991.0,4387.0,604,3175.0,150,0,569,0,156,200,150,1950.0,2300.0,606.0,,725,,48.0,,,,,,June-2026,0.0,0.0,0.0,0.0,0.0,0.0,0.0,0.0,,0.0,,,9640.0,,
2026-06-17,47.0,,96.0,11.0,154,1410,0,2880,330,4620,1712,3.0,22.6,18.0,137.1,0.0,37.3,4.5,40.0,19.2,908.0,99.8,0.0,9.4,7.0,75.0,2525.8400000000006,445.0,,,,,0.0,,2.0,8.5,57.0,143.3,,143.3,0.0,230.0,5.0,451.0,0.0,0.0,29.8,5.86,7.0,8.0,950.0,450.0,500,,,,,,,,,,0,5.86,7,8.0,950,29.8,,0,451,5.1,500.0,1.0,5.6,70.0,60.0,130,345.0,593.0,230,67.0,445,0,,100.0,908,2888.0,2908.0,604,2908.0,3512.0,2888.0,624,3609.0,445,0,451,0,130,908,230,1380.0,2518.0,627.0,,581,,40.0,,,,,,June-2026,1.6,300.0,1.0,10.5,30.0,35.0,65.0,200.0,,65.0,,,8919.0,,
2026-06-18,17.0,,140.0,,157,510,0,4200,0,4710,1745,3.0,21.1,18.0,105.35,,27.25,4.7,32.0,12.7,200.0,78.1,0.0,5.2,5.0,37.0,1227.8899999999999,275.0,,,,,0.0,,2.0,6.6,33.0,103.2,,103.2,0.0,215.0,4.0,375.0,,,21.8,6.65,7.0,7.0,1100.0,600.0,500,5.0,5.0,400.0,200.0,200.0,1.0,5.7,74.0,534.0,608,11.65,12,12.0,1500,27.5,,534,983,2.8,250.0,0.0,0.0,0.0,30.0,30,282.0,248.0,215,100.0,275,0,600.0,100.0,200,2420.0,2000.0,624,2000.0,2624.0,2420.0,204,3085.0,275,0,375,608,30,200,215,1160.0,1575.0,207.0,,1013,,32.0,,,,,,June-2026,4.3,800.0,1.0,2.2,150.0,72.0,222.0,400.0,,222.0,,,8179.0,,
2026-06-19,,,173.0,1.0,174,0,0,5190,30,5220,1934,3.0,19.2,19.0,102.95,5.0,0.0,6.6,53.0,20.7,200.0,97.95,,,,,,,2.4,1.2,3.0,22.0,638.0,120.0,2.0,7.3,42.0,159.6,,159.6,0.0,351.0,4.0,475.0,,,28.9,4.38,5.0,5.0,1400.0,600.0,800,0.0,0.0,0.0,0.0,0.0,0.0,0.0,0.0,0.0,0,4.38,5,5.0,1400,28.9,,0,475,0.0,0.0,0.0,0.0,0.0,0.0,0,1755.0,570.0,351,114.0,0,120,0.0,0.0,200,3360.0,4365.0,204,4365.0,4569.0,3360.0,1209,2701.0,0,120,475,0,0,200,351,1132.0,1683.0,1212.0,,475,,53.0,,,,,,June-2026,5.6,1400.0,1.0,14.2,300.0,123.0,423.0,250.0,,423.0,,,8913.0,,
2026-06-20,,13.0,213.0,,226,0,390,6390,0,6780,2512,3.0,26.2,19.0,136.4,4.35,7.3,6.5,44.0,19.1,100.0,124.75000000000001,2.0,1.5,5.0,16.0,576.91,90.0,4.4,0.0,4.0,19.0,551.0,85.0,2.0,11.0,58.0,209.2,,209.2,0.0,217.0,4.0,281.0,0.0,0.0,18.0,6.16,7.0,7.0,1000.0,500.0,500,0.0,0.0,0.0,0.0,0.0,1.0,18.5,159.0,0.0,159,6.16,7,7.0,1000,36.5,,0,440,0.0,0.0,1.0,0.0,0.0,0.0,0,1831.0,407.0,217,50.0,90,85,,,100,3080.0,3339.0,1209,3339.0,4548.0,3080.0,1468,2470.0,90,85,281,159,0,100,217,1395.0,1712.0,1471.0,,440,,44.0,,,,,,June-2026,4.3,1050.0,2.0,5.4,46.0,97.0,143.0,300.0,,143.0,,,9523.0,,
2026-06-21,,,,,0,0,0,0,0,0,0,,,,,,,,0.0,,,0.0,,,,,,,,,,,0.0,,,,,,,,0.0,,,,,,,,,,,,0,,,,,,,,,,0,0.0,0,0.0,0,0.0,,0,0,,,,,,,0,,,0,,0,0,,,0,0.0,,1468,0.0,1468.0,0.0,1468,,0,0,0,0,0,0,0,0.0,0.0,,,0,,,,,,,,June-2026,,,,,,,0.0,,,0.0,,,,,
2026-06-22,,56.0,178.0,,234,0,1680,5340,0,7020,2600,3.0,27.2,20.0,156.0,7.4,26.65,6.5,50.0,21.9,200.0,121.94999999999999,2.4,5.2,7.0,59.0,2145.68,420.0,1.5,1.5,7.0,20.0,580.0,105.0,2.0,10.7,43.0,163.6,,163.6,0.0,550.0,4.0,325.0,0.0,0.0,19.8,5.41,6.0,7.0,800.0,400.0,400,0.0,0.0,0.0,0.0,0.0,0.0,0.0,0.0,0.0,0,5.41,6,7.0,800,19.8,,0,325,4.5,350.0,1.0,8.7,96.0,70.0,166,400.0,198.0,550,132.0,420,105,,300.0,200,2422.0,2000.0,1468,2000.0,3468.0,2422.0,1046,3526.0,420,105,325,0,166,200,550,1511.0,2261.0,1046.0,,491,,45.0,,5.0,,,,June-2026,4.5,1000.0,1.0,7.7,157.0,92.0,249.0,117.0,,249.0,,,8419.0,,
2026-06-23,23.0,76.0,33.0,,132,690,2280,990,0,3960,1467,3.0,20.5,19.0,126.55,11.35,15.6,4.2,34.0,14.8,251.0,99.60000000000001,0.0,4.8,7.0,56.0,1850.6,170.0,0.0,2.8,7.0,24.0,696.0,120.0,2.0,6.5,28.0,106.3,,106.3,0.0,350.0,5.0,277.0,0.0,,20.1,5.24,5.0,5.0,850.0,450.0,400,0.0,0.0,0.0,0.0,,0.0,0.0,,,0,5.24,5,5.0,850,20.1,,0,277,6.8,800.0,1.0,8.7,62.0,50.0,112,2705.0,475.0,350,100.0,170,120,,0.0,251,4671.0,4069.0,1046,4069.0,5115.0,4671.0,444,2899.0,170,120,277,0,112,251,350,1458.0,2059.0,,,389,,33.0,,1.0,,,,June-2026,2.8,500.0,1.0,7.8,111.0,50.0,161.0,500.0,,161.0,,,10191.0,,
2026-06-24,115.0,41.0,1.0,13.0,170,3450,1230,30,390,5100,1889,3.0,25.1,23.0,169.55,26.1,13.0,4.7,12.0,15.5,925.0,130.45000000000002,0.0,3.3,7.0,40.0,1324.45,130.0,0.0,5.9,9.0,36.0,1044.0,250.0,3.0,8.2,51.0,161.0,,161.0,0.0,279.0,4.0,372.0,,,30.5,6.34,7.0,8.0,1100.0,600.0,500,2.0,4.2,600.0,400.0,200.0,2.0,16.9,116.0,296.0,412,8.34,9,12.2,1700,47.4,,296,784,1.4,200.0,1.0,3.5,23.0,15.0,38,512.0,306.0,279,229.0,130,250,680.0,0.0,925,3491.0,3671.0,444,3671.0,4115.0,3491.0,624,4730.0,130,250,372,412,38,925,279,2144.0,3348.0,624.0,,822,,,,12.0,,,,June-2026,4.2,1275.0,1.0,6.0,180.0,0.0,180.0,180.0,,180.0,,,8952.0,,
2026-06-25,112.0,35.0,17.0,1.0,165,3360,1050,510,30,4950,1834,3.0,25.2,19.0,158.95,11.2,9.9,3.7,27.0,15.4,0.0,137.85,0.0,3.1,7.0,32.0,1092.99,145.0,6.5,2.0,3.0,51.0,1479.0,281.0,2.0,13.0,95.0,282.0,99.0,72.0,111.0,387.0,2.0,288.0,,,15.9,0.0,0.0,0.0,0.0,0.0,0,8.0,7.0,850.0,450.0,400.0,3.0,16.8,226.0,300.0,526,8.0,8,7.0,850,32.7,,300,814,4.7,600.0,2.0,11.7,125.0,50.0,175,1842.0,100.0,387,75.0,145,281,308.0,300.0,0,3668.0,3286.0,624,3286.0,3910.0,3668.0,242,3838.0,145,281,288,526,175,0,387,1715.0,2102.0,242.0,,989,,1.0,,26.0,,,,June-2026,6.7,2000.0,3.0,18.7,106.0,215.0,321.0,230.0,,321.0,,,8827.0,,
2026-06-26,53.0,11.0,13.0,30.0,107,1590,330,390,900,3210,1189,3.0,19.3,21.0,127.6,0.0,35.05,4.3,25.0,16.9,250.0,92.55,2.6,4.2,10.0,77.0,2677.31,303.0,0.0,0.0,0.0,0.0,0.0,0.0,2.0,10.0,61.0,183.0,75.0,51.0,57.0,470.0,5.0,262.0,0.0,0.0,18.9,2.59,3.0,3.0,480.0,80.0,400,8.0,5.5,1350.0,600.0,750.0,1.0,8.0,145.0,200.0,345,10.59,11,8.5,1830,26.9,,200,607,3.7,500.0,2.0,4.5,61.0,15.0,76,1519.0,353.0,470,40.0,303,0,0.0,50.0,250,3335.0,3672.0,242,3672.0,3914.0,3335.0,579,3174.0,303,0,262,345,76,250,470,998.0,1718.0,579.0,,683,,5.0,,20.0,,,,June-2026,2.4,700.0,3.0,11.9,422.0,48.0,470.0,350.0,,470.0,,,8988.0,,
2026-06-27,32.0,0.0,7.0,30.0,69,960,0,210,900,2070,767,3.0,14.6,19.0,12.85,1.65,0.0,4.2,20.0,14.6,0.0,11.2,0.0,0.0,0.0,0.0,0.0,0.0,1.3,0.0,1.0,7.0,203.0,41.0,2.0,9.0,44.0,132.0,66.0,21.0,45.0,395.0,4.0,367.0,,,21.9,6.05,6.0,7.0,700.0,350.0,350,0.0,0.0,0.0,0.0,0.0,0.0,0.0,0.0,0.0,0,6.05,6,7.0,700,21.9,,0,367,2.5,300.0,1.0,2.0,20.0,25.0,45,1458.0,827.0,395,168.0,0,41,0.0,256.0,0,3145.0,7958.0,579,7958.0,8537.0,3145.0,5392,1932.0,0,41,367,0,45,0,395,1084.0,1479.0,5392.0,,412,,,,20.0,,,,June-2026,,,,,,,0.0,,,0.0,,,10201.0,,
2026-06-28,0.0,0.0,0.0,0.0,0,0,0,0,0,0,0,0.0,0.0,0.0,0.0,0.0,0.0,0.0,0.0,0.0,0.0,0.0,0.0,0.0,0.0,0.0,0.0,0.0,0.0,0.0,0.0,0.0,0.0,0.0,0.0,0.0,0.0,0.0,0.0,0.0,0.0,0.0,0.0,0.0,0.0,0.0,0.0,0.0,0.0,0.0,0.0,0.0,0,0.0,0.0,0.0,0.0,0.0,0.0,0.0,0.0,0.0,0,0.0,0,0.0,0,0.0,,0,0,0.0,0.0,0.0,0.0,0.0,0.0,0,0.0,0.0,0,0.0,0,0,0.0,0.0,0,0.0,0.0,5392,0.0,5392.0,0.0,5392,0.0,0,0,0,0,0,0,0,0.0,0.0,,,0,,0.0,,0.0,,,,June-2026,0.0,0.0,0.0,0.0,0.0,0.0,0.0,0.0,,0.0,,0.0,,,
2026-06-29,21.0,,28.0,32.0,81,630,0,840,960,2430,900,2.0,10.3,21.0,126.15,0.0,54.15,3.2,11.0,12.6,933.0,72.0,5.8,5.8,12.0,140.0,5070.9,625.0,0.0,0.0,0.0,0.0,0.0,0.0,1.0,6.0,25.0,60.0,,60.0,0.0,350.0,4.0,494.0,0.0,0.0,28.6,8.0,10.0,13.0,1280.0,640.0,640,9.0,10.0,800.0,600.0,200.0,1.0,7.8,166.0,325.0,491,17.0,19,23.0,2080,36.4,,325,985,5.2,700.0,2.0,10.0,109.0,55.0,164,75.0,0.0,350,199.0,625,0,574.0,0.0,933,3006.0,733.0,5392,733.0,6125.0,3006.0,3119,4054.0,625,0,494,491,164,933,350,833.0,2116.0,3119.0,,1149,,10.0,,1.0,,,,June-2026,0.0,0.0,1.0,6.3,164.0,0.0,164.0,250.0,,164.0,,,9153.0,,
2026-06-30,36.0,,55.0,76.0,167,1080,0,1650,2280,5010,1856,2.0,15.4,24.0,154.4,7.0,20.3,6.4,51.0,23.2,100.0,127.10000000000001,0.0,6.2,9.0,63.0,1983.2400000000002,288.0,0.5,1.6,4.0,18.0,522.0,95.0,3.0,15.6,64.0,216.0,114.0,102.0,0.0,431.0,2.0,203.0,678.0,19.75,14.7,5.35,5.0,2.0,860.0,420.0,440,4.0,3.8,500.0,400.0,100.0,1.0,4.3,0.0,175.0,175,9.35,9,5.8,1360,19.0,,853,1056,5.0,600.0,1.0,5.6,60.0,40.0,100,2860.16,632.0,431,0.0,288,95,,,100,4456.16,2243.16,3119,2243.16,5362.16,4456.16,906,4177.16,288,95,881,175,100,100,431,2085.16,2616.16,,,1156,,51.0,,0.0,,,,June-2026,1.2,0.0,0.0,0.0,22.0,0.0,22.0,50.0,,22.0,,,9432.0,,
2026-07-01,,,,,0,0,0,0,0,0,0,,,,,,,,0.0,,,0.0,,,,,,,,,,,0.0,,,,,,,,0.0,,,,,,,,,,,,0,,,,,,,,,,0,0.0,0,0.0,0,0.0,,0,0,,,,,,,0,,,0,,0,0,,,0,0.0,,906,0.0,906.0,0.0,906,,0,0,0,0,0,0,0,0.0,0.0,,,0,,,,,,,,June-2026,,,,,,,0.0,,,0.0,,,,,
