Date,Zone,SE_Number,SE_Name,SE_Phone,Customer_Name,Machine_Serial_No,Visit_Type,Job_Details,Customer_Contact,Call_ID,Follow_ID,Call_Status,Date_Parsed,SE_Status
31.05.26,Jharsuguda,1,R. Ruturaj(TL),7894435110,,,,,,,,Active,2026-05-31,Field (Active)
31.05.26,Jharsuguda,2,Dipti Ranjan Moharana,7606005573,,,,,,,,Active,2026-05-31,Field (Active)
31.05.26,Jharsuguda,3,Kaushik  Atta,7894438248,,,,,,,,Active,2026-05-31,Field (Active)
31.05.26,Sambalpur,4,Janmenjaya Jena (TL),7894435108,,,,,,,,Active,2026-05-31,Field (Active)
31.05.26,Sambalpur,5,Tofan Ku Jena,7894435327,,,,,,,,Active,2026-05-31,Field (Active)
31.05.26,Sambalpur,6,Satyabrata Ojha,7894435103,,,,,,,,Active,2026-05-31,Field (Active)
31.05.26,Sambalpur,7,Arupananda Sahoo,7735659544,,,,,,,,Active,2026-05-31,Field (Active)
31.05.26,Rourkela,8,Saroj Dandpat(TL),7894435147,,,,,,,,Active,2026-05-31,Field (Active)
31.05.26,Rourkela,9,Satyasiba Pradhan,7894435096,,,,,,,,Active,2026-05-31,Field (Active)
31.05.26,Rourkela,10,Mahendra Pal,7894435092,,,,,,,,Active,2026-05-31,Field (Active)
31.05.26,Rourkela,11,Sukra Xaxa(Welder),9776078701,,,,,,,,Active,2026-05-31,Field (Active)
31.05.26,Rourkela,12,Ranjit Ojha(TL),7894435084,,,,,,,,Active,2026-05-31,Field (Active)
31.05.26,Rourkela,13,Niranjana Khatua,7894435082,,,,,,,,Active,2026-05-31,Field (Active)
31.05.26,Rourkela,14,D Nageswar Rao,8260836383,,,,,,,,Active,2026-05-31,Field (Active)
31.05.26,Rourkela,15,Durga Prasad Murmu,6372469587,,,,,,,,Active,2026-05-31,Field (Active)
31.05.26,Rourkela,16,Bikash ku Gochi(JEYPORE)(WELDER),6353724864,,,,,,,,Active,2026-05-31,Field (Active)
31.05.26,Rourkela,17,Ranjan Naik(Jeypore)-(WELDER)08.01.26,7008910970,,,,,,,,Active,2026-05-31,Field (Active)
31.05.26,Rourkela,18,Hari Bhoi,7606005594,,,,,,,,Active,2026-05-31,Field (Active)
31.05.26,Rourkela,19,Janardan Pradhan,7606005572,,,,,,,,Active,2026-05-31,Field (Active)
31.05.26,Rourkela,20,Jugal Kishore Mohanty(TL),7894435086,OFFICE FOR BILLING,,,,,,,Active,2026-05-31,Office/Workshop
31.05.26,Rourkela,21,Siba Prasad Sahu,7894435089,RETURN FROM SITE,,,,,,,Active,2026-05-31,Field (Active)
31.05.26,Rourkela,22,Prabir Ku Deo,9827883163,,,,,,,,Active,2026-05-31,Field (Active)
31.05.26,Rourkela,23,Soumya Ranjan Srichandan,7894435157,,,,,,,,Active,2026-05-31,Field (Active)
31.05.26,Rourkela,24,Bhagirathi Hembram,7855880051,,,,,,,,Active,2026-05-31,Field (Active)
31.05.26,Bhawanipatna,25,Sarat Kumar Samantray(TL),7894435043,,,,,,,,Active,2026-05-31,Field (Active)
31.05.26,Bhawanipatna,26,Nilakatheswar Sahoo,7894435042,,,,,,,,Active,2026-05-31,Field (Active)
31.05.26,Bolangir,27,Abhimanyu Pradhan (TL),7894435153,,,,,,,,Active,2026-05-31,Field (Active)
31.05.26,Bolangir,28,Tapan Kumar Bhoi,7894435146,,,,,,,,Active,2026-05-31,Field (Active)
31.05.26,Bolangir,29,Amarjit Sagar,9438060315,,,,,,,,Active,2026-05-31,Field (Active)
31.05.26,Bolangir,30,Suryakant Dehury,9938711087,,,,,,,,Active,2026-05-31,Field (Active)
31.05.26,Bolangir,31,SACHIDANANDA PRADHAN,7894435138,NAUMI MINING,ZX490,MSI,1500 HRS SERVICE,,MINING MACHINE,,Mining Machine,2026-05-31,Field (Active)
31.05.26,Barbil,32,BHAGBAT BEHERA (TL),7894438193,AMIT ALLUWALLIA,EX210,ASC,OPERATION SLOW,6371342226,,,Active,2026-05-31,Field (Active)
31.05.26,Barbil,33,UTTAM MOHANTY,7894438188,ORISSA MOTORS,ZX370,MSI,1000 HRS,9438159990,,2425720,Active,2026-05-31,Field (Active)
31.05.26,Barbil,34,SURYAKANTA MOHAPATRA,7894438186,GURU NANAK ROADLINES,ZW225,G/W,ABNORMAL NOISE FROM BOOM,9437717701,MINING MACHINE,,Mining Machine,2026-05-31,Field (Active)
31.05.26,Barbil,35,MICHALE JOSEPH,7894438192,,,,,,,,Active,2026-05-31,Field (Active)
31.05.26,Barbil,36,RAJKISHORE NAIK,7606007392,ORISSA MOTOR,EX210,MSI,M/C INSPECTION,7609961093,MINING MACHINE,,Mining Machine,2026-05-31,Field (Active)
31.05.26,Barbil,37,NIRAJ PATRA,7606007393,DALMIA BUILDCON,THEDJLL0K00068757,MSI,250 HRS SERVICE,9777070800,,2368437,Active,2026-05-31,Field (Active)
31.05.26,Barbil,38,ABHISHEK MAJUMDER,9438780720,,,,,,,,Active,2026-05-31,Field (Active)
31.05.26,Barbil,39,JAYKRISHNA BARIK (TL),7894438195,,,,,,,,Active,2026-05-31,Field (Active)
31.05.26,Barbil,40,SURENDRA PARIDA,6376645220,,,,,,,,Active,2026-05-31,Field (Active)
31.05.26,Barbil,41,Bhabagrahi Baitha,9437824136,,,,,,,,Active,2026-05-31,Field (Active)
31.05.26,Barbil,42,SAROJ KUMAR PATRA (TL),7894438189,GANDHAMARDAN LOADING AGENCY,SP13-14880,ASC,GENERAL MAINTENANCE,8917289092,,2355730,Active,2026-05-31,Field (Active)
31.05.26,Barbil,43,DEBASHIS MALLICK,7894438183,GANDHAMARDAN LOADING AGENCY,SP13-15246,EX-130SUP,GENERAL MAINTENANCE,8917289092,,,Active,2026-05-31,Field (Active)
31.05.26,Barbil,44,RAFAYATE HOSSAIN KHAN,8116285155,LEAVE,,,,,,,Active,2026-05-31,Leave
31.05.26,Barbil,1,Debabrata Majhi,7606005595,NALCO DAMAN JODI,,,,,,,Active,2026-05-31,Field (Active)
31.05.26,Workshop-Jharsuguda,2,Ashish Ku Mahapatra,8851653082,WORKSHOP,,,ANKIT SAHU AND RAJU GUPTA MISC JOB,,,,Active,2026-05-31,Office/Workshop
31.05.26,Workshop-Jharsuguda,3,Jaykrushna Sahoo,7894068791,WORKSHOP,,,ANKIT SAHU AND RAJU GUPTA MISC JOB,,,,Active,2026-05-31,Office/Workshop
31.05.26,Workshop-Jharsuguda,4,Chinmaya ku Sahoo,8280335578,WORKSHOP,,,ANKIT SAHU AND RAJU GUPTA MISC JOB,,,,Active,2026-05-31,Office/Workshop
31.05.26,Workshop-Jharsuguda,5,Sudhir Majhi,7854820816,PRAKASH PADHI,SP21-85539,MSI,2000 HRS SERVICE,9178413289,,,Active,2026-05-31,Field (Active)
31.05.26,Operator-Jharsuguda,6,Lingraj Marei,9439662750,ROURKELA TOUR,,,,,,,Active,2026-05-31,Field (Active)
31.05.26,Welder-Jharsuguda,7,BHABANI SHANKAR PATEL(NEW),8018375376,WORKSHOP,,,RAJU GUPTA MISC JOB,,,,Active,2026-05-31,Office/Workshop
31.05.26,Welder-Jharsuguda,8,ASHOK ORAM(NEW),9938628504,WORKSHOP,,,RAJU GUPTA MISC JOB,,,,Active,2026-05-31,Office/Workshop
01.06.26,Jharsuguda,1,R. Ruturaj(TL),7894435110,SRINIVAS PRADHAN,S070-16911,ASC,M/C INSPECTION,9938014387,,2425983,Active,2026-06-01,Field (Active)
01.06.26,Jharsuguda,2,Dipti Ranjan Moharana,7606005573,GUNJAN DRILLING,SP22-80286,ASC,AC PROBLEM,7295943617,,2411643,Active,2026-06-01,Field (Active)
01.06.26,Jharsuguda,3,Kaushik  Atta,7894438248,WITH RUTURAJ,,,,,,,Active,2026-06-01,Field (Support)
01.06.26,Sambalpur,4,Janmenjaya Jena (TL),7894435108,ADWIK ENTERPRISE,,ASC,ELECTRICAL PROBLEM,9778811299,CALL CANCEL,,Cancelled,2026-06-01,Field (Active)
01.06.26,Sambalpur,5,Tofan Ku Jena,7894435327,G ENGINERING,,G/W,STARTING PROBLEM,9937026260,CALL CANCEL,,Cancelled,2026-06-01,Field (Active)
01.06.26,Sambalpur,6,Satyabrata Ojha,7894435103,OFFICE,,,,,,,Active,2026-06-01,Office/Workshop
01.06.26,Sambalpur,7,Arupananda Sahoo,7735659544,LEAVE,,,,,,,Active,2026-06-01,Leave
01.06.26,Rourkela,8,Saroj Dandpat(TL),7894435147,LEAVE,,,,,,,Active,2026-06-01,Leave
01.06.26,Rourkela,9,Satyasiba Pradhan,7894435096,SHREEJA ENTERPRISE,THEWACD0VP0002747,ASC,CROSS BROKEN,9937019462,,2350395,Active,2026-06-01,Field (Active)
01.06.26,Rourkela,10,Mahendra Pal,7894435092,CENTRAL  INDIA,SP21-62089,ASC,AC PROBLEM,8650542067,,2412559,Active,2026-06-01,Field (Active)
01.06.26,Rourkela,11,Sukra Xaxa(Welder),9776078701,OFFICE,,,,,,,Active,2026-06-01,Office/Workshop
01.06.26,Rourkela,12,Ranjit Ojha(TL),7894435084,TARATARINI CONSTRUCTION,315V-8641,ASC,BKT OPERATION SLOW,8249992001,,2353971,Active,2026-06-01,Field (Active)
01.06.26,Rourkela,13,Niranjana Khatua,7894435082,BIBEK KU DEHURY,P070-21517,M/W,WARRENTY PART FITMENT,9692662427,,2426596,Active,2026-06-01,Field (Active)
01.06.26,Rourkela,14,D Nageswar Rao,8260836383,WITH SIBA,,,,,,,Active,2026-06-01,Field (Support)
01.06.26,Rourkela,15,Durga Prasad Murmu,6372469587,KHARAGPUR TRAINING,,,,,,,Active,2026-06-01,Training
01.06.26,Rourkela,16,Bikash ku Gochi(JEYPORE)(WELDER),6353724864,LEAVE,,,,,,,Active,2026-06-01,Leave
01.06.26,Rourkela,17,Ranjan Naik(Jeypore)-(WELDER)08.01.26,7008910970,JHARSUGUDA WORKSHOP,,,,,,,Active,2026-06-01,Office/Workshop
01.06.26,Rourkela,18,Hari Bhoi,7606005594,SAHADEV MANDAL,THEDA0L0T00002253,PAID,HYD OPERATION SLOW,9861448602,,2386836,Active,2026-06-01,Field (Active)
01.06.26,Rourkela,19,Janardan Pradhan,7606005572,GOURAHARI GOUDA,THEDHJL0H00003075,MSI,1000 HRS SERVICE,7649821634,,2426910,Active,2026-06-01,Field (Active)
01.06.26,Rourkela,20,Jugal Kishore Mohanty(TL),7894435086,OFFICE FOR OFFICIAL WORK,,,,,,,Active,2026-06-01,Office/Workshop
01.06.26,Rourkela,21,Siba Prasad Sahu,7894435089,KESHAB SAHUKAR,THEDJLL3T00095464,MSI,1500 HRS SERVICE,9437427852,,2340553,Active,2026-06-01,Field (Active)
01.06.26,Rourkela,22,Prabir Ku Deo,9827883163,KHARAGPUR TRAINING,,,,,,,Active,2026-06-01,Training
01.06.26,Rourkela,23,Soumya Ranjan Srichandan,7894435157,SANJAY KU MISHRA,1101-6332,ASC,TRAVEL OPERATION SLOW AND HYD OIL LEAKAGE,6372308878,,2353979,Active,2026-06-01,Field (Active)
01.06.26,Rourkela,24,Bhagirathi Hembram,7855880051,KHARAGPUR TRAINING,,,,,,,Active,2026-06-01,Training
01.06.26,Bhawanipatna,25,Sarat Kumar Samantray(TL),7894435043,OFFICE,,,,,,,Active,2026-06-01,Office/Workshop
01.06.26,Bhawanipatna,26,Nilakatheswar Sahoo,7894435042,ADITYA NARYAN RATH,SP21-85659,G/W,2500 HRS SERVICE,9438739737,,2379355,Active,2026-06-01,Field (Active)
01.06.26,Bolangir,27,Abhimanyu Pradhan (TL),7894435153,OFFICE,,,,,,,Active,2026-06-01,Office/Workshop
01.06.26,Bolangir,28,Tapan Kumar Bhoi,7894435146,SATYAPRAKASH PATI,SP20-58480,MSI,4000 HRS SERVIE,7381380283,,2426707,Active,2026-06-01,Field (Active)
01.06.26,Bolangir,29,Amarjit Sagar,9438060315,WITH TAPAN,,,,,,,Active,2026-06-01,Field (Support)
01.06.26,Bolangir,30,Suryakant Dehury,9938711087,LEAVE,,,,,,,Active,2026-06-01,Leave
01.06.26,Bolangir,31,SACHIDANANDA PRADHAN,7894435138,NAUMI MINING,ZX490,MSI,1500 HRS SERVICE,,MINING MACHINE,,Mining Machine,2026-06-01,Field (Active)
01.06.26,Barbil,32,BHAGBAT BEHERA (TL),7894438193,SHREERAM ENTERPRISE,THEWBMK0PT0000149,MSI,500 HRS SERVICE,6371342226,,2411643,Active,2026-06-01,Field (Active)
01.06.26,Barbil,33,UTTAM MOHANTY,7894438188,BANDITA MOHANTY,THEDD1L0P00000999,ASC,M/C INSPECTION,9438159990,,2357273,Active,2026-06-01,Field (Active)
01.06.26,Barbil,34,SURYAKANTA MOHAPATRA,7894438186,GURU NANAK ROADLINES,ZW225,G/W,M/C INSPECTION,9437717701,MINING MACHINE,,Mining Machine,2026-06-01,Field (Active)
01.06.26,Barbil,35,MICHALE JOSEPH,7894438192,SAIL,THEDD1L0P00001635,G/W,AC PROBLEM,9304613827,CALL NOT OPEN,,Call Not Opened,2026-06-01,Field (Active)
01.06.26,Barbil,36,RAJKISHORE NAIK,7606007392,ORISSA MOTOR,EX210,M/W,GREASING PROBLEM,7609961098,MINING MACHINE,,Mining Machine,2026-06-01,Field (Active)
01.06.26,Barbil,37,NIRAJ PATRA,7606007393,AMIT ALLUWALLIA,EX210,ASC,OPERATION SLOW,6371342226,CALL NOT OPEN,,Call Not Opened,2026-06-01,Field (Active)
01.06.26,Barbil,38,ABHISHEK MAJUMDER,9438780720,KLT,ZW225,M/W,GREASING PROBLEM,7853900207,MINING MACHINE,,Mining Machine,2026-06-01,Field (Active)
01.06.26,Barbil,39,JAYKRISHNA BARIK (TL),7894438195,ANITA PATRA,THEWAED0HT0000717,MSI,MACHINE COMMISSIONING,9438131754,,2427821,Active,2026-06-01,Field (Active)
01.06.26,Barbil,40,SURENDRA PARIDA,6376645220,ALLIENCE EARTH MOVERS,SP21-60780,ASC,HYD PUMP FITMENT,9938242021,call cancel,,Cancelled,2026-06-01,Field (Active)
01.06.26,Barbil,40,SURENDRA PARIDA,6376645220,NAUMI MINING CO,THEDD1L0H00002195,G/W,4500 HRS SERVICE,,,2430157,Active,2026-06-01,Field (Active)
01.06.26,Barbil,41,Bhabagrahi Baitha,9437824136,WITH RAJKISHORE,,,,,,,Active,2026-06-01,Field (Support)
01.06.26,Barbil,42,SAROJ KUMAR PATRA (TL),7894438189,GAJENDRA BARIK,THEWBMK0JT0000137,MSI,50 HRS MAINTENANCE & AC PROBLEM,9437632166,,2405599,Active,2026-06-01,Field (Active)
01.06.26,Barbil,43,DEBASHIS MALLICK,7894438183,JB COMMERCIAL,THEWAED0VT0000695,M/W,ABNORMAL SOUND FAN BELT,9337520003,,2427224,Active,2026-06-01,Field (Active)
01.06.26,Barbil,44,RAFAYATE HOSSAIN KHAN,8116285155,LEAVE,,,,,,,Active,2026-06-01,Leave
01.06.26,Barbil,1,Debabrata Majhi,7606005595,NALCO DAMAN JODI,,,,,,,Active,2026-06-01,Field (Active)
01.06.26,Workshop-Jharsuguda,2,Ashish Ku Mahapatra,8851653082,WORKSHOP,,,,,,,Active,2026-06-01,Office/Workshop
01.06.26,Workshop-Jharsuguda,3,Jaykrushna Sahoo,7894068791,PRAKASH PADHI,,,M/C INSPECTION,9178413289,,,Active,2026-06-01,Field (Active)
01.06.26,Workshop-Jharsuguda,4,Chinmaya ku Sahoo,8280335578,WITH JAYAKRUSHNA,,,,,,,Active,2026-06-01,Field (Support)
01.06.26,Workshop-Jharsuguda,5,Sudhir Majhi,7854820816,PRAKASH PADHI,SP21-85539,MSI,2000 HRS SERVICE,9178413289,,,Active,2026-06-01,Field (Active)
01.06.26,Operator-Jharsuguda,6,Lingraj Marei,9439662750,WORKSHOP,,,,,,,Active,2026-06-01,Office/Workshop
01.06.26,Welder-Jharsuguda,7,BHABANI SHANKAR PATEL(NEW),8018375376,WORKSHOP,,,RAJU GUPTA MISC JOB,,,,Active,2026-06-01,Office/Workshop
01.06.26,Welder-Jharsuguda,8,ASHOK ORAM(NEW),9938628504,WORKSHOP,,,RAJU GUPTA MISC JOB,,,,Active,2026-06-01,Office/Workshop
02.06.26,Jharsuguda,1,R. Ruturaj(TL),7894435110,SHREEMA TREDING,THEDA0L0K00001526,ASC,ENGINE OVER HEATING,8144661650,,2428894,Active,2026-06-02,Field (Active)
02.06.26,Jharsuguda,2,Dipti Ranjan Moharana,7606005573,TIRUPATI DRILLING,S210-41720,ASC,ELECTRICAL PROBLEM,7295943617,,2355763,Active,2026-06-02,Field (Active)
02.06.26,Jharsuguda,3,Kaushik  Atta,7894438248,WITH KAUSHIK,,,,,,,Active,2026-06-02,Field (Support)
02.06.26,Sambalpur,4,Janmenjaya Jena (TL),7894435108,TRILOCHAN BISWAL,0703-8085,G/W,ENGINE OIL LEAKGAE,7007757906,CONTINUE,2383059,Active,2026-06-02,Field (Active)
02.06.26,Sambalpur,5,Tofan Ku Jena,7894435327,WITH JANMENJAY,,,,,,,Active,2026-06-02,Field (Support)
02.06.26,Sambalpur,6,Satyabrata Ojha,7894435103,ASHISH BHOI,S070-15098,ASC,SWING DEVICE FITMENT,9861787929,CONTINUE,2394409,Active,2026-06-02,Field (Active)
02.06.26,Sambalpur,7,Arupananda Sahoo,7735659544,WITH SATYABRATA,,,,,,,Active,2026-06-02,Field (Support)
02.06.26,Rourkela,8,Saroj Dandpat(TL),7894435147,LEAVE,,,,,,,Active,2026-06-02,Leave
02.06.26,Rourkela,9,Satyasiba Pradhan,7894435096,PHONIX SOLUTIONS,SP22-80556,MSI,3000 HRS SERVICE,9337085914,,2405941,Active,2026-06-02,Field (Active)
02.06.26,Rourkela,10,Mahendra Pal,7894435092,ENVIROCARE INFRASOLUTION,SP20-65315,ASC,CENTER JOINT SEAL CAHNGE,7066705868,,2425217,Active,2026-06-02,Field (Active)
02.06.26,Rourkela,11,Sukra Xaxa(Welder),9776078701,OFFICE,,,,,,,Active,2026-06-02,Office/Workshop
02.06.26,Rourkela,12,Ranjit Ojha(TL),7894435084,OFFICE,,,,,,,Active,2026-06-02,Office/Workshop
02.06.26,Rourkela,13,Niranjana Khatua,7894435082,KAMESWAR GOLARI,THEWABD0LK0000485,ASC,STARTING PROBLEM,7978334862,,2355736,Active,2026-06-02,Field (Active)
02.06.26,Rourkela,14,D Nageswar Rao,8260836383,WITH SIBA,,,,,,,Active,2026-06-02,Field (Support)
02.06.26,Rourkela,15,Durga Prasad Murmu,6372469587,KHARAGPUR TRAINING,,,,,,,Active,2026-06-02,Training
02.06.26,Rourkela,16,Bikash ku Gochi(JEYPORE)(WELDER),6353724864,LEAVE,,,,,,,Active,2026-06-02,Leave
02.06.26,Rourkela,17,Ranjan Naik(Jeypore)-(WELDER)08.01.26,7008910970,JHARSUGUDA WORKSHOP,,,,,,,Active,2026-06-02,Office/Workshop
02.06.26,Rourkela,18,Hari Bhoi,7606005594,SAHADEV MANDAL,THEDA0L0T00002253,PAID,HYD OPERATION SLOW,9861448602,CONTINUE,2386836,Active,2026-06-02,Field (Active)
02.06.26,Rourkela,19,Janardan Pradhan,7606005572,UNICORN INDIA PVT LTD,THEADBL0E00041007,PAID,1250 HRS SERVICE,7681892968,,2430707,Active,2026-06-02,Field (Active)
02.06.26,Rourkela,20,Jugal Kishore Mohanty(TL),7894435086,K RAMANA RAO AND SOLEELO SENAPATI,,,PAYMENT COLLECTION WITH SUNIL ACHRYA,,,,Active,2026-06-02,Field (Active)
02.06.26,Rourkela,21,Siba Prasad Sahu,7894435089,URBASHI ENTERPRISE,SP21-60941,PAID,COOLANT LEAKAGE,7848952655,,2428857,Active,2026-06-02,Field (Active)
02.06.26,Rourkela,22,Prabir Ku Deo,9827883163,KHARAGPUR TRAINING,,,,,,,Active,2026-06-02,Training
02.06.26,Rourkela,23,Soumya Ranjan Srichandan,7894435157,AFTER LUNCH HOUR ALLAPA AKHILA KUMAR,,,MACHINE COMMISSIONING,,,,Active,2026-06-02,Field (Active)
02.06.26,Rourkela,24,Bhagirathi Hembram,7855880051,KHARAGPUR TRAINING,,,,,,,Active,2026-06-02,Training
02.06.26,Bhawanipatna,25,Sarat Kumar Samantray(TL),7894435043,DEWARAM CHOUDHARY/ARNAV CONSTRUCTION,THEDA0L0K00002465,ASC,WIRE HARNESS FITMENT,9571616350,,2396245,Active,2026-06-02,Field (Active)
02.06.26,Bhawanipatna,26,Nilakatheswar Sahoo,7894435042,WITH SARAT,,,,,,,Active,2026-06-02,Field (Support)
02.06.26,Bolangir,27,Abhimanyu Pradhan (TL),7894435153,DD MOHANTY,ZX140,,TRACK PARTS PROMOTION,7854342173,,,Active,2026-06-02,Field (Active)
02.06.26,Bolangir,28,Tapan Kumar Bhoi,7894435146,GANESH KHATYAT,SP21-60317,PAID,ELECTRICAL PROBLEM,9576754210,,2430094,Active,2026-06-02,Field (Active)
02.06.26,Bolangir,29,Amarjit Sagar,9438060315,WITH ABHI,,,,,,,Active,2026-06-02,Field (Support)
02.06.26,Bolangir,30,Suryakant Dehury,9938711087,WITH TAPAN,,,,,,,Active,2026-06-02,Field (Support)
02.06.26,Bolangir,31,SACHIDANANDA PRADHAN,7894435138,ORISSA MOTOR,ZW225,M/W,BREAK PROBLEM,7609961098,MINING MACHINE,,Mining Machine,2026-06-02,Field (Active)
02.06.26,Barbil,32,BHAGBAT BEHERA (TL),7894438193,SHREERAM ENTERPRISE,THEWBMK0PT0000149,M/W,CABIN DOOR RUBBER FITMENT,6371342226,,2428945,Active,2026-06-02,Field (Active)
02.06.26,Barbil,33,UTTAM MOHANTY,7894438188,MAA SERAWALI,THEDDKL0A00000059,G/W,3500 HRS SERVICE,8249244077,,2412974,Active,2026-06-02,Field (Active)
02.06.26,Barbil,34,SURYAKANTA MOHAPATRA,7894438186,GURU NANAK ROADLINES,THEDD1L0T00001908,G/W,GENERAL SERVICE,9437717701,MINING MACHINE,2428469,Mining Machine,2026-06-02,Field (Active)
02.06.26,Barbil,34,SURYAKANTA MOHAPATRA,7894438186,GURU NANAK ROADLINES,THEDD1L0C00002210,MSI,7500 HRS SERVICE,9437717701,MINING MACHINE,2428446,Mining Machine,2026-06-02,Field (Active)
02.06.26,Barbil,35,MICHALE JOSEPH,7894438192,DALMIYA BUILDCON,THEDJLL0C00068759,MSI,250 HRS SERVICE,7077071076,,2354729,Active,2026-06-02,Field (Active)
02.06.26,Barbil,36,RAJKISHORE NAIK,7606007392,ORISSA MOTOR,ZW225,M/W,BREAK PROBLEM,7609961098,MINING MACHINE,,Mining Machine,2026-06-02,Field (Active)
02.06.26,Barbil,37,NIRAJ PATRA,7606007393,S P Ispat Pvt Ltd/MAHESWAR AGENCY,SP13-14093,ASC,CONTROL VALVE LEAKAGE,9437342654,,2425121,Active,2026-06-02,Field (Active)
02.06.26,Barbil,38,ABHISHEK MAJUMDER,9438780720,KLT,ZW225,M/W,GREASING PROBLEM,7853900207,MINING MACHINE,,Mining Machine,2026-06-02,Field (Active)
02.06.26,Barbil,39,JAYKRISHNA BARIK (TL),7894438195,ANITA PATRA,THEWAED0HT0000717,M/W,MACHINE COMMISSIONING,9438131754,,2427821,Active,2026-06-02,Field (Active)
02.06.26,Barbil,40,SURENDRA PARIDA,6376645220,H & S CONSTRUCTION,S210-55706,ASC,FAN HANGER FITMENT,9583543830,,2355784,Active,2026-06-02,Field (Active)
02.06.26,Barbil,41,Bhabagrahi Baitha,9437824136,WITH NIRAJ,,,,,,,Active,2026-06-02,Field (Support)
02.06.26,Barbil,42,SAROJ KUMAR PATRA (TL),7894438189,KSHIROD MAHANTA,P130-16384,MSI,1500 HRS MAINTENANCE,9178608916,,2027047,Active,2026-06-02,Field (Active)
02.06.26,Barbil,43,DEBASHIS MALLICK,7894438183,RATNAKAR NAIK,SHINRAI PRIME,M/W,STARTING PROBLEM,6361326690,CALL NOT OPEN,,Call Not Opened,2026-06-02,Field (Active)
02.06.26,Barbil,44,RAFAYATE HOSSAIN KHAN,8116285155,LEAVE,,,,,,,Active,2026-06-02,Leave
02.06.26,Barbil,1,Debabrata Majhi,7606005595,NALCO DAMAN JODI,,,,,,,Active,2026-06-02,Field (Active)
02.06.26,Workshop-Jharsuguda,2,Ashish Ku Mahapatra,8851653082,REALIBLE HITECH,,,AFTER DELIVERY WORKSHOP VISIT,,,,Active,2026-06-02,Field (Active)
02.06.26,Workshop-Jharsuguda,3,Jaykrushna Sahoo,7894068791,WORKSHOP,,,RAJU GUPTA MISC JOB,,,,Active,2026-06-02,Office/Workshop
02.06.26,Workshop-Jharsuguda,4,Chinmaya ku Sahoo,8280335578,WORKSHOP,,,RAJU GUPTA MISC JOB,,,,Active,2026-06-02,Office/Workshop
02.06.26,Workshop-Jharsuguda,5,Sudhir Majhi,7854820816,WORKSHOP,,,RAJU GUPTA MISC JOB,,,,Active,2026-06-02,Office/Workshop
02.06.26,Operator-Jharsuguda,6,Lingraj Marei,9439662750,WORKSHOP,,,,,,,Active,2026-06-02,Office/Workshop
02.06.26,Welder-Jharsuguda,7,BHABANI SHANKAR PATEL(NEW),8018375376,WORKSHOP,,,RAJU GUPTA MISC JOB,,,,Active,2026-06-02,Office/Workshop
02.06.26,Welder-Jharsuguda,8,ASHOK ORAM(NEW),9938628504,WORKSHOP,,,RAJU GUPTA MISC JOB,,,,Active,2026-06-02,Office/Workshop
03.06.26,Jharsuguda,1,R. Ruturaj(TL),7894435110,KRISHAV LOGISTICS,SP21-62813,G/W,RPM PROBLEM,9348489589,,2430749,Active,2026-06-03,Field (Active)
03.06.26,Jharsuguda,2,Dipti Ranjan Moharana,7606005573,UNIVERSAL EQUIPMENT,S200-52781,SPE,SPE VISIT,,,2381698,Active,2026-06-03,Field (Active)
03.06.26,Jharsuguda,3,Kaushik  Atta,7894438248,SHREEMA TREDING,THEDA0L0K00001526,ASC,ENGINE OVER HEATING,8144661650,CONTINUE,2428894,Active,2026-06-03,Field (Active)
03.06.26,Sambalpur,4,Janmenjaya Jena (TL),7894435108,"ADWIK ENTERPRISE,SAMLESWARI SPUN PIPE,BKD INFRA",,,CUSTOMER MEET,,,,Active,2026-06-03,Field (Active)
03.06.26,Sambalpur,5,Tofan Ku Jena,7894435327,TAPAN KU SAHU,THEDJLL0T00050398,M/W,BATTERY NOT CHARGING,9667673941,,2430646,Active,2026-06-03,Field (Active)
03.06.26,Sambalpur,6,Satyabrata Ojha,7894435103,OFFICE,,,,,,,Active,2026-06-03,Office/Workshop
03.06.26,Sambalpur,7,Arupananda Sahoo,7735659544,TULASI CONSTRUCTION,THEDHJL0L00003026,G/W,3500 HRS SERVICE,9777265511,,2237613,Active,2026-06-03,Field (Active)
03.06.26,Rourkela,8,Saroj Dandpat(TL),7894435147,BIPIN BIHARI PARIDA,THEWAED0AT0000729,M/W,REGISTRATION PLATE FIT,7978122408,CALL NOT OPEN,,Call Not Opened,2026-06-03,Field (Active)
03.06.26,Rourkela,9,Satyasiba Pradhan,7894435096,MAHABALI STEEL,THEWACD0AR0003451,ASC,LEFT CYD FITMENT,7008358200,,2355903,Active,2026-06-03,Field (Active)
03.06.26,Rourkela,10,Mahendra Pal,7894435092,JRC INFRA,THEDCRL0P00001328,PAID,ECD NOT WORKING,8249386014,,2430077,Active,2026-06-03,Field (Active)
03.06.26,Rourkela,11,Sukra Xaxa(Welder),9776078701,WITH SATYASIBA,,,,,,,Active,2026-06-03,Field (Support)
03.06.26,Rourkela,12,Ranjit Ojha(TL),7894435084,AMIN MOHAMMED,SP07-18118,ASC,EC MOTOR NOT WORKING,8018008899,CALL CANCEL,,Cancelled,2026-06-03,Field (Active)
03.06.26,Rourkela,13,Niranjana Khatua,7894435082,WITH JANARDAN,,,,,,,Active,2026-06-03,Field (Support)
03.06.26,Rourkela,14,D Nageswar Rao,8260836383,WITH SIBA,,,,,,,Active,2026-06-03,Field (Support)
03.06.26,Rourkela,15,Durga Prasad Murmu,6372469587,KHARAGPUR TRAINING,,,,,,,Active,2026-06-03,Training
03.06.26,Rourkela,16,Bikash ku Gochi(JEYPORE)(WELDER),6353724864,LEAVE,,,,,,,Active,2026-06-03,Leave
03.06.26,Rourkela,17,Ranjan Naik(Jeypore)-(WELDER)08.01.26,7008910970,JHARSUGUDA BRANCH,,,,,,,Active,2026-06-03,Field (Active)
03.06.26,Rourkela,18,Hari Bhoi,7606005594,RABINDRA MADKAMI,SP20-29174,ASC,STARTING PROBLEM,7735963509,CALL CANCEL,,Cancelled,2026-06-03,Field (Active)
03.06.26,Rourkela,19,Janardan Pradhan,7606005572,HARINI QUALITY ENGINEERS,THEWADD0AR0000393,ASC,BRAKE NOT WORKING,8179396990,,2357272,Active,2026-06-03,Field (Active)
03.06.26,Rourkela,20,Jugal Kishore Mohanty(TL),7894435086,ODISHA BUILDER,S070-16708,ASC,HYD OPERATION SLOW,8917373445,,2357274,Active,2026-06-03,Field (Active)
03.06.26,Rourkela,21,Siba Prasad Sahu,7894435089,AVDESH MISHRA AND CO,THEWBAD0CH0011037,ASC,HYD OIL LEAKAGE,9582604031,CONTINUE,2355649,Active,2026-06-03,Field (Active)
03.06.26,Rourkela,22,Prabir Ku Deo,9827883163,KHARAGPUR TRAINING,,,,,,,Active,2026-06-03,Training
03.06.26,Rourkela,23,Soumya Ranjan Srichandan,7894435157,ALLAPA AKHILA KUMAR,THEDHJL0J00004073,MSI,MACHINE COMMISSIONING,8018808456,,2434175,Active,2026-06-03,Field (Active)
03.06.26,Rourkela,24,Bhagirathi Hembram,7855880051,KHARAGPUR TRAINING,,,,,,,Active,2026-06-03,Training
03.06.26,Bhawanipatna,25,Sarat Kumar Samantray(TL),7894435043,DEWARAM CHOUDHARY/ARNAV CONSTRUCTION,THEDA0L0K00002465,ASC,WIRE HARNESS FITMENT,9571616350,CONTINUE,2396245,Active,2026-06-03,Field (Active)
03.06.26,Bhawanipatna,26,Nilakatheswar Sahoo,7894435042,WITH SARAT,,,,,,,Active,2026-06-03,Field (Support)
03.06.26,Bolangir,27,Abhimanyu Pradhan (TL),7894435153,OFFICE,,,,,,,Active,2026-06-03,Office/Workshop
03.06.26,Bolangir,28,Tapan Kumar Bhoi,7894435146,GANESH KHATYAT,SP21-60317,PAID,ELECTRICAL PROBLEM,9576754210,CONTINUE,2430094,Active,2026-06-03,Field (Active)
03.06.26,Bolangir,29,Amarjit Sagar,9438060315,PRUTHWIRAJ PATRA,THEDA0L0K00002398,G/W,5000 HRS SERVICE,9348453256,,2424634,Active,2026-06-03,Field (Active)
03.06.26,Bolangir,30,Suryakant Dehury,9938711087,WITH TAPAN,,,,,,,Active,2026-06-03,Field (Support)
03.06.26,Bolangir,31,SACHIDANANDA PRADHAN,7894435138,KBS AND SONS,ZW225,M/W,TRANSMISSION OUT PUT FLANGE FITMENT,8894306736,MINING MACHINE,,Mining Machine,2026-06-03,Field (Active)
03.06.26,Barbil,32,BHAGBAT BEHERA (TL),7894438193,THRVENI EARTH MOVERS,THEDJLL2T00086240,M/W,M/C INSPECTION,6309070209,,2430898,Active,2026-06-03,Field (Active)
03.06.26,Barbil,33,UTTAM MOHANTY,7894438188,ALLIENCE EARTH MOVERS,SP21-60780,ASC,HYD PUMP FITMENT,9938242021,CONTINUE,2425052,Active,2026-06-03,Field (Active)
03.06.26,Barbil,34,SURYAKANTA MOHAPATRA,7894438186,GURU NANAK ROADLINES,ZW225,G/W,M/C INSPECTION,9437717701,MINING MACHINE,,Mining Machine,2026-06-03,Field (Active)
03.06.26,Barbil,35,MICHALE JOSEPH,7894438192,KAYPEE ENTERPRISE,THEWBHK0EJ0000099,ASC,ENGINE OVERHAETING,9439145283,,2384979,Active,2026-06-03,Field (Active)
03.06.26,Barbil,36,RAJKISHORE NAIK,7606007392,ORISSA MOTOR,EX210P,M/W,M/C INSPECTION,7609961898,MINING MACHINE,,Mining Machine,2026-06-03,Field (Active)
03.06.26,Barbil,37,NIRAJ PATRA,7606007393,WITH UTTAM,,,,,,,Active,2026-06-03,Field (Support)
03.06.26,Barbil,38,ABHISHEK MAJUMDER,9438780720,HIGH GRADE MINERAL,,MSI,MACHINE COMMISSIONING,9827709394,MINING MACHINE,,Mining Machine,2026-06-03,Field (Active)
03.06.26,Barbil,39,JAYKRISHNA BARIK (TL),7894438195,SUMHON PROJECT,THEWACD0HP0001926,MSI,2000 HRS SERVICE,8144769983,,2429358,Active,2026-06-03,Field (Active)
03.06.26,Barbil,40,SURENDRA PARIDA,6376645220,KBS AND SONS,THEWBMK0PS0000070,MSI,1500 HRS SERVICE,,,2375298,Active,2026-06-03,Field (Active)
03.06.26,Barbil,41,Bhabagrahi Baitha,9437824136,WITH JAYAKRISHNA,,,,,,,Active,2026-06-03,Field (Support)
03.06.26,Barbil,42,SAROJ KUMAR PATRA (TL),7894438189,KSHIROD MAHANTA,P130-16384,M/W,WARRENTY PART FITMENT,9178608916,,2430632,Active,2026-06-03,Field (Active)
03.06.26,Barbil,43,DEBASHIS MALLICK,7894438183,RATNAKAR NAIK,THEWAED0PT0000612,M/W,STARTING PROBLEM,6361326690,,2430290,Active,2026-06-03,Field (Active)
03.06.26,Barbil,44,RAFAYATE HOSSAIN KHAN,8116285155,LEAVE,,,,,,,Active,2026-06-03,Leave
03.06.26,Barbil,1,Debabrata Majhi,7606005595,NALCO DAMAN JODI,,,,,,,Active,2026-06-03,Field (Active)
03.06.26,Workshop-Jharsuguda,2,Ashish Ku Mahapatra,8851653082,ROURKELA,,,,,,,Active,2026-06-03,Field (Active)
03.06.26,Workshop-Jharsuguda,3,Jaykrushna Sahoo,7894068791,WORKSHOP,,,RAJU GUPTA MISC JOB,,,,Active,2026-06-03,Office/Workshop
03.06.26,Workshop-Jharsuguda,4,Chinmaya ku Sahoo,8280335578,WITH KAUSHIK,,,,,,,Active,2026-06-03,Field (Support)
03.06.26,Workshop-Jharsuguda,5,Sudhir Majhi,7854820816,WORKSHOP,,,RAJU GUPTA MISC JOB,,,,Active,2026-06-03,Office/Workshop
03.06.26,Operator-Jharsuguda,6,Lingraj Marei,9439662750,LEAVE,,,,,,,Active,2026-06-03,Leave
03.06.26,Welder-Jharsuguda,7,BHABANI SHANKAR PATEL(NEW),8018375376,WORKSHOP,,,RAJU GUPTA MISC JOB,,,,Active,2026-06-03,Office/Workshop
03.06.26,Welder-Jharsuguda,8,ASHOK ORAM(NEW),9938628504,WORKSHOP,,,RAJU GUPTA MISC JOB,,,,Active,2026-06-03,Office/Workshop
04.06.26,Jharsuguda,1,R. Ruturaj(TL),7894435110,LAXMI PRIYA DAS,S210-55465,SPE,M/C INSPECTION,9238060236,,2098307,Active,2026-06-04,Field (Active)
04.06.26,Jharsuguda,2,Dipti Ranjan Moharana,7606005573,TIRUPATI DRILLING,SP21-45734,SPE,M/C INSPECTION,7295943617,,2381835,Active,2026-06-04,Field (Active)
04.06.26,Jharsuguda,3,Kaushik  Atta,7894438248,SINGHAL ENTERPRISE,SP21-85710,ASC,IDLER FITMENT,,,2354010,Active,2026-06-04,Field (Active)
04.06.26,Sambalpur,4,Janmenjaya Jena (TL),7894435108,SESHADEV MEHER,S200-54357,G/W,FREE SERVICE CAMP,,,2432922,Active,2026-06-04,Field (Active)
04.06.26,Sambalpur,5,Tofan Ku Jena,7894435327,RUDRAMANI PODH,SP20-57321,ASC,ENGINE HEAD FITMENT,7008814736,,2410702,Active,2026-06-04,Field (Active)
04.06.26,Sambalpur,6,Satyabrata Ojha,7894435103,BBSR TRANSFER,,,,,,,Active,2026-06-04,Field (Active)
04.06.26,Sambalpur,7,Arupananda Sahoo,7735659544,FREE SERVICE CAMP,,,,,,,Active,2026-06-04,Field (Active)
04.06.26,Rourkela,8,Saroj Dandpat(TL),7894435147,SURAJ PRODUCT,SP20-56688,ASC,CENTER JOINT SEAL FITMENT,9437837741,,2374215,Active,2026-06-04,Field (Active)
04.06.26,Rourkela,9,Satyasiba Pradhan,7894435096,SARADA ENTERPRISE,B360-3264,M/W,R/B LEAKAGE,9041312960,,2432509,Active,2026-06-04,Field (Active)
04.06.26,Rourkela,10,Mahendra Pal,7894435092,SATI IRON AND CASTING,THEWBJK0TK0000464,G/W,PARTS FITMENT,6299564630,CALL CANCEL,,Cancelled,2026-06-04,Field (Active)
04.06.26,Rourkela,11,Sukra Xaxa(Welder),9776078701,OFFICE,,,,,,,Active,2026-06-04,Office/Workshop
04.06.26,Rourkela,12,Ranjit Ojha(TL),7894435084,OFFICE,,,,,,,Active,2026-06-04,Office/Workshop
04.06.26,Rourkela,13,Niranjana Khatua,7894435082,PRADEEP KU PADHI,SP20-65297,MSI,1500 HRS SERVICE,8897737113,CALL CANCEL,,Cancelled,2026-06-04,Field (Active)
04.06.26,Rourkela,14,D Nageswar Rao,8260836383,WITH SIBA,,,,,,,Active,2026-06-04,Field (Support)
04.06.26,Rourkela,15,Durga Prasad Murmu,6372469587,KHARAGPUR TRAINING,,,,,,,Active,2026-06-04,Training
04.06.26,Rourkela,16,Bikash ku Gochi(JEYPORE)(WELDER),6353724864,LEAVE,,,,,,,Active,2026-06-04,Leave
04.06.26,Rourkela,17,Ranjan Naik(Jeypore)-(WELDER)08.01.26,7008910970,TOUR TO BARBIL OFFICE,,,,,,,Active,2026-06-04,Office/Workshop
04.06.26,Rourkela,18,Hari Bhoi,7606005594,SANJAY GUPTA,01S1-052746,ASC,TRAVEL OPERATION SLOW,7978032787,,2417258,Active,2026-06-04,Field (Active)
04.06.26,Rourkela,19,Janardan Pradhan,7606005572,WITH HARI,,,,,,,Active,2026-06-04,Field (Support)
04.06.26,Rourkela,20,Jugal Kishore Mohanty(TL),7894435086,WITH SUNIL ACHRYA,,,"ALKA STONE,AVDESH MISHRA",,,,Active,2026-06-04,Field (Support)
04.06.26,Rourkela,21,Siba Prasad Sahu,7894435089,AVDESH MISHRA AND CO,THEWBAD0CH0011037,ASC,HYD OIL LEAKAGE,9582604031,CONTINUE,2355649,Active,2026-06-04,Field (Active)
04.06.26,Rourkela,22,Prabir Ku Deo,9827883163,KHARAGPUR TRAINING,,,,,,,Active,2026-06-04,Training
04.06.26,Rourkela,23,Soumya Ranjan Srichandan,7894435157,ALLAPA AKHILA KUMAR,P070-21861,MSI,MACHINE COMMISSIONING,8018808456,,2434198,Active,2026-06-04,Field (Active)
04.06.26,Rourkela,24,Bhagirathi Hembram,7855880051,KHARAGPUR TRAINING,,,,,,,Active,2026-06-04,Training
04.06.26,Bhawanipatna,25,Sarat Kumar Samantray(TL),7894435043,HAREKRISHNA PANDA,0703-6833,ASC,CENTER JOINT SEAL FITMENT,6372881953,,2357275,Active,2026-06-04,Field (Active)
04.06.26,Bhawanipatna,26,Nilakatheswar Sahoo,7894435042,OFFICE,,,,,,,Active,2026-06-04,Office/Workshop
04.06.26,Bolangir,27,Abhimanyu Pradhan (TL),7894435153,HARESH PATEL,,,OS FOLLOW UP,,,,Active,2026-06-04,Field (Active)
04.06.26,Bolangir,28,Tapan Kumar Bhoi,7894435146,SHREE ENGINEERING,B215-5691,M/W,R/B COMMISSIONING,8144711082,CALL CANCEL DUE CUSTOMER REPRESANTATIVE NOT AVILABLE AT CUSTOMER SITE,,Cancelled,2026-06-04,Field (Active)
04.06.26,Bolangir,29,Amarjit Sagar,9438060315,OFFICE,,,,,,,Active,2026-06-04,Office/Workshop
04.06.26,Bolangir,30,Suryakant Dehury,9938711087,WITH TAPAN,,,,,,,Active,2026-06-04,Field (Support)
04.06.26,Bolangir,31,SACHIDANANDA PRADHAN,7894435138,DHILLON CONSTRUCTION PVT LTD,ZX650,G/W,HIGH FUEL CONSUMPTION,9490743957,MINING MACHINE,,Mining Machine,2026-06-04,Field (Active)
04.06.26,Barbil,32,BHAGBAT BEHERA (TL),7894438193,NIROD BEHERA,P070-20651,G/W,4500 HRS SERVICE,6370433961,,2424721,Active,2026-06-04,Field (Active)
04.06.26,Barbil,33,UTTAM MOHANTY,7894438188,KAYPEE ENTERPRISE,THEWBHK0EJ0000099,ASC,CYD SEAL KIT FITMENT,8117332243,,2384979,Active,2026-06-04,Field (Active)
04.06.26,Barbil,34,SURYAKANTA MOHAPATRA,7894438186,GURU NANAK ROADLINES,ZX370,M/W,M/C INSPECTION,9437717701,MINING MACHINE,,Mining Machine,2026-06-04,Field (Active)
04.06.26,Barbil,35,MICHALE JOSEPH,7894438192,PUSPANJALI TRIPATHY,SP20-65711,EXT.W,PUMP FITTING,9234386240,,2438806,Active,2026-06-04,Field (Active)
04.06.26,Barbil,36,RAJKISHORE NAIK,7606007392,WITH MICHALE,,,,,,,Active,2026-06-04,Field (Support)
04.06.26,Barbil,37,NIRAJ PATRA,7606007393,ARJUN SANDIL,ZX120,PAID,ENGINE OVERHAETING,9939868347,CALL NOT OPEN,,Call Not Opened,2026-06-04,Field (Active)
04.06.26,Barbil,38,ABHISHEK MAJUMDER,9438780720,WITH NIRAJ,,,,,,,Active,2026-06-04,Field (Support)
04.06.26,Barbil,39,JAYKRISHNA BARIK (TL),7894438195,KBS AND SONS,THEDDKL0T00000117,MSI,1500 HRS SERVICE,9938729249,,2375300,Active,2026-06-04,Field (Active)
04.06.26,Barbil,40,SURENDRA PARIDA,6376645220,CAINTH GLOBAL,SP21-60010,ASC,SWING OPERATION SLOW,6370917397,,2357329,Active,2026-06-04,Field (Active)
04.06.26,Barbil,41,Bhabagrahi Baitha,9437824136,ORISSA MOTOR,EX210,M/W,M/C INSPECTION,7609961098,MINING MACHINE,,Mining Machine,2026-06-04,Field (Active)
04.06.26,Barbil,42,SAROJ KUMAR PATRA (TL),7894438189,RATNAKAR NAIK,THEWAED0PT0000612,MSI,250 HRS SERVICE,6361326690,CONTINUE,2327593,Active,2026-06-04,Field (Active)
04.06.26,Barbil,43,DEBASHIS MALLICK,7894438183,BABULI PALEI,THEWBHK0JK0000208,ASC,GENERAL MAINTENANCE,6372968676,,2429773,Active,2026-06-04,Field (Active)
04.06.26,Barbil,44,RAFAYATE HOSSAIN KHAN,8116285155,ABSENT,,,,,,,Active,2026-06-04,Field (Active)
04.06.26,Barbil,1,Debabrata Majhi,7606005595,NALCO DAMAN JODI,,,,,,,Active,2026-06-04,Field (Active)
04.06.26,Workshop-Jharsuguda,2,Ashish Ku Mahapatra,8851653082,NAMYA VENYA,THEDJLL0C00068471,M/W,STARTING PROBLEM,6309496621,,2432968,Active,2026-06-04,Field (Active)
04.06.26,Workshop-Jharsuguda,3,Jaykrushna Sahoo,7894068791,WORKSHOP,,,RAJU GUPTA MISC JOB,,,,Active,2026-06-04,Office/Workshop
04.06.26,Workshop-Jharsuguda,4,Chinmaya ku Sahoo,8280335578,SAMBALPUR,,,,,,,Active,2026-06-04,Field (Active)
04.06.26,Workshop-Jharsuguda,5,Sudhir Majhi,7854820816,WORKSHOP,,,RAJU GUPTA MISC JOB,,,,Active,2026-06-04,Office/Workshop
04.06.26,Operator-Jharsuguda,6,Lingraj Marei,9439662750,LEAVE,,,,,,,Active,2026-06-04,Leave
04.06.26,Welder-Jharsuguda,7,BHABANI SHANKAR PATEL(NEW),8018375376,TOUR TO BARBIL OFFICE,,,,,,,Active,2026-06-04,Office/Workshop
04.06.26,Welder-Jharsuguda,8,ASHOK ORAM(NEW),9938628504,LEAVE,,,RAJU GUPTA MISC JOB,,,,Active,2026-06-04,Leave
05.06.26,Jharsuguda,1,R. Ruturaj(TL),7894435110,GIRIDHARI DASH,P070-21289,MSI,1500 HRS SERVICE,,,2124701,Active,2026-06-05,Field (Active)
05.06.26,Jharsuguda,2,Dipti Ranjan Moharana,7606005573,MAA MOHINI TRANSPORT,THEWACD0EM0000031,ASC,STARTING PROBLEM,9938014387,,2357612,Active,2026-06-05,Field (Active)
05.06.26,Jharsuguda,3,Kaushik  Atta,7894438248,ADARSH CONSTRUCTION,SP21-62970,ASC,ENGINE STALLING,9348070152,,2359582,Active,2026-06-05,Field (Active)
05.06.26,Sambalpur,4,Janmenjaya Jena (TL),7894435108,RUDRAMANI PODH,SP20-57321,ASC,ENGINE HEAD FITMENT,7008814736,CONTINUE,2410702,Active,2026-06-05,Field (Active)
05.06.26,Sambalpur,5,Tofan Ku Jena,7894435327,LEAVE,,,,,,,Active,2026-06-05,Leave
05.06.26,Sambalpur,6,Satyabrata Ojha,7894435103,BBSR TRANSFER,,,,,,,Active,2026-06-05,Field (Active)
05.06.26,Sambalpur,7,Arupananda Sahoo,7735659544,ASHISH KU BHOI,S070-15098,ASC,SWING PROBLEM,9178340160,,2410547,Active,2026-06-05,Field (Active)
05.06.26,Rourkela,8,Saroj Dandpat(TL),7894435147,ENVIROCARE INFRA,SP20-65316,ASC,ENGINE FITMENT,7254094268,,2439117,Active,2026-06-05,Field (Active)
05.06.26,Rourkela,9,Satyasiba Pradhan,7894435096,CENTRAL INDIA ASSOCIATES,S210-55695,ASC,ENGINE OIL SONSUMPTION,8650542067,,2415376,Active,2026-06-05,Field (Active)
05.06.26,Rourkela,10,Mahendra Pal,7894435092,WITH SATYASIBA,,,,,,,Active,2026-06-05,Field (Support)
05.06.26,Rourkela,11,Sukra Xaxa(Welder),9776078701,BARBIL,,,,,,,Active,2026-06-05,Field (Active)
05.06.26,Rourkela,12,Ranjit Ojha(TL),7894435084,AMIN MOHAMMED,SP07-18118,ASC,EC MOTOR NOT WORKING,8018008899,,2368976,Active,2026-06-05,Field (Active)
05.06.26,Rourkela,13,Niranjana Khatua,7894435082,PRANAB SAMANTARA,P070-21027,G/W,BOOM CRACK,9178924406,,2434079,Active,2026-06-05,Field (Active)
05.06.26,Rourkela,14,D Nageswar Rao,8260836383,WITH SIBA,,,,,,,Active,2026-06-05,Field (Support)
05.06.26,Rourkela,15,Durga Prasad Murmu,6372469587,KHARAGPUR TRAINING,,,,,,,Active,2026-06-05,Training
05.06.26,Rourkela,16,Bikash ku Gochi(JEYPORE)(WELDER),6353724864,LEAVE,,,,,,,Active,2026-06-05,Leave
05.06.26,Rourkela,17,Ranjan Naik(Jeypore)-(WELDER)08.01.26,7008910970,BARBIL,,,,,,,Active,2026-06-05,Field (Active)
05.06.26,Rourkela,18,Hari Bhoi,7606005594,AJIT PADHI,01S1-051756,PAID,STARTING PROBLEM,9437109362,,2442841,Active,2026-06-05,Field (Active)
05.06.26,Rourkela,19,Janardan Pradhan,7606005572,WITH RANJIT,,,,,,,Active,2026-06-05,Field (Support)
05.06.26,Rourkela,20,Jugal Kishore Mohanty(TL),7894435086,OFFICE,,,,,,,Active,2026-06-05,Office/Workshop
05.06.26,Rourkela,21,Siba Prasad Sahu,7894435089,AVDESH MISHRA AND CO,THEWBAD0CH0011037,ASC,HYD OIL LEAKAGE,9582604031,CONTINUE,2355649,Active,2026-06-05,Field (Active)
05.06.26,Rourkela,22,Prabir Ku Deo,9827883163,KHARAGPUR TRAINING,,,,,,,Active,2026-06-05,Training
05.06.26,Rourkela,23,Soumya Ranjan Srichandan,7894435157,ALLAPA AKHILA KUMAR,THEDHJL0J00004073,MSI,MACHINE COMMISSIONING,8018808456,CONTINUE,2434175,Active,2026-06-05,Field (Active)
05.06.26,Rourkela,24,Bhagirathi Hembram,7855880051,KHARAGPUR TRAINING,,,,,,,Active,2026-06-05,Training
05.06.26,Bhawanipatna,25,Sarat Kumar Samantray(TL),7894435043,BAJWA INFRASTRUCTURE,THEDCRL0K00002237,PAID,M/C OPERATION SLOW,8249465239,CALL NOT OPEN,,Call Not Opened,2026-06-05,Field (Active)
05.06.26,Bhawanipatna,26,Nilakatheswar Sahoo,7894435042,WITH NILAKANTHA,,,,,,,Active,2026-06-05,Field (Support)
05.06.26,Bolangir,27,Abhimanyu Pradhan (TL),7894435153,OFFICE,,,,,,,Active,2026-06-05,Office/Workshop
05.06.26,Bolangir,28,Tapan Kumar Bhoi,7894435146,DEEPAK BHANJA,THEDCRL0A00003183,ASC,MRV FITMENT,6264319385,,2435014,Active,2026-06-05,Field (Active)
05.06.26,Bolangir,29,Amarjit Sagar,9438060315,OFFICE,,,,,,,Active,2026-06-05,Office/Workshop
05.06.26,Bolangir,30,Suryakant Dehury,9938711087,WITH TAPAN,,,,,,,Active,2026-06-05,Field (Support)
05.06.26,Bolangir,31,SACHIDANANDA PRADHAN,7894435138,N K MINERALS,ZW225,G/W,M/C OPERATION SLOW,7008555020,MINING MACHINE,,Mining Machine,2026-06-05,Field (Active)
05.06.26,Barbil,32,BHAGBAT BEHERA (TL),7894438193,DABANG EARTHMOVERS,EX210,MSI,MACHINE COMMISSIONING FOR DOCUMENT SINGN,9752364555,CONTINUE,,Active,2026-06-05,Field (Active)
05.06.26,Barbil,33,UTTAM MOHANTY,7894438188,RANA ENGINEERING,S210-55631,ASC,M/C INSPECTION,,,2399210,Active,2026-06-05,Field (Active)
05.06.26,Barbil,34,SURYAKANTA MOHAPATRA,7894438186,GURU NANAK ROADLINES,ZX370,M/W,M/C INSPECTION,9437717701,MINING MACHINE,,Mining Machine,2026-06-05,Field (Active)
05.06.26,Barbil,35,MICHALE JOSEPH,7894438192,PUSPANJALI TRIPATHY,SP20-65711,EXT.W,PUMP FITTING,9234386240,CONTINUE,2438806,Active,2026-06-05,Field (Active)
05.06.26,Barbil,36,RAJKISHORE NAIK,7606007392,WITH MICHALE,,,,,,,Active,2026-06-05,Field (Support)
05.06.26,Barbil,37,NIRAJ PATRA,7606007393,NSPL,ZX210,PAID,OPERATION SLOW,6207999947,M/C SL NOT AVILABLE,,Active,2026-06-05,Field (Active)
05.06.26,Barbil,38,ABHISHEK MAJUMDER,9438780720,WITH NIRAJ,,,,,,,Active,2026-06-05,Field (Support)
05.06.26,Barbil,39,JAYKRISHNA BARIK (TL),7894438195,UPENDRA SINGH,THEDJLL2K00086127,M/W,COOLANT LEAKAGE,,,2434628,Active,2026-06-05,Field (Active)
05.06.26,Barbil,40,SURENDRA PARIDA,6376645220,KAILASH YADAV,THEDDKL0L00000192,M/W,ENGINE PROBLEM,9334254815,CALL NOT OPEN,,Call Not Opened,2026-06-05,Field (Active)
05.06.26,Barbil,41,Bhabagrahi Baitha,9437824136,ORISSA MOTOR,EX210,M/W,M/C INSPECTION,7609961098,MINING MACHINE,,Mining Machine,2026-06-05,Field (Active)
05.06.26,Barbil,42,SAROJ KUMAR PATRA (TL),7894438189,BABULI PALEI,THEWBHK0JK0000208,ASC,NOZZLE FITMENT,6372968676,CONTINUE,2429773,Active,2026-06-05,Field (Active)
05.06.26,Barbil,43,DEBASHIS MALLICK,7894438183,PATRA ENTERPRISES,THEDA0L0H00001356,ASC,GENERAL MAINTENANCE,9437066860,,2429842,Active,2026-06-05,Field (Active)
05.06.26,Barbil,44,RAFAYATE HOSSAIN KHAN,8116285155,ABSENT,,,,,,,Active,2026-06-05,Field (Active)
05.06.26,Barbil,1,Debabrata Majhi,7606005595,NALCO DAMAN JODI,,,,,,,Active,2026-06-05,Field (Active)
05.06.26,Workshop-Jharsuguda,2,Ashish Ku Mahapatra,8851653082,MAA HINGULA TRANSPORT,SP21-63308,ASC,AC NOT WORKING,6370079205,,2357645,Active,2026-06-05,Field (Active)
05.06.26,Workshop-Jharsuguda,3,Jaykrushna Sahoo,7894068791,WITH SAROJ DANDPAT,,,,,,,Active,2026-06-05,Field (Support)
05.06.26,Workshop-Jharsuguda,4,Chinmaya ku Sahoo,8280335578,WITH ARUPA,,,,,,,Active,2026-06-05,Field (Support)
05.06.26,Workshop-Jharsuguda,5,Sudhir Majhi,7854820816,WITH SAROJ DANDPAT,,,,,,,Active,2026-06-05,Field (Support)
05.06.26,Operator-Jharsuguda,6,Lingraj Marei,9439662750,LEAVE,,,,,,,Active,2026-06-05,Leave
05.06.26,Welder-Jharsuguda,7,BHABANI SHANKAR PATEL(NEW),8018375376,BARBIL,,,,,,,Active,2026-06-05,Field (Active)
05.06.26,Welder-Jharsuguda,8,ASHOK ORAM(NEW),9938628504,LEAVE,,,,,,,Active,2026-06-05,Leave
06.06.26,Jharsuguda,1,R. Ruturaj(TL),7894435110,MADAN RAM CHOUDHARY,THEDCDL0C00005757,M/W,BOOM AUTOMATIC DWON,9664392049,,2438694,Active,2026-06-06,Field (Active)
06.06.26,Jharsuguda,2,Dipti Ranjan Moharana,7606005573,WITH RUTURAJ,,,,,,,Active,2026-06-06,Field (Support)
06.06.26,Jharsuguda,3,Kaushik  Atta,7894438248,SHREE BALAJI ENGICON,SP20-56932,ASC,MACHINE INSPECTION,,,2361383,Active,2026-06-06,Field (Active)
06.06.26,Sambalpur,4,Janmenjaya Jena (TL),7894435108,GANESWAR SUNDRAY,S200-53735,G/W,FREE SERVICE CAMP,,,2437088,Active,2026-06-06,Field (Active)
06.06.26,Sambalpur,5,Tofan Ku Jena,7894435327,LEAVE,,,,,,,Active,2026-06-06,Leave
06.06.26,Sambalpur,6,Satyabrata Ojha,7894435103,BBSR TRANSFER,,,,,,,Active,2026-06-06,Field (Active)
06.06.26,Sambalpur,7,Arupananda Sahoo,7735659544,TAPAN SAHU,THEDJLL0T00050398,M/W,ALTERNATOR FIT,7894435327,,2437118,Active,2026-06-06,Field (Active)
06.06.26,Rourkela,8,Saroj Dandpat(TL),7894435147,ENVIROCARE INFRA,SP20-65316,ASC,ENGINE FITMENT,7254094268,,2439117,Active,2026-06-06,Field (Active)
06.06.26,Rourkela,9,Satyasiba Pradhan,7894435096,CENTRAL INDIA ASSOCIATES,S210-55695,ASC,SWING BEARING,8650542067,CONTINUE,2415376,Active,2026-06-06,Field (Active)
06.06.26,Rourkela,10,Mahendra Pal,7894435092,SATI IRON CASTING,THEWBJK0TR0000464,G/W,PARTS FITMENT,6299564630,,2361384,Active,2026-06-06,Field (Active)
06.06.26,Rourkela,11,Sukra Xaxa(Welder),9776078701,BARBIL,,,,,,,Active,2026-06-06,Field (Active)
06.06.26,Rourkela,12,Ranjit Ojha(TL),7894435084,OFFICE,,,,,,,Active,2026-06-06,Office/Workshop
06.06.26,Rourkela,13,Niranjana Khatua,7894435082,OFFICE,,,,,,,Active,2026-06-06,Office/Workshop
06.06.26,Rourkela,14,D Nageswar Rao,8260836383,WITH JANARDAN,,,,,,,Active,2026-06-06,Field (Support)
06.06.26,Rourkela,15,Durga Prasad Murmu,6372469587,KHARAGPUR TRAINING,,,,,,,Active,2026-06-06,Training
06.06.26,Rourkela,16,Bikash ku Gochi(JEYPORE)(WELDER),6353724864,LEAVE,,,,,,,Active,2026-06-06,Leave
06.06.26,Rourkela,17,Ranjan Naik(Jeypore)-(WELDER)08.01.26,7008910970,BARBIL,,,,,,,Active,2026-06-06,Field (Active)
06.06.26,Rourkela,18,Hari Bhoi,7606005594,TARATARINI CONSTRUCTION,01S1-052237,SPE,SPE VISIT,824992001,,2430435,Active,2026-06-06,Field (Active)
06.06.26,Rourkela,19,Janardan Pradhan,7606005572,ALOK GANTAYAT,THEDHJL0L00003477,MSI,1500 HRS SERVICE,7008070210,,2004763,Active,2026-06-06,Field (Active)
06.06.26,Rourkela,20,Jugal Kishore Mohanty(TL),7894435086,ALKA STONES,SP13-14556,ASC,ELECTRICAL PROBLEM,9437910721,,2357731,Active,2026-06-06,Field (Active)
06.06.26,Rourkela,21,Siba Prasad Sahu,7894435089,WITH JUGAL,,,,,,,Active,2026-06-06,Field (Support)
06.06.26,Rourkela,22,Prabir Ku Deo,9827883163,KHARAGPUR TRAINING,,,,,,,Active,2026-06-06,Training
06.06.26,Rourkela,23,Soumya Ranjan Srichandan,7894435157,NIRANJAN PADHY,S110-10443,ASC,SWING DEVICE PROBLEM,6372308878,,2359550,Active,2026-06-06,Field (Active)
06.06.26,Rourkela,24,Bhagirathi Hembram,7855880051,KHARAGPUR TRAINING,,,,,,,Active,2026-06-06,Training
06.06.26,Bhawanipatna,25,Sarat Kumar Samantray(TL),7894435043,TRANSPORTING OF COUPLER,AMBAJI ROCK MINERALS,,,,,,Active,2026-06-06,Field (Active)
06.06.26,Bhawanipatna,26,Nilakatheswar Sahoo,7894435042,SRIRAM INFRA,THEDJLL0C00068432,MSI,4000 HRS SERVICE,6372927872,,2433578,Active,2026-06-06,Field (Active)
06.06.26,Bolangir,27,Abhimanyu Pradhan (TL),7894435153,MS DK CONSTRUCTION,EX200,ASC,CONTROL VALVE OPEN,7381380283,CALL CANCEL,,Cancelled,2026-06-06,Field (Active)
06.06.26,Bolangir,28,Tapan Kumar Bhoi,7894435146,MS RAMESH MEHAR,ZX220,ASC,ENGINE STALLING,9938366965,CALL CANCEL,,Cancelled,2026-06-06,Field (Active)
06.06.26,Bolangir,29,Amarjit Sagar,9438060315,WITH ABHIMANYU,,,,,,,Active,2026-06-06,Field (Support)
06.06.26,Bolangir,30,Suryakant Dehury,9938711087,MS HARZIKA ENTERPRISES,THEDJLL0T00068433,M/W,NOZZLE PIPE FIT,8435548753,,2436772,Active,2026-06-06,Field (Active)
06.06.26,Bolangir,31,SACHIDANANDA PRADHAN,7894435138,RAGHUKUL METAL,ZX490,M/W,1000 HRS SERVICE,8018933068,,,Active,2026-06-06,Field (Active)
06.06.26,Barbil,32,BHAGBAT BEHERA (TL),7894438193,MAHESWAR AGENCY,SP13-14093,ASC,PUMP FITTING,8338056398,CONTINUE,2368437,Active,2026-06-06,Field (Active)
06.06.26,Barbil,33,UTTAM MOHANTY,7894438188,JAY KAY MINING,0ACH-000998,ASC,CYLINDER SEAL KIT REPLCE,8117332243,,2410693,Active,2026-06-06,Field (Active)
06.06.26,Barbil,34,SURYAKANTA MOHAPATRA,7894438186,GURU NANAK ROADLINES,ZX370,M/W,M/C INSPECTION,9437717701,MINING MACHINE,,Mining Machine,2026-06-06,Field (Active)
06.06.26,Barbil,35,MICHALE JOSEPH,7894438192,WITH UTTAM,,,,,,,Active,2026-06-06,Field (Support)
06.06.26,Barbil,36,RAJKISHORE NAIK,7606007392,ORISSA MOTOR,ZX330,M/W,MACHINE INSPECTION,7609961098,MINING MACHINE,,Mining Machine,2026-06-06,Field (Active)
06.06.26,Barbil,37,NIRAJ PATRA,7606007393,WITH BHAGBAT,,,,,,,Active,2026-06-06,Field (Support)
06.06.26,Barbil,38,ABHISHEK MAJUMDER,9438780720,LEAVE,,,,,,,Active,2026-06-06,Leave
06.06.26,Barbil,39,JAYKRISHNA BARIK (TL),7894438195,MURGAN EARTH MOVERS,THEDD1L0A00002324,MSI,5000 HRS SERVICE,7989755174,,2424633,Active,2026-06-06,Field (Active)
06.06.26,Barbil,40,SURENDRA PARIDA,6376645220,KAILASH YADAV,THEDDKL0L00000192,M/W,HYD. PUMP REMOVE,9334254815,CALL NOT OPEN,,Call Not Opened,2026-06-06,Field (Active)
06.06.26,Barbil,41,Bhabagrahi Baitha,9437824136,ORISSA MOTOR,EX210,M/W,M/C INSPECTION,7609961098,MINING MACHINE,,Mining Machine,2026-06-06,Field (Active)
06.06.26,Barbil,42,SAROJ KUMAR PATRA (TL),7894438189,SBB CONSTRUCTION,THEWADD0LR0000444,M/W,BREAKE PROBLEM,8637207273,,2436905,Active,2026-06-06,Field (Active)
06.06.26,Barbil,43,DEBASHIS MALLICK,7894438183,PH ENTERPRISES,SP21-85226,ASC,RADIOTOR DISMETAL,9337520003,,2395917,Active,2026-06-06,Field (Active)
06.06.26,Barbil,44,RAFAYATE HOSSAIN KHAN,8116285155,ABSENT,,,,,,,Active,2026-06-06,Field (Active)
06.06.26,Barbil,1,Debabrata Majhi,7606005595,NALCO DAMAN JODI,,,,,,,Active,2026-06-06,Field (Active)
06.06.26,Workshop-Jharsuguda,2,Ashish Ku Mahapatra,8851653082,CENTRAL INDIA ASSOCIATES,S210-55695,ASC,AC FILLING,8650542067,CONTINUE,2415376,Active,2026-06-06,Field (Active)
06.06.26,Workshop-Jharsuguda,3,Jaykrushna Sahoo,7894068791,WITH SAROJ DANDPAT,,,,,,,Active,2026-06-06,Field (Support)
06.06.26,Workshop-Jharsuguda,4,Chinmaya ku Sahoo,8280335578,SANJAY PRADHAN,THEDCRL0C00003867,G/W,8000 HRS SERVICE,,,2370797,Active,2026-06-06,Field (Active)
06.06.26,Workshop-Jharsuguda,5,Sudhir Majhi,7854820816,WITH SAROJ DANDPAT,,,,,,,Active,2026-06-06,Field (Support)
06.06.26,Operator-Jharsuguda,6,Lingraj Marei,9439662750,LEAVE,,,,,,,Active,2026-06-06,Leave
06.06.26,Welder-Jharsuguda,7,BHABANI SHANKAR PATEL(NEW),8018375376,BARBIL,,,,,,,Active,2026-06-06,Field (Active)
06.06.26,Welder-Jharsuguda,8,ASHOK ORAM(NEW),9938628504,LEAVE,,,,,,,Active,2026-06-06,Leave
08.06.26,Jharsuguda,1,R. Ruturaj(TL),7894435110,SRINIVAS PRADHAN,S070-15834,SPE,M/C INSPECTION,9556311361,2430342,,Active,2026-06-08,Field (Active)
08.06.26,Jharsuguda,2,Dipti Ranjan Moharana,7606005573,SCAN STEEL,THEWACD0PP0001981,PAID,TRANSMISSION PROBLEM,9777607780,CONTINUE,2442446,Active,2026-06-08,Field (Active)
08.06.26,Jharsuguda,3,Kaushik  Atta,7894438248,PREYAM DRILLING,SP22-40229,ASC,AC NOT WORKING,9789560621,,2410610,Active,2026-06-08,Field (Active)
08.06.26,Sambalpur,4,Janmenjaya Jena (TL),7894435108,MAMATA PRADHAN,,M/W,ENGINE STALLING,6371397265,call cancel,,Cancelled,2026-06-08,Field (Active)
08.06.26,Sambalpur,5,Tofan Ku Jena,7894435327,LEAVE,,,,,,,Active,2026-06-08,Leave
08.06.26,Sambalpur,6,Satyabrata Ojha,7894435103,BBSR TRANSFER,,,,,,,Active,2026-06-08,Field (Active)
08.06.26,Sambalpur,7,Arupananda Sahoo,7735659544,SAMBIT MOHAPATRA,THEDJLL0T00068710,MSI,500 HRS SERVICE,8847871113,,2426698,Active,2026-06-08,Field (Active)
08.06.26,Rourkela,8,Saroj Dandpat(TL),7894435147,KHARAGPUR TRAINING,,,,,,,Active,2026-06-08,Training
08.06.26,Rourkela,9,Satyasiba Pradhan,7894435096,CENTRAL INDIA ASSOCIATES,S210-55695,ASC,AC PROBLEM,9045898388,,2415376,Active,2026-06-08,Field (Active)
08.06.26,Rourkela,10,Mahendra Pal,7894435092,SANSKAR  TRADERS,THEDDKL0H00000047,MSI,2000 HRS SERVICE,6309496621,,2390600,Active,2026-06-08,Field (Active)
08.06.26,Rourkela,11,Sukra Xaxa(Welder),9776078701,KOIRA,,,,,,,Active,2026-06-08,Field (Active)
08.06.26,Rourkela,12,Ranjit Ojha(TL),7894435084,SWAPAN MANDAL,THEWACD0LR0003810,MSI,2000 HRS SERVICE,9777546363,,2176407,Active,2026-06-08,Field (Active)
08.06.26,Rourkela,13,Niranjana Khatua,7894435082,SAYED ASIF SHAH,THEWACD0PR0003555,ASI,3000 HRS SERVICE,7894810898,,2439007,Active,2026-06-08,Field (Active)
08.06.26,Rourkela,14,D Nageswar Rao,8260836383,CHAKADOLA CONSTRUCTION,THEDHJL0C00003099,ASC,M/C INSPECTION,6371064171,,2144327,Active,2026-06-08,Field (Active)
08.06.26,Rourkela,15,Durga Prasad Murmu,6372469587,KHARAGPUR TRAINING,,,,,,,Active,2026-06-08,Training
08.06.26,Rourkela,16,Bikash ku Gochi(JEYPORE)(WELDER),6353724864,LEAVE,,,,,,,Active,2026-06-08,Leave
08.06.26,Rourkela,17,Ranjan Naik(Jeypore)-(WELDER)08.01.26,7008910970,KOIRA,,,,,,,Active,2026-06-08,Field (Active)
08.06.26,Rourkela,18,Hari Bhoi,7606005594,FRONTLINE ENTERPRISE,THEWABD0VL0001750,ASC,ELECTRICAL PROBLEM,7735217388,,2408786,Active,2026-06-08,Field (Active)
08.06.26,Rourkela,19,Janardan Pradhan,7606005572,KAMLU PUNJI,THEWABD0EM0002176,ASC,BRAKE NOT WORKING,9348689527,,2412708,Active,2026-06-08,Field (Active)
08.06.26,Rourkela,20,Jugal Kishore Mohanty(TL),7894435086,ODISHA BUILDER AND ENGINEERING,S070-16570,ASC,HYD OIL LEAKAGE AND ELECTRICAL PROBLEM,8763622505,,2408723,Active,2026-06-08,Field (Active)
08.06.26,Rourkela,21,Siba Prasad Sahu,7894435089,WITH SIBA,,,,,,,Active,2026-06-08,Field (Support)
08.06.26,Rourkela,22,Prabir Ku Deo,9827883163,KHARAGPUR TRAINING,,,,,,,Active,2026-06-08,Training
08.06.26,Rourkela,23,Soumya Ranjan Srichandan,7894435157,SANJAY MISHRA,S070-16565,ASC,ENGINE OVER HEAT,6372308878,,2423113,Active,2026-06-08,Field (Active)
08.06.26,Rourkela,24,Bhagirathi Hembram,7855880051,KHARAGPUR TRAINING,,,,,,,Active,2026-06-08,Training
08.06.26,Bhawanipatna,25,Sarat Kumar Samantray(TL),7894435043,UPENDRA BAG,SP13-15723,MSI,4000 HRS SERVICE,9937247461,,2429094,Active,2026-06-08,Field (Active)
08.06.26,Bhawanipatna,26,Nilakatheswar Sahoo,7894435042,ACCEL SHIPPING,SP20-68096,MSI,7000 HRS SERVICE,9777991060,,2407825,Active,2026-06-08,Field (Active)
08.06.26,Bolangir,27,Abhimanyu Pradhan (TL),7894435153,HARESH PATEL,EX200,,ASC FOLLOW UP,9437210299,,,Active,2026-06-08,Field (Active)
08.06.26,Bolangir,28,Tapan Kumar Bhoi,7894435146,DK CONSTRUCTION,S200-52134,ASC,CONTROL VALVE DISMANTLE,7381380283,,2361401,Active,2026-06-08,Field (Active)
08.06.26,Bolangir,29,Amarjit Sagar,9438060315,BIRAJA PRASAD PATTNAIK,SP13-15825,ASC,STARTING PROBLEM,8917610842,,2427756,Active,2026-06-08,Field (Active)
08.06.26,Bolangir,30,Suryakant Dehury,9938711087,WITH TAPAN,,,,,,,Active,2026-06-08,Field (Support)
08.06.26,Bolangir,31,SACHIDANANDA PRADHAN,7894435138,KHARAGPUR TRAINING,,,,,,,Active,2026-06-08,Training
08.06.26,Barbil,32,BHAGBAT BEHERA (TL),7894438193,AMARJIT SINGH ALLUWALIHA,210V-0690,SPE,M/C INSPECTION,,,2430383,Active,2026-06-08,Field (Active)
08.06.26,Barbil,33,UTTAM MOHANTY,7894438188,PUSPANJALI TRIPATHY,THEDDKL0P00000300,MSI,250 HRS SERVICE,,,2416730,Active,2026-06-08,Field (Active)
08.06.26,Barbil,34,SURYAKANTA MOHAPATRA,7894438186,GURU NANAK ROADLINES,ZX370,M/W,M/C INSPECTION,9437717701,MINING MACHINE,,Mining Machine,2026-06-08,Field (Active)
08.06.26,Barbil,35,MICHALE JOSEPH,7894438192,WITH UTTAM,,,,,,,Active,2026-06-08,Field (Support)
08.06.26,Barbil,36,RAJKISHORE NAIK,7606007392,ORISSA MOTOR,ZX330,M/W,MACHINE INSPECTION,7609961098,MINING MACHINE,,Mining Machine,2026-06-08,Field (Active)
08.06.26,Barbil,37,NIRAJ PATRA,7606007393,WITH BHAGBAT,,,,,,,Active,2026-06-08,Field (Support)
08.06.26,Barbil,38,ABHISHEK MAJUMDER,9438780720,KLT,ZW225,M/W,MACHINE INSPECTION,7853900207,MINING MACHINE,,Mining Machine,2026-06-08,Field (Active)
08.06.26,Barbil,39,JAYKRISHNA BARIK (TL),7894438195,KHARAGPUR TRAINING,,,,,,,Active,2026-06-08,Training
08.06.26,Barbil,40,SURENDRA PARIDA,6376645220,SANJAY KU SINGH,THEDD1L0T00002248,M/W,TRAVEL DEVICE FITMENT,9439526537,CONTINUE,2421424,Active,2026-06-08,Field (Active)
08.06.26,Barbil,41,Bhabagrahi Baitha,9437824136,LEAVE,,,,,,,Active,2026-06-08,Leave
08.06.26,Barbil,43,DEBASHIS MALLICK,7894438183,RATNAKAR NAIK,SHINRAI PRIME,MSI,250 HRS SERVICE,6361326690,call cancel,,Cancelled,2026-06-08,Field (Active)
08.06.26,Barbil,44,RAFAYATE HOSSAIN KHAN,8116285155,ABSENT,,,,,,,Active,2026-06-08,Field (Active)
08.06.26,Barbil,1,Debabrata Majhi,7606005595,NALCO DAMAN JODI,,,,,,,Active,2026-06-08,Field (Active)
08.06.26,Workshop-Jharsuguda,2,Ashish Ku Mahapatra,8851653082,CENTRAL INDIA ASSOCIATES,S210-55695,ASC,AC GAS FILLING,8650542067,CONTINUE,2415376,Active,2026-06-08,Field (Active)
08.06.26,Workshop-Jharsuguda,3,Jaykrushna Sahoo,7894068791,SCAN STEEL (ROURKELA),,,ALONG WITH JAYANTA,,,,Active,2026-06-08,Field (Active)
08.06.26,Workshop-Jharsuguda,3,Jaykrushna Sahoo,07.06.26,WITH SAROJ DANDPAT,,,,,,,Active,2026-06-08,Field (Support)
08.06.26,Workshop-Jharsuguda,4,Chinmaya ku Sahoo,8280335578,BRS ENGINEERING,THEWAED0JS0000160,MSI,500 HRS SERVICE,8455054011,,2076646,Active,2026-06-08,Field (Active)
08.06.26,Workshop-Jharsuguda,5,Sudhir Majhi,7854820816,WITH CHINMAYA,,,,,,,Active,2026-06-08,Field (Support)
08.06.26,Operator-Jharsuguda,6,Lingraj Marei,9439662750,LEAVE,,,,,,,Active,2026-06-08,Leave
08.06.26,Welder-Jharsuguda,7,BHABANI SHANKAR PATEL(NEW),8018375376,KOIRA,,,,,,,Active,2026-06-08,Field (Active)
08.06.26,Welder-Jharsuguda,8,ASHOK ORAM(NEW),9938628504,LEAVE,,,,,,,Active,2026-06-08,Leave
09.06.26,Jharsuguda,1,R. Ruturaj(TL),7894435110,BHUSAN POWER AND STEEL,SP22-80308,G/W,NEW ENGINE FITMENT,9437964412,,2440490,Active,2026-06-09,Field (Active)
09.06.26,Jharsuguda,2,Dipti Ranjan Moharana,7606005573,PRADIP JENA,S200-20142,ASC,RPM PROBLEM,6372359506,,2379535,Active,2026-06-09,Field (Active)
09.06.26,Jharsuguda,3,Kaushik  Atta,7894438248,PREYAM DRILLING,SP22-40229,ASC,AC NOT WORKING,9789560621,CONTINUE,2410610,Active,2026-06-09,Field (Active)
09.06.26,Sambalpur,4,Janmenjaya Jena (TL),7894435108,TRILOCHAN BISWAL,0703-8085,ASC,M/C INSPECTION,7077579006,,2364804,Active,2026-06-09,Field (Active)
09.06.26,Sambalpur,5,Tofan Ku Jena,7894435327,LEAVE,,,,,,,Active,2026-06-09,Leave
09.06.26,Sambalpur,6,Satyabrata Ojha,7894435103,BBSR TRANSFER,,,,,,,Active,2026-06-09,Field (Active)
09.06.26,Sambalpur,7,Arupananda Sahoo,7735659544,RUDRAMANI PODH,SP20-57321,ASC,GENERAL SERVICE,7008814736,,2410702,Active,2026-06-09,Field (Active)
09.06.26,Rourkela,8,Saroj Dandpat(TL),7894435147,KHARAGPUR TRAINING,,,,,,,Active,2026-06-09,Training
09.06.26,Rourkela,9,Satyasiba Pradhan,7894435096,SCAN STEEL,THEWACD0PP0001981,PAID,TRANSMISSION PROBLEM,9777607780,CONTINUE,2442446,Active,2026-06-09,Field (Active)
09.06.26,Rourkela,10,Mahendra Pal,7894435092,WITH SATYASIBA,,,,,,,Active,2026-06-09,Field (Support)
09.06.26,Rourkela,11,Sukra Xaxa(Welder),9776078701,KOIRA,,,,,,,Active,2026-06-09,Field (Active)
09.06.26,Rourkela,12,Ranjit Ojha(TL),7894435084,VAISHNO CONSTRUCTION,THEDCRL0T00003496,ASC,ENGINE FITMENT,9182690238,,2368950,Active,2026-06-09,Field (Active)
09.06.26,Rourkela,13,Niranjana Khatua,7894435082,BHAGIRATHI KHILLO,THEWAFD0TS0000094,MSI,500 HRS SERVICE,7855072335,,2419022,Active,2026-06-09,Field (Active)
09.06.26,Rourkela,14,D Nageswar Rao,8260836383,WITH NIRANJAN,,,,,,,Active,2026-06-09,Field (Support)
09.06.26,Rourkela,15,Durga Prasad Murmu,6372469587,KHARAGPUR TRAINING,,,,,,,Active,2026-06-09,Training
09.06.26,Rourkela,16,Bikash ku Gochi(JEYPORE)(WELDER),6353724864,LEAVE,,,,,,,Active,2026-06-09,Leave
09.06.26,Rourkela,17,Ranjan Naik(Jeypore)-(WELDER)08.01.26,7008910970,KOIRA FOR BKT REPAIRING AND HARDFACING JOB,,,,,,,Active,2026-06-09,Field (Active)
09.06.26,Rourkela,18,Hari Bhoi,7606005594,SAHADEV MANDAL,SP13-14968,G/W,FIP REMOVE,9861448602,,2298676,Active,2026-06-09,Field (Active)
09.06.26,Rourkela,19,Janardan Pradhan,7606005572,SATYANARYAN MAHANKUDA,P070-20026,ASC,STARTING PROBLEM AND MAINTENANCE,7008091944,,2397622,Active,2026-06-09,Field (Active)
09.06.26,Rourkela,20,Jugal Kishore Mohanty(TL),7894435086,IMFA,2001-5330,PAID,M/C INSPECTION,9437550187,,2441391,Active,2026-06-09,Field (Active)
09.06.26,Rourkela,21,Siba Prasad Sahu,7894435089,ODISHA BUILDER AND ENGINEERING,S070-16570,ASC,HYD OIL LEAKAGE AND ELECTRICAL PROBLEM,8763622505,CONTINUE,2408723,Active,2026-06-09,Field (Active)
09.06.26,Rourkela,22,Prabir Ku Deo,9827883163,KHARAGPUR TRAINING,,,,,,,Active,2026-06-09,Training
09.06.26,Rourkela,23,Soumya Ranjan Srichandan,7894435157,KARUNAKAR BEHERA,THEDHJL0P00004071,MSI,250 HRS SERVICE,,,2411973,Active,2026-06-09,Field (Active)
09.06.26,Rourkela,24,Bhagirathi Hembram,7855880051,KHARAGPUR TRAINING,,,,,,,Active,2026-06-09,Training
09.06.26,Bhawanipatna,25,Sarat Kumar Samantray(TL),7894435043,OFFICE,,,,,,,Active,2026-06-09,Office/Workshop
09.06.26,Bhawanipatna,26,Nilakatheswar Sahoo,7894435042,SRI JAGANATH STONE,SP20-58741,MSI,3000 HRS SERVICE,7735780836,,2437995,Active,2026-06-09,Field (Active)
09.06.26,Bolangir,27,Abhimanyu Pradhan (TL),7894435153,SHREE ENGINEERING,B130-,MSI,MACHINE COMMISSOINING,8144711082,m/c not install,,Active,2026-06-09,Field (Active)
09.06.26,Bolangir,28,Tapan Kumar Bhoi,7894435146,LEAVE,,,,,,,Active,2026-06-09,Leave
09.06.26,Bolangir,29,Amarjit Sagar,9438060315,WITH ABHI,,,,,,,Active,2026-06-09,Field (Support)
09.06.26,Bolangir,30,Suryakant Dehury,9938711087,WITH ABHI,,,,,,,Active,2026-06-09,Field (Support)
09.06.26,Bolangir,31,SACHIDANANDA PRADHAN,7894435138,KHARAGPUR TRAINING,,,,,,,Active,2026-06-09,Training
09.06.26,Barbil,32,BHAGBAT BEHERA (TL),7894438193,OFFICE,,,,,,,Active,2026-06-09,Office/Workshop
09.06.26,Barbil,33,UTTAM MOHANTY,7894438188,ARJUN SANDIL,ZX120,PAID,ENGINE OVERHAETING,9939868347,call not open,,Call Not Opened,2026-06-09,Field (Active)
09.06.26,Barbil,34,SURYAKANTA MOHAPATRA,7894438186,GURU NANAK ROADLINES,ZX370,M/W,M/C INSPECTION,9437717701,MINING MACHINE,,Mining Machine,2026-06-09,Field (Active)
09.06.26,Barbil,35,MICHALE JOSEPH,7894438192,PH ENTERPRISE,SP21-85226,ASC,8000 HRS SERVICE,,,2429770,Active,2026-06-09,Field (Active)
09.06.26,Barbil,35,MICHALE JOSEPH,7894438192,KAYPEE ENTERPRISE,THEWBHK0EJ0000099,ASC,SEAL KIT REPLACE,9439145283,,2384979,Active,2026-06-09,Field (Active)
09.06.26,Barbil,36,RAJKISHORE NAIK,7606007392,WITH MICHALE,,,,,,,Active,2026-06-09,Field (Support)
09.06.26,Barbil,37,NIRAJ PATRA,7606007393,WITH  SURENDRA,,,,,,,Active,2026-06-09,Field (Support)
09.06.26,Barbil,38,ABHISHEK MAJUMDER,9438780720,KLT,ZW225,M/W,MACHINE INSPECTION,7853900207,MINING MACHINE,,Mining Machine,2026-06-09,Field (Active)
09.06.26,Barbil,39,JAYKRISHNA BARIK (TL),7894438195,KHARAGPUR TRAINING,,,,,,,Active,2026-06-09,Training
09.06.26,Barbil,40,SURENDRA PARIDA,6376645220,KAILASH YADAV,THEDDKL0L00000192,M/W,ENGINE FITMENT,9334254815,call not open,,Call Not Opened,2026-06-09,Field (Active)
09.06.26,Barbil,41,Bhabagrahi Baitha,9437824136,LEAVE,,,,,,,Active,2026-06-09,Leave
09.06.26,Barbil,42,SAROJ KUMAR PATRA (TL),7894438189,ARYA CONSTRUCTION,SP20-57968,G/W,5500 HRS SERVICE,6372130323,,2440926,Active,2026-06-09,Field (Active)
09.06.26,Barbil,43,DEBASHIS MALLICK,7894438183,JB COMMERCIAL,THEDJLL4L00068851,MSI,1ST DAY COMMISSIONING,9337520003,,2442898,Active,2026-06-09,Field (Active)
09.06.26,Barbil,44,RAFAYATE HOSSAIN KHAN,8116285155,ABSENT,,,,,,,Active,2026-06-09,Field (Active)
09.06.26,Barbil,1,Debabrata Majhi,7606005595,NALCO DAMAN JODI,,,,,,,Active,2026-06-09,Field (Active)
09.06.26,Workshop-Jharsuguda,2,Ashish Ku Mahapatra,8851653082,SATI IRON CASTING,SHINRAI,MSI,GENERAL SERVICE,,,,Active,2026-06-09,Field (Active)
09.06.26,Workshop-Jharsuguda,3,Jaykrushna Sahoo,7894068791,WORKSHOP,,,,,,,Active,2026-06-09,Office/Workshop
09.06.26,Workshop-Jharsuguda,4,Chinmaya ku Sahoo,8280335578,MAMATA PRADHAN,THEDJLL3P00095451,MSI,2000 HRS SERVICE,,,2439159,Active,2026-06-09,Field (Active)
09.06.26,Workshop-Jharsuguda,5,Sudhir Majhi,7854820816,WORKSHOP,,,,,,,Active,2026-06-09,Office/Workshop
09.06.26,Operator-Jharsuguda,6,Lingraj Marei,9439662750,LEAVE,,,,,,,Active,2026-06-09,Leave
09.06.26,Welder-Jharsuguda,7,BHABANI SHANKAR PATEL(NEW),8018375376,KOIRA,,,,,,,Active,2026-06-09,Field (Active)
09.06.26,Welder-Jharsuguda,8,ASHOK ORAM(NEW),9938628504,KOIRA,,,,,,,Active,2026-06-09,Field (Active)
10.06.26,Jharsuguda,1,R. Ruturaj(TL),7894435110,ORISSA METALIK,SP20-58097,G/W,RPM PROBLEM,9713288280,,2442661,Active,2026-06-10,Field (Active)
10.06.26,Jharsuguda,2,Dipti Ranjan Moharana,7606005573,SHAKAMBARI BRICKS,S110-11593,PAID,SPARE PARTS FITMENT,,CALL NOT OPEN,,Call Not Opened,2026-06-10,Field (Active)
10.06.26,Jharsuguda,3,Kaushik  Atta,7894438248,PREYAM DRILLING,SP22-40229,ASC,AC NOT WORKING,9789560621,CONTINUE,2410610,Active,2026-06-10,Field (Active)
10.06.26,Sambalpur,4,Janmenjaya Jena (TL),7894435108,OFFICE FOR PARTS MELA,,,,,,,Active,2026-06-10,Office/Workshop
10.06.26,Sambalpur,5,Tofan Ku Jena,7894435327,RANJAN KU DASH,0ACJ-000257,ASC,HYD OIL LEAKAGE,9437538063,,2427709,Active,2026-06-10,Field (Active)
10.06.26,Sambalpur,6,Satyabrata Ojha,7894435103,BBSR TRANSFER,,,,,,,Active,2026-06-10,Field (Active)
10.06.26,Sambalpur,7,Arupananda Sahoo,7735659544,RUDRAMANI PODH,SP20-57321,ASC,PARTS FITMENT,7008814736,CONTINUE,2410702,Active,2026-06-10,Field (Active)
10.06.26,Rourkela,8,Saroj Dandpat(TL),7894435147,KHARAGPUR TRAINING,,,,,,,Active,2026-06-10,Training
10.06.26,Rourkela,9,Satyasiba Pradhan,7894435096,SCAN STEEL,THEWACD0PP0001981,PAID,TRANSMISSION PROBLEM,9777607780,CONTINUE,2442446,Active,2026-06-10,Field (Active)
10.06.26,Rourkela,10,Mahendra Pal,7894435092,MD ATTARY,SP21-62577,ASC,GENERAL SERVICE,8839886044,,2361405,Active,2026-06-10,Field (Active)
10.06.26,Rourkela,11,Sukra Xaxa(Welder),9776078701,KOIRA FOR BKT REPAIRING AND HARDFACING JOB,,,,,,,Active,2026-06-10,Field (Active)
10.06.26,Rourkela,12,Ranjit Ojha(TL),7894435084,"SANDEEP BISOI,GOKUL CH  PATTNAIK,RAJALAXMI CONSTRUCTION",,,ASC FOLLOW UP,,,,Active,2026-06-10,Field (Active)
10.06.26,Rourkela,13,Niranjana Khatua,7894435082,TARA TARINI CONSTRUCTION,01S1-051206,ASC,ELECTRICAL PROBLEM,8249992001,,2437746,Active,2026-06-10,Field (Active)
10.06.26,Rourkela,14,D Nageswar Rao,8260836383,CHAKADOLA CONSTRUCTION,THEWAED0CS0000492,M/W,NO PLATE FITMENT,8658106157,,2442802,Active,2026-06-10,Field (Active)
10.06.26,Rourkela,15,Durga Prasad Murmu,6372469587,KHARAGPUR TRAINING,,,,,,,Active,2026-06-10,Training
10.06.26,Rourkela,16,Bikash ku Gochi(JEYPORE)(WELDER),6353724864,LEAVE,,,,,,,Active,2026-06-10,Leave
10.06.26,Rourkela,17,Ranjan Naik(Jeypore)-(WELDER)08.01.26,7008910970,KOIRA FOR BKT REPAIRING AND HARDFACING JOB,,,,,,,Active,2026-06-10,Field (Active)
10.06.26,Rourkela,18,Hari Bhoi,7606005594,G NEELAKANTH RAO,01S1-051969,ASC,ELECTRICAL PROBLEM,9078487552,,2400157,Active,2026-06-10,Field (Active)
10.06.26,Rourkela,19,Janardan Pradhan,7606005572,AVALIN CHAKRA,P070-20351,MSI,1500 HRS SERVICE,8260196710,,2437693,Active,2026-06-10,Field (Active)
10.06.26,Rourkela,20,Jugal Kishore Mohanty(TL),7894435086,"ALKA STONE CRUSHER ,RABINDRA NAYAK,ARJUN CONSTRUCTION",,,ASC DISCUSSION ALONG WITH SUNIL ACHRYA,,,,Active,2026-06-10,Field (Active)
10.06.26,Rourkela,21,Siba Prasad Sahu,7894435089,RETURN FROM SITE,,,,,,,Active,2026-06-10,Field (Active)
10.06.26,Rourkela,22,Prabir Ku Deo,9827883163,KHARAGPUR TRAINING,,,,,,,Active,2026-06-10,Training
10.06.26,Rourkela,23,Soumya Ranjan Srichandan,7894435157,ALLAPA AKHILA KUMAR,THEDHJL0J00004073,MSI,MACHINE COMMISSIONING FOR DOCUMENT SIGNATURE,8018808456,CONTINUE,2434175,Active,2026-06-10,Field (Active)
10.06.26,Rourkela,24,Bhagirathi Hembram,7855880051,KHARAGPUR TRAINING,,,,,,,Active,2026-06-10,Training
10.06.26,Bhawanipatna,25,Sarat Kumar Samantray(TL),7894435043,LEAVE,,,,,,,Active,2026-06-10,Leave
10.06.26,Bhawanipatna,26,Nilakatheswar Sahoo,7894435042,ORISSA STEVEDORE LTS,THEDJLL0C00068504,MSI,3000 HRS SERVICE,8144867536,,2398142,Active,2026-06-10,Field (Active)
10.06.26,Bhawanipatna,26,Nilakatheswar Sahoo,7894435042,ORISSA STEVEDORE LTS,THEDJLL0L00068507,MSI,3000 HRS SERVICE,8144867536,,2385765,Active,2026-06-10,Field (Active)
10.06.26,Bolangir,27,Abhimanyu Pradhan (TL),7894435153,OFFICE,,,,,,,Active,2026-06-10,Office/Workshop
10.06.26,Bolangir,28,Tapan Kumar Bhoi,7894435146,LEAVE,,,,,,,Active,2026-06-10,Leave
10.06.26,Bolangir,29,Amarjit Sagar,9438060315,BIRAJA PRASAD PATTANIAK/SONALI STONE CRUSHER,SP13-15825,ASC,STARTING  PROBLEM,9938366965,,2427746,Active,2026-06-10,Field (Active)
10.06.26,Bolangir,30,Suryakant Dehury,9938711087,OFFICE DUE TO HEALTH ISSUE,,,,,,,Active,2026-06-10,Office/Workshop
10.06.26,Bolangir,31,SACHIDANANDA PRADHAN,7894435138,KHARAGPUR TRAINING,,,,,,,Active,2026-06-10,Training
10.06.26,Barbil,32,BHAGBAT BEHERA (TL),7894438193,SABIR HUSSAIN,THEDD1L0P00000999,ASC,CENTER JOINT SEAL FITMENT,9937624664,,2429740,Active,2026-06-10,Field (Active)
10.06.26,Barbil,33,UTTAM MOHANTY,7894438188,RAKESH SINGHANIA,THEDD1L0H00000396,PAID,OPERATION SLOW,9438505636,,2442910,Active,2026-06-10,Field (Active)
10.06.26,Barbil,34,SURYAKANTA MOHAPATRA,7894438186,ENKAY MINERALS,ZW225,MSI,MACHINE COMMISSIONING,,MINING MACHINE,,Mining Machine,2026-06-10,Field (Active)
10.06.26,Barbil,35,MICHALE JOSEPH,7894438192,JB COMMERCIAL,THEDJLL4E00068819,MSI,MACHINE COMMISSIONING,7381272393,,2443035,Active,2026-06-10,Field (Active)
10.06.26,Barbil,36,RAJKISHORE NAIK,7606007392,ORISSA MOTOR,EX210,M/W,M/C INSPECTION,,MINING MACHINE,,Mining Machine,2026-06-10,Field (Active)
10.06.26,Barbil,37,NIRAJ PATRA,7606007393,WITH  SURENDRA,,,,,,,Active,2026-06-10,Field (Support)
10.06.26,Barbil,38,ABHISHEK MAJUMDER,9438780720,WITH BHAGBAT,,,,,,,Active,2026-06-10,Field (Support)
10.06.26,Barbil,39,JAYKRISHNA BARIK (TL),7894438195,KHARAGPUR TRAINING,,,,,,,Active,2026-06-10,Training
10.06.26,Barbil,40,SURENDRA PARIDA,6376645220,KAILASH YADAV,THEDDKL0L00000192,M/W,ENGINE FITMENT,9334254815,call not open,,Call Not Opened,2026-06-10,Field (Active)
10.06.26,Barbil,41,Bhabagrahi Baitha,9437824136,LEAVE,,,,,,,Active,2026-06-10,Leave
10.06.26,Barbil,42,SAROJ KUMAR PATRA (TL),7894438189,DAMAYANTI MAHANTA,THEWBMK0JS0000055,M/W,GEAR SHIFTING PROBLEM,9556389927,,2442860,Active,2026-06-10,Field (Active)
10.06.26,Barbil,43,DEBASHIS MALLICK,7894438183,JB COMMERCIAL,THEDJLL4L00068851,MSI,1ST DAY COMMISSIONING,9337520003,CONTINUE,2442898,Active,2026-06-10,Field (Active)
10.06.26,Barbil,44,RAFAYATE HOSSAIN KHAN,8116285155,ABSENT,,,,,,,Active,2026-06-10,Field (Active)
10.06.26,Barbil,1,Debabrata Majhi,7606005595,NALCO DAMAN JODI,,,,,,,Active,2026-06-10,Field (Active)
10.06.26,Workshop-Jharsuguda,2,Ashish Ku Mahapatra,8851653082,TULSI CARRING PVT LTD,THEWACD0PR0003426,MSI,3000 HRS SERVICE,6299564630,CALL NOT OPEN,THEDC0L0K00001696,Call Not Opened,2026-06-10,Field (Active)
10.06.26,Workshop-Jharsuguda,3,Jaykrushna Sahoo,7894068791,WORKSHOP,,,MISC JOB,,,,Active,2026-06-10,Office/Workshop
10.06.26,Workshop-Jharsuguda,4,Chinmaya ku Sahoo,8280335578,WITH SATYASIBA,,,,,,,Active,2026-06-10,Field (Support)
10.06.26,Workshop-Jharsuguda,5,Sudhir Majhi,7854820816,WITH DIPTI,,,,,,,Active,2026-06-10,Field (Support)
10.06.26,Operator-Jharsuguda,6,Lingraj Marei,9439662750,LEAVE,,,,,,,Active,2026-06-10,Leave
10.06.26,Welder-Jharsuguda,7,BHABANI SHANKAR PATEL(NEW),8018375376,KOIRA,,,,,,,Active,2026-06-10,Field (Active)
10.06.26,Welder-Jharsuguda,8,ASHOK ORAM(NEW),9938628504,KOIRA,,,,,,,Active,2026-06-10,Field (Active)
11.06.26,Jharsuguda,1,R. Ruturaj(TL),7894435110,NABA KISHORE DAS,0ACE-001600,ASC,BOOM CYLINDER SEAL REPLACE,9556486163,,,Active,2026-06-11,Field (Active)
11.06.26,Jharsuguda,2,Dipti Ranjan Moharana,7606005573,TIRUPATI DRILLING,,G/W,ELECTRICAL PROBLEM,7295943617,,,Active,2026-06-11,Field (Active)
11.06.26,Jharsuguda,3,Kaushik  Atta,7894438248,DARLING HAUSING,,M/W,ABNORMAL NOISE FROM BREAK,9570997691,,,Active,2026-06-11,Field (Active)
11.06.26,Sambalpur,4,Janmenjaya Jena (TL),7894435108,ADWIK ENTERPRISES,,ASC,HARNESS REPLACE,9778811299,,,Active,2026-06-11,Field (Active)
11.06.26,Sambalpur,5,Tofan Ku Jena,7894435327,SANJAY PRADHAN,,ASC,CYLINDER SEAL REPLACE,9861418592,,,Active,2026-06-11,Field (Active)
11.06.26,Sambalpur,6,Satyabrata Ojha,7894435103,BBSR TRANSFER,,,,,,,Active,2026-06-11,Field (Active)
11.06.26,Sambalpur,7,Arupananda Sahoo,7735659544,JAYANTI DEHURY,,ASC,3500 HRS SERVICE,7849088221,,,Active,2026-06-11,Field (Active)
11.06.26,Rourkela,8,Saroj Dandpat(TL),7894435147,KHARAGPUR TRAINING,,,,,,,Active,2026-06-11,Training
11.06.26,Rourkela,9,Satyasiba Pradhan,7894435096,NAMYA VENYA,THEDJLL0C00068471,MSI,1500 HRS SERVICE,7004718066,,,Active,2026-06-11,Field (Active)
11.06.26,Rourkela,10,Mahendra Pal,7894435092,SATI IRON AND CASTING,THEWBJK0TR0000733,G/W,STARTING PROBLEM,6299567630,,,Active,2026-06-11,Field (Active)
11.06.26,Rourkela,11,Sukra Xaxa(Welder),9776078701,KOIRA FOR BKT REPAIRING AND HARDFACING JOB,,,,,,,Active,2026-06-11,Field (Active)
11.06.26,Rourkela,12,Ranjit Ojha(TL),7894435084,WITH HARI BHOI,,,,,,,Active,2026-06-11,Field (Support)
11.06.26,Rourkela,13,Niranjana Khatua,7894435082,A & U ENGINEERING,SP21-63418,ASC,FAN BELT DAMAGED,9348662920,,,Active,2026-06-11,Field (Active)
11.06.26,Rourkela,14,D Nageswar Rao,8260836383,WITH JANARDAN,,,,,,,Active,2026-06-11,Field (Support)
11.06.26,Rourkela,15,Durga Prasad Murmu,6372469587,KHARAGPUR TRAINING,,,,,,,Active,2026-06-11,Training
11.06.26,Rourkela,16,Bikash ku Gochi(JEYPORE)(WELDER),6353724864,LEAVE,,,,,,,Active,2026-06-11,Leave
11.06.26,Rourkela,17,Ranjan Naik(Jeypore)-(WELDER)08.01.26,7008910970,KOIRA FOR BKT REPAIRING AND HARDFACING JOB,,,,,,,Active,2026-06-11,Field (Active)
11.06.26,Rourkela,18,Hari Bhoi,7606005594,SAHADEV MANDAL,SP13-14968,G/W,FIP REMOVE,9861448602,2298676,,Active,2026-06-11,Field (Active)
11.06.26,Rourkela,19,Janardan Pradhan,7606005572,SURYANARAYAN PADHI,0703-4037,ASC,HYD OIL LEAKAGE,9439477300,,,Active,2026-06-11,Field (Active)
11.06.26,Rourkela,20,Jugal Kishore Mohanty(TL),7894435086,VENKATESWAR TRADERS,THEDGLL0H00050428,M/W,ELECTRICAL PROBLEM,9938483093,,,Active,2026-06-11,Field (Active)
11.06.26,Rourkela,21,Siba Prasad Sahu,7894435089,WITH JUGAL,,,,,,,Active,2026-06-11,Field (Support)
11.06.26,Rourkela,22,Prabir Ku Deo,9827883163,KHARAGPUR TRAINING,,,,,,,Active,2026-06-11,Training
11.06.26,Rourkela,23,Soumya Ranjan Srichandan,7894435157,SANJAY MISHRA,1101-6332,ASC,SWING DEVICE FITMENT,6372308878,,,Active,2026-06-11,Field (Active)
11.06.26,Rourkela,24,Bhagirathi Hembram,7855880051,KHARAGPUR TRAINING,,,,,,,Active,2026-06-11,Training
11.06.26,Bhawanipatna,25,Sarat Kumar Samantray(TL),7894435043,AMBAJI ROCKS AND MINERALS,PLR6T54-0712,M/W,WARRENTY PAT FITMENT,9437210910,,,Active,2026-06-11,Field (Active)
11.06.26,Bhawanipatna,26,Nilakatheswar Sahoo,7894435042,MANOJ AGRAWAL,0703-6605,ASC,ENGINE PROBLEM,8144095086,,,Active,2026-06-11,Field (Active)
11.06.26,Bolangir,27,Abhimanyu Pradhan (TL),7894435153,NOT GIVEN,,,,,,,Active,2026-06-11,Field (Active)
11.06.26,Bolangir,28,Tapan Kumar Bhoi,7894435146,NOT GIVEN,,,,,,,Active,2026-06-11,Field (Active)
11.06.26,Bolangir,29,Amarjit Sagar,9438060315,NOT GIVEN,,,,,,,Active,2026-06-11,Field (Active)
11.06.26,Bolangir,30,Suryakant Dehury,9938711087,NOT GIVEN,,,,,,,Active,2026-06-11,Field (Active)
11.06.26,Bolangir,31,SACHIDANANDA PRADHAN,7894435138,KHARAGPUR TRAINING,,,,,,,Active,2026-06-11,Training
11.06.26,Barbil,32,BHAGBAT BEHERA (TL),7894438193,SINGH AND COMPANY,,,ASC PURPOSE,6299033492,,,Active,2026-06-11,Field (Active)
11.06.26,Barbil,33,UTTAM MOHANTY,7894438188,DABANG EARTHMOVERS,EX210,MSI,500 HRS SERVICE,8280087078,,,Active,2026-06-11,Field (Active)
11.06.26,Barbil,34,SURYAKANTA MOHAPATRA,7894438186,GURU NANAK ROADLINES,ZW225,M/W,M/C INSPECTION,9437717701,MINING MACHINE,,Mining Machine,2026-06-11,Field (Active)
11.06.26,Barbil,35,MICHALE JOSEPH,7894438192,JB COMMERCIAL,EX210,MSI,MACHINE COMMISSIONING,7381272393,,,Active,2026-06-11,Field (Active)
11.06.26,Barbil,36,RAJKISHORE NAIK,7606007392,ORISSA MOTOR,EX210,M/W,M/C INSPECTION,7609961098,MINING MACHINE,,Mining Machine,2026-06-11,Field (Active)
11.06.26,Barbil,37,NIRAJ PATRA,7606007393,WITH  SURENDRA,,,,,,,Active,2026-06-11,Field (Support)
11.06.26,Barbil,38,ABHISHEK MAJUMDER,9438780720,KLT,ZW225,M/W,MACHINE INSPECTION,7853900207,MINING MACHINE,,Mining Machine,2026-06-11,Field (Active)
11.06.26,Barbil,39,JAYKRISHNA BARIK (TL),7894438195,KHARAGPUR TRAINING,,,,,,,Active,2026-06-11,Training
11.06.26,Barbil,40,SURENDRA PARIDA,6376645220,KAILASH YADAV,THEDDKL0L00000192,M/W,ENGINE FITMENT,9334254815,call not open,,Call Not Opened,2026-06-11,Field (Active)
11.06.26,Barbil,41,Bhabagrahi Baitha,9437824136,ORISSA MOTOR,EX210,M/W,M/C INSPECTION,7609961098,Machine Inspection,,Active,2026-06-11,Field (Active)
11.06.26,Barbil,42,SAROJ KUMAR PATRA (TL),7894438189,DHARMENDRA MAHANTA,EX-210 PRIME,MSI,1500 HRS MAINTENANCE,7978646929,,,Active,2026-06-11,Field (Active)
11.06.26,Barbil,43,DEBASHIS MALLICK,7894438183,SAMARPIT ASSOCIATES,EX-210SUP,ASC,GENERAL MAINTENANCE,8249398521,,,Active,2026-06-11,Field (Active)
11.06.26,Barbil,44,RAFAYATE HOSSAIN KHAN,8116285155,ABSENT,,,,,,,Active,2026-06-11,Field (Active)
11.06.26,Barbil,1,Debabrata Majhi,7606005595,NALCO DAMAN JODI,,,,,,,Active,2026-06-11,Field (Active)
11.06.26,Workshop-Jharsuguda,2,Ashish Ku Mahapatra,8851653082,ANITA PATRA,THEWACD0HT0000717,M/W,STARTING PROBLEM,9337952310,,,Active,2026-06-11,Field (Active)
11.06.26,Workshop-Jharsuguda,3,Jaykrushna Sahoo,7894068791,WORKSHOP,,,MISC JOB,,,,Active,2026-06-11,Office/Workshop
11.06.26,Workshop-Jharsuguda,4,Chinmaya ku Sahoo,8280335578,WORKSHOP,,,,,,,Active,2026-06-11,Office/Workshop
11.06.26,Workshop-Jharsuguda,5,Sudhir Majhi,7854820816,WITH RUTURAJ,,,,,,,Active,2026-06-11,Field (Support)
11.06.26,Operator-Jharsuguda,6,Lingraj Marei,9439662750,LEAVE,,,,,,,Active,2026-06-11,Leave
11.06.26,Welder-Jharsuguda,7,BHABANI SHANKAR PATEL(NEW),8018375376,KOIRA,,,,,,,Active,2026-06-11,Field (Active)
11.06.26,Welder-Jharsuguda,8,ASHOK ORAM(NEW),9938628504,KOIRA,,,,,,,Active,2026-06-11,Field (Active)
