Date,From,To,Starting KM,Closing KM,Location of site,NAME OF THE CUSTOMER,Machine Sl.no,Job card Number,Type of Machine,Nature of Job,Revenue-Service(Rs),OFFER NO/DATE,OFFER AMOUNT,Revenue-Parts(Rs),Remarks,Source Month,Trip Distance KM
2025-04-01,SERENDA OFFICE,BUREIBURU,78664.0,78684.0,BUREIBURU,KAYPEE ENTERPRISES,1101-6894,1778997,ASC,Monthly visit,0.03,1514210/03-04-25,0.54,0.0,,APR-25,20.0
2025-04-02,NO RUN,,,,,,,,,,0.0,,0.0,0.0,,APR-25,
2025-04-03,SERENDA OFFICE,BOLANI,78684.0,78712.0,BOLANI,STARTREE COMTRADE PRIVATE LIMITED,THEWBJK0VP0000372,1782243,Warranty,MSI,0.0,1514117/03-04-25,0.14,0.0,,APR-25,28.0
2025-04-04,SERENDA OFFICE,KHANDBANDH,78712.0,78756.0,KHANDBANDH,MAHESH INFRASTRUCTURES PVT. LTD.,SP21-62553,1785605,Warranty,MSI,0.03,1545515/29-04-25,0.16,0.0,,APR-25,44.0
2025-04-05,SERENDA OFFICE,NUAMUNDI,78756.0,78804.0,NUAMUNDI,SINGH & CO.,THEDD1L0T00002007,1788266,Warranty,MSI,0.08,1536789/22-04-25,0.75,0.0,,APR-25,48.0
2025-04-06,NO RUN (HOLIDAY),,,,,,,,,,0.0,,0.0,0.0,,APR-25,
2025-04-07,SERENDA OFFICE,SILJODA,78804.0,78872.0,SILJODA,SHUBHANGI MARKETING SERVICES,THEDD1L0P00001294,1788756,Warranty,MSI,0.0,1538071/23-04-25,0.35,0.0,,APR-25,68.0
2025-04-08,SERENDA OFFICE,TENSA,78872.0,78914.0,TENSA,VSR CAPITAL,SP22-80552,1790649,Non_Warranty,Customer Compliant,0.0,1545554/29-04-25,0.17,0.0,,APR-25,42.0
2025-04-09,NO RUN,,,,,,,,,,0.0,,0.0,0.0,,APR-25,
2025-04-10,NO RUN,,,,,,,,,,0.0,,0.0,0.0,,APR-25,
2025-04-11,SERENDA OFFICE,PATBEDA,78914.0,78968.0,PATBEDA,MURUGAN EAARTHMOVERS,THEDD1L0A00002324,1795313,Warranty,MSI,0.08,,0.0,0.0,,APR-25,54.0
2025-04-12,SERENDA OFFICE,BAGHMARA,78968.0,78994.0,BAGHMARA,MADHABANANDA MOHANTY,1101-6763,1796411,ASC,Monthly visit,0.03,1536602/22-04-25,0.17,0.0,,APR-25,26.0
2025-04-13,NO RUN (HOLIDAY),,,,,,,,,,0.0,,0.0,0.0,,APR-25,
2025-04-14,SERENDA OFFICE,SANINDPUR,78994.0,79024.0,SANINDPUR,SANJAY KUMAR SINGH,THEDD1L0T00002248,1799426,Warranty,MSI,0.08,1526996/15-04-25,0.32,0.0,,APR-25,30.0
2025-04-15,NO RUN,,,,,,,,,,0.0,,0.0,0.0,,APR-25,
2025-04-16,NO RUN,,,,,,,,,,0.0,,0.0,0.0,,APR-25,
2025-04-17,SERENDA OFFICE,BAGHMARA,79024.0,79088.0,BAGHMARA,MADHABANANDA MOHANTY,1101-6763,1803786,ASC,Monthly visit,0.03,1539382/24-04-25,0.14,0.0,,APR-25,64.0
2025-04-18,SERENDA OFFICE,NUAMUNDI,79088.0,79146.0,NUAMUNDI,"GURU NANAK ROADLINES,",THEDD1L0A00001917,1804727,Non_Warranty,Others,0.0,1535168/21-04-25,0.51,0.0,,APR-25,58.0
2025-04-19,SERENDA OFFICE,NUAMUNDI,79146.0,79188.0,NUAMUNDI,"GURU NANAK ROADLINES,",THEDD1L0K00002091,1807589,Warranty,MSI,0.05,1543486/28-04-25,0.12,0.0,,APR-25,42.0
2025-04-20,NO RUN (HOLIDAY),,,,,,,,,,0.0,,0.0,0.0,,APR-25,
2025-04-21,SERENDA OFFICE,SANINDPUR,79188.0,79242.0,SANINDPUR,SANJAY KUMAR SINGH,THEDD1L0T00002248,1808285,Warranty,Warranty parts Replacement,0.0,1536885/22-04-25,0.44,0.0,,APR-25,54.0
2025-04-22,SERENDA OFFICE,SAGASAHI,79242.0,79298.0,SAGASAHI,THRIVENI EARTHMOVERS PVT LTD,THEDD1L0K00002060,1808770,Warranty,MSI,0.02,,0.0,0.0,,APR-25,56.0
2025-04-23,NO RUN,,,,,,,,,,0.0,,0.0,0.0,,APR-25,
2025-04-24,SERENDA OFFICE,BILEIPADA,79298.0,79364.0,BILEIPADA,SHREE SHYAM ENTERPRISERS,THEWACD0AN0001130,1761082,ASC,Monthly visit,0.03,1542032/26-04-25,0.3,0.0,,APR-25,66.0
2025-04-25,SERENDA OFFICE,BAGHMARA,79364.0,79428.0,BAGHMARA,K. C. PRADHAN MINERAL PVT. LTD.,3036-2376,1773027,ASC,Monthly visit,0.04,,0.0,0.0,,APR-25,64.0
2025-04-26,NO RUN,,,,,,,,,,0.0,,0.0,0.0,,APR-25,
2025-04-27,NO RUN (HOLIDAY),,,,,,,,,,0.0,,0.0,0.0,,APR-25,
2025-04-28,SERENDA OFFICE,SANINDPUR,79428.0,79496.0,SANINDPUR,DHILLON CONSTRUCTION PRIVATE LIMITE,THEDD1L0V00002256,1818739,Warranty,MSI,0.08,1544303/29-04-25,0.42,0.0,,APR-25,68.0
2025-04-29,SERENDA OFFICE,PALASPANGA,79496.0,79575.0,PALASPANGA,JB COMMERCIAL,THEWBJK0PR0000580,1817241,Warranty,MSI,0.05,1544135/29-04-25,0.17,0.0,,APR-25,79.0
2025-05-01,NO RUN,,,,,,,,,,0.0,,0.0,0.0,,MAY-25,
2025-05-02,SERENDA OFFICE,JASHIPORE,79575.0,79698.0,JASHIPORE,SANATAN MUNDA,THEWACD0HP0002669,1824269,Warranty,MSI,0.03,1573319/02-05-25,0.21,0.15,"INV NO-1013270129, DT-05/04/25, AMT-18312.60, INV NO-1013271560, DT-07/05/25, AMT-1472.5",MAY-25,123.0
2025-05-03,SERENDA OFFICE,SANIDHPUR,79698.0,79749.0,SANIDHPUR,MOHAPATRA TRADERS & SERVICE,THEDD1L0K00001748,1825342,Warranty,MSI,0.0,1565424/16-05-25,1.26,0.4,"INV NO-1013271377, DT-02/05/25, AMT-40251.00",MAY-25,51.0
2025-05-04,NO RUN,,,,,,,,,,0.0,,0.0,0.0,,MAY-25,
2025-05-05,SERENDA OFFICE,BAGAIBURU,79749.0,79792.0,BAGAIBURU,KAYPEE ENTERPRISES,THEDD1L0E00000657,1804497,ASC,Monthly visit,0.04,1556335/08-05-25,0.35,1.45,"INV NO-1013272035, DT-16/05/25, AMT-80171.65, INV NO-1013272643, DT-27/05/25, AMT-16662.95, INV NO-1013272702, DT-28/05/25, AMT-48788.20",MAY-25,43.0
2025-05-06,SERENDA OFFICE,GUA,79792.0,79867.0,GUA,BABA DHABALESWAR MOVERS,THEWACD0CN0001540,1830086,Warranty,MSI,0.03,1562505/14-05-25,0.25,1.46,"INV NO-1013271647, DT-08/05/25, AMT-146904.20",MAY-25,75.0
2025-05-07,SERENDA OFFICE,MSP PLANT,79867.0,79914.0,MSP PLANT,NILAMANI MOHANT,THEWBMK0CS0000011,1834933,Warranty,MSI,0.07,1564323/15-05-25,0.26,0.0,NEW MACHINE COMMISSIONING,MAY-25,47.0
2025-05-08,SERENDA OFFICE,DHANSINGH GATE,79914.0,79962.0,DHANSINGH GATE,"GURU NANAK ROADLINES,",THEDD1L0H00002293,1784279,Warranty,MSI,0.08,1557956/10-05-25,0.52,1.06,"INV NO-1013272292, DT-21/05/25, AMT-106490.36",MAY-25,48.0
2025-05-09,SERENDA OFFICE,KHANDADHAR,79962.0,80045.0,KHANDADHAR,SJM RETAIL,THEDD1L0V00001849,1836092,Warranty,MSI,0.0,1560005/12-05-25,0.66,0.0,"INV NO-1013271630, DT-08/05/25, AMT-28154.40",MAY-25,83.0
2025-05-10,SERENDA OFFICE,PICHUA,80045.0,80116.0,PICHUA,TRUSTLINE MINING & MINERALS,SP21-63378,1835690,Warranty,MSI,0.02,1559879/12-05-25,0.18,0.41,"INV NO-1013271672, DT-09/05/25, AMT-41427.00",MAY-25,71.0
2025-05-11,NO RUN,,,,,,,,,,0.0,,0.0,0.0,,MAY-25,
2025-05-12,SERENDA OFFICE,KN RAM MINES,80116.0,80148.0,KN RAM MINES,KHATAU LILADHAR THACKER,THEDD1L0J00001895,1837608,Warranty,MSI,0.02,1560741/13-05-25,0.33,0.1,"INV NO-1013271985, DT-15/05/25, AMT-3388.88, INV NO-1013272262, DT-21/05/25, AMT-7741.36",MAY-25,32.0
2025-05-13,SERENDA OFFICE,GUALI,80148.0,80208.0,GUALI,JALIN BRAHMA,THEWBHK0TK0000303,1842055,ASC,Monthly visit,0.03,1565279/16-05-25,0.18,0.0,"INV NO-1013271719, DT-10/05/25, AMT-4378.50, INV NO-1013271721, DT-10/05/25, AMT-3020.05",MAY-25,60.0
2025-05-14,SERENDA OFFICE,GUALI,80208.0,80288.0,GUALI,BEARDSELL EASTERN PVT LTD,SP20-50309,1810826,Warranty,MSI,0.07,1563595/14-05-25,0.18,0.0,NEW MACHINE COMMISSIONING,MAY-25,80.0
2025-05-15,SERENDA OFFICE,KALIMATI,80288.0,80390.0,KALIMATI,KAILASH YADAV . .,SP22-80502,1843482,Warranty,MSI,0.02,1565202/16-05-25,0.17,0.05,"INV NO-1013272336, DT-22/05/25, AMT-5738.70",MAY-25,102.0
2025-05-16,SERENDA OFFICE,NUAMUNDI,80390.0,80462.0,NUAMUNDI,BAIJNATH YADAV,SP22-80263,1844073,Warranty,MSI,0.02,1567467/19-05-25,0.14,0.0,,MAY-25,72.0
2025-05-17,SERENDA OFFICE,JODA EAST,80462.0,80488.0,JODA EAST,PRAMOD KUMAR YADAV,SP22-95174,1848812,Warranty,MSI,0.08,1570290/20-05-25,0.3,0.0,,MAY-25,26.0
2025-05-18,NO RUN,,,,,,,,,,0.0,,0.0,0.0,,MAY-25,
2025-05-19,SERENDA OFFICE,GUALI,80488.0,80560.0,GUALI,DEEP INNOVATIVES PRIVATE LIMITED,SP21-85570,1847810,Warranty,MSI,0.08,1847810/20-05-25,0.05,0.21,"INV NO-1013272705, DT-28/05/25, AMT-21270.60",MAY-25,72.0
2025-05-20,NO RUN,,,,,,,,,,0.0,,0.0,0.0,,MAY-25,
2025-05-21,NO RUN,,,,,,,,,,0.0,,0.0,0.0,,MAY-25,
2025-05-22,SERENDA OFFICE,PICHUA,80560.0,80648.0,PICHUA,TRUSTLINE MINING & MINERALS,THEDD1L0J00000696,1830265,,,0.0,1554618/07-05-25,0.53,0.86,"INV NO-1013272337, DT-22/05/25, AMT-86947.00",MAY-25,88.0
2025-05-23,SERENDA OFFICE,DHANSINGH GATE,80648.0,80722.0,DHANSINGH GATE,"GURU NANAK ROADLINES,",THEDD1L0H00002293,1855196,Warranty,MSI,0.08,1575492/24-05-25,0.43,0.17,"INV NO-1013272422, DT-24/05/25, AMT-17479.32",MAY-25,74.0
2025-05-24,SERENDA OFFICE,GUALI,80722.0,80798.0,GUALI,BEARDSELL EASTERN PVT LTD,SP20-50309,1842572,Warranty,MSI,0.08,1577669/26-05-25,0.25,0.18,"INV NO-1013271911, DT-14/05/25, AMT-18551.30",MAY-25,76.0
2025-05-25,NO RUN,,,,,,,,,,0.0,,0.0,0.0,,MAY-25,
2025-05-26,SERENDA OFFICE,GUALI,80798.0,80896.0,GUALI,THRIVENI EARTHMOVERS PRIVATE LTD.,1101-6386,1823404,Non_Warranty,SPP/SPE,0.0,,0.0,0.0,,MAY-25,98.0
2025-05-27,SERENDA OFFICE,PICHUA,80896.0,80946.0,PICHUA,TRUSTLINE MINING & MINERALS,SP21-63699,1860994,Warranty,MSI,0.02,1579915/28-05-25,0.22,0.0,,MAY-25,50.0
2025-05-28,SERENDA OFFICE,NUAMUNDI,80946.0,80981.0,NUAMUNDI,SHREE SHYAM ENTERPRISERS,THEWACD0AN0001130,1817460,ASC,Monthly visit,0.03,1581144/29-05-25,0.1,0.24,"INV NO-1013270960, DT-24/04/25, AMT-24960.95",MAY-25,35.0
2025-06-02,SERENDA OFFICE,NUMUNDI,80981.0,81024.0,NUMUNDI,INTERSTATE SYNDICATE,THEDC0L0P00000434,1804496,ASC,Monthly visit,0.03,1588087/03-06-25,0.19,0.12,"INV NO-1013273481, DT-12-06-25, AMT-12821.00",JUNE-25,43.0
2025-06-03,SERENDA OFFICE,GITARANI MINES,81024.0,81098.0,GITARANI MINES,NAUMI MINING CO,THEWBJK0KP0000285,1870130,Warranty,MSI,0.03,1589193/04-06-25,0.38,0.35,"INV NO-1013272927, DT-31-05-25, AMT-35339.51",JUNE-25,74.0
2025-06-04,SERENDA OFFICE,BOLANI,81098.0,81156.0,BOLANI,STARTREE COMTRADE PRIVATE LIMITED,THEWBJK0CP0000371,1862469,Non_Warranty,Others,0.0,1608815/20-06-25,0.48,0.0,,JUNE-25,58.0
2025-06-05,SERENDA OFFICE,KHANDBANDH,81156.0,81234.0,KHANDBANDH,MAHESH INFRASTRUCTURES PVT. LTD.,SP21-63232,1874883,Warranty,MSI,0.03,1593617/07-06-25,0.14,0.43,"INV NO-1013274005, DT-24-06-25, AMT-43202.21",JUNE-25,78.0
2025-06-06,SERENDA OFFICE,SAGA SAHI,81234.0,81380.0,SAGA SAHI,DEEP INNOVATIVES PRIVATE LIMITED,THEDD1L0T00001052,1804494,ASC,Monthly visit,0.03,1599867/06-06-25,0.18,0.23,"INV NO-1013273723, DT-17-06-25, AMT-23571.22",JUNE-25,146.0
2025-06-07,SERENDA OFFICE,BAGHMARA,81380.0,81640.0,BAGHMARA,M.G.M.MINERALS LTD. ,3036-2727,1871405,Non_Warranty,SPP/SPE,0.03,"1604695, 1604744, 1604816/10-06-25",0.35,0.0,,JUNE-25,260.0
2025-06-08,NO RUN,,,,,,,,,,0.0,,0.0,0.0,,JUNE-25,
2025-06-09,NO RUN,,,,,,,,,,0.0,,0.0,0.0,,JUNE-25,
2025-06-10,SERENDA OFFICE,KEONJHAR,81640.0,81701.0,KEONJHAR,KSHIROD MOHANTA,P130-16384,1823291,Warranty,MSI,0.04,1597272/11-06-25,0.5,0.06,"INV NO-1013273502, DT-12-6-25, AMT-6739.46",JUNE-25,61.0
2025-06-11,NO RUN,,,,,,,,,,0.0,,0.0,0.0,,JUNE-25,
2025-06-12,SERENDA OFFICE,ORAGHAT,81701.0,81770.0,ORAGHAT,SAI SITARAM CONSTRUCTION,S210-55363,1882934,Paid,Customer Compliant,0.06,1602628/14-06-25,0.24,0.1,"INV NO-1013273783, DT-18-06-25, AMT-10479.00",JUNE-25,69.0
2025-06-13,SERENDA OFFICE,PICHUA,81770.0,81860.0,PICHUA,TRUSTLINE MINING & MINERALS,SP21-85079,1885148,Warranty,MSI,0.03,1602629/14-06-25,0.16,0.12,"INV NO-1013273921, DT-21-06-25, AMT-12049.00",JUNE-25,90.0
2025-06-14,SERENDA OFFICE,K.N.RAM MINES,81860.0,81986.0,K.N.RAM MINES,KHATAU LILADHAR THACKER,THEDD1L0J00001895,1889591,Warranty,MSI,0.03,1615719/25-06-25,0.63,0.46,"INV NO-1013274334, DT-01/07/25, AMT-46059.00",JUNE-25,126.0
2025-06-15,NO RUN,,,,,,,,,,0.0,,0.0,0.0,,JUNE-25,
2025-06-16,SERENDA OFFICE,PALASAPANGA,81986.0,82174.0,PALASAPANGA,JB COMMERCIAL,THEWBMK0VS0000009,1889129,Warranty,Warranty parts Replacement,0.0,1604624/17-06-25,0.24,0.17,"INV NO-1013274158, DT-28/06/25, AMT-17822.48",JUNE-25,188.0
2025-06-17,SERENDA OFFICE,TENSA,82174.0,82296.0,TENSA,BEARDSELL EASTERN PVT LTD,SP20-50309,1810826,Warranty,MSI,0.07,1563595/14-05-25,0.18,0.21,"INV NO-1013271911, DT-14-05-25, AMT-21890.54",JUNE-25,122.0
2025-06-18,NO RUN,,,,,,,,,,0.0,,0.0,0.0,,JUNE-25,
2025-06-19,NO RUN,,,,,,,,,,0.0,,0.0,0.0,,JUNE-25,
2025-06-20,SERENDA OFFICE,KALAMANG,82296.0,82374.0,KALAMANG,RAHUL ASSOCIATES,L360-4587,1890054,ASC,Monthly visit,0.03,1611894/23-06-25,0.38,0.0,,JUNE-25,78.0
2025-06-21,SERENDA OFFICE,BAGHMARA,82374.0,82486.0,BAGHMARA,M.G.M.MINERALS LTD. ,0ACH-000314,1830792,ASC,Monthly visit,0.04,1616429/26-06-25,1.23,1.3,"INV NO-1013273971, DT-23-06-25, AMT-130890.44",JUNE-25,112.0
2025-06-22,NO RUN,,,,,,,,,,0.0,,0.0,0.0,,JUNE-25,
2025-06-23,NO RUN,,,,,,,,,,0.0,,0.0,0.0,,JUNE-25,
2025-06-24,SERENDA OFFICE,MEGHATBURU,82486.0,82562.0,MEGHATBURU,STEEL AUTHORITY OF INDIA LIMITED,350V-2247,1847123,ASC,Monthly visit,0.04,1613347/24-06-25,0.99,0.21,"INV NO-1013274234, DT-30-06-25, AMT-10594.08, INV NO-1013274268, DT-30-06-25, AMT-11110.43",JUNE-25,76.0
2025-06-25,SERENDA OFFICE,SAGA SAHI,82562.0,82624.0,SAGA SAHI,DEEP INNOVATIVES PRIVATE LIMITED,SP21-85317,1901330,Warranty,MSI,0.03,1617991/26-06-25,1.07,0.5,"INV NO-1013274050, DT-25-06-25, AMT-50999.00",JUNE-25,62.0
2025-06-26,SERENDA OFFICE,BAGHMARA,82624.0,82698.0,BAGHMARA,M.G.M.MINERALS LTD. ,3036-2727,1832577,ASC,Monthly visit,0.03,1624126/01-07-25,0.7,0.86,"INV NO-1013273842, DT-20-06-25, AMT-86000.00",JUNE-25,74.0
2025-06-27,NO RUN,,,,,,,,,,0.0,,0.0,0.0,,JUNE-25,
2025-06-28,SERENDA OFFICE,KHANDADHAR MINES,82698.0,82781.0,KHANDADHAR MINES,DASHMESH MOTORS,THEDJLL0T00050420,1907269,Warranty,MSI,0.08,,0.0,0.0,NEW MACHINE COMMISSIONING,JUNE-25,83.0
2025-06-29,NO RUN,,,,,,,,,,0.0,,0.0,0.0,,JUNE-25,
2025-06-30,SERENDA OFFICE,KHANDADHAR MINES,82781.0,82862.0,KHANDADHAR MINES,DASHMESH MOTORS,THEDJLL0L00050413,1893152,Warranty,MSI,0.07,1622185/30-06-25,0.17,0.17,"INV NO-1013273754, DT-16-06-25, AMT-17777.00",JUNE-25,81.0
2025-07-02,SERENDA OFFICE,UNCHABALI,82862.0,82945.0,UNCHABALI,MADHABANANDA MOHANTY,1101-6763,1827409,ASC,Monthly visit,0.03,1630791/07-07-25,0.11,0.0,PROCESS FOR ORDER,JULY-25,83.0
2025-07-03,SERENDA OFFICE,ORAGHAT,82945.0,83012.0,ORAGHAT,CAINTH INFRA STRUCTURE,THEWBHK0CJ0000072,1879850,ASC,Monthly visit,0.03,1628090/04-07-25,0.27,0.21,"INV NO-1013274416, DT-03-07-25, AMT-7596, INV NO-1013274874, DT-16-07-25, AMT-13816.80",JULY-25,67.0
2025-07-04,SERENDA OFFICE,BAGEIBURU,83012.0,83098.0,BAGEIBURU,PH ENTERPRISES,THEWBMK0AS0000027,1921613,Warranty,MSI,0.07,1635604/11-07-25,0.36,0.0,New Machine Commissioning,JULY-25,86.0
2025-07-05,SERENDA OFFICE,BOLANI,83098.0,83178.0,BOLANI,STARTREE COMTRADE,THEWBJK0JP0000367,1918186,ASC,Monthly visit,0.03,1629869/05-07-25,0.28,0.0,PROCESS FOR ORDER,JULY-25,80.0
2025-07-06,NO RUN (SUNDAY),,,,,,,,,,0.0,,0.0,0.0,,JULY-25,
2025-07-07,SERENDA OFFICE,ORAGHAT,83178.0,83390.0,ORAGHAT,RAJIV KUMAR BISWAL,1101-6518,1839511,ASC,Monthly visit,0.03,1623182/07-07-25,0.18,0.15,"INV NO-1013274243, DT-30-06-25, AMT-15419.35",JULY-25,212.0
2025-07-08,NO RUN,,,,,,,,,,0.0,,0.0,0.0,,JULY-25,
2025-07-09,SERENDA OFFICE,KOMMANDO PLANT,83390.0,83448.0,KOMMANDO PLANT,DEB CONSTRUCTION,THEWACD0CR0003818,1859532,Warranty,MSI,0.04,1634075/10-07-25,0.25,0.16,"INV NO-1013275349, DT-28-07-25, AMT-16218.80",JULY-25,58.0
2025-07-10,SERENDA OFFICE,RIMULI,83448.0,83472.0,RIMULI,SANATAN MUNDA,THEWACD0HP0002669,1923413,ASC,Monthly visit,0.03,1573319/22-07-25,0.25,0.0,,JULY-25,24.0
2025-07-11,SERENDA OFFICE,KHANDBANDH,83472.0,83505.0,KHANDBANDH,MAHESH INFRASTRUCTURE,SP21-62188,1925965,ASC,Monthly visit,0.03,1636450/11-07-25,1.09,0.47,"INV NO-1013274746, DT-14-07-25, AMT-23664.5, , INV NO-1013274749, DT-14-07-25, AMT-23664.5",JULY-25,33.0
2025-07-12,NO RUN,,,,,,,,,,0.0,,0.0,0.0,,JULY-25,
2025-07-13,NO RUN (SUNDAY),,,,,,,,,,0.0,,0.0,0.0,,JULY-25,
2025-07-14,SERENDA OFFICE,PICHHUA,83505.0,83580.0,PICHHUA,JAGANNATH TRADING,P130-16189,1930842,ASC,Monthly visit,0.03,1640811/15-07-25,0.27,0.27,"INV NO-1013274237, DT-30-06-25, AMT-27297.15",JULY-25,75.0
2025-07-15,SERENDA OFFICE,KHANDBANDH,83580.0,83638.0,KHANDBANDH,MAHESH INFRASTRUCTURE,"
SP21-62188",1925965,ASC,Monthly visit,0.03,1646042/20-07-25,1.36,0.68,"INV NO-1013275105, DT-23-07-25, AMT-68002.59",JULY-25,58.0
2025-07-16,SERENDA OFFICE,ORAGHAT,83638.0,83749.0,ORAGHAT,KBS & SONS,THEWBJK0LN0000176,1943838,ASC,Monthly visit,0.03,1652203/24-07-25,0.66,1.23,"INV NO-1013275536, DT-31-07-25, AMT-123967.00",JULY-25,111.0
2025-07-17,NO RUN,,,,,,,,,,0.0,,0.0,0.0,,JULY-25,
2025-07-18,SERENDA OFFICE,GUALI,83749.0,83886.0,GUALI,THRIVENI EARTHMOVERS,THEDD1L0J00001816,1935548,Non_Warranty,Others,0.0,1645630/19-07-25,0.2,0.17,"INV NO-1013275183, DT-24-07-25, AMT-17796.00",JULY-25,137.0
2025-07-19,NO RUN,,,,,,,,,,0.0,,0.0,0.0,,JULY-25,
2025-07-20,NO RUN (SUNDAY),,,,,,,,,,0.0,,0.0,0.0,,JULY-25,
2025-07-21,NO RUN,,,,,,,,,,0.0,,0.0,0.0,,JULY-25,
2025-07-22,SERENDA OFFICE,DHANSINGH GATE,83886.0,83911.0,DHANSINGH GATE,SHREE SHYAM ENTERPRISER,THEWACD0AN0001130,1929709,ASC,Monthly visit,0.03,1650794/24-07-25,0.09,0.09,"INV NO-1013275219, DT-25-07-25,AMT-9118.10",JULY-25,25.0
2025-07-23,SERENDA OFFICE,KHANDBANDH,83911.0,84081.0,KHANDBANDH,MAHESH INFRASTRUCTURE,SP21-62553,1943993,ASC,Monthly visit,0.03,1652386/25-07-25,0.11,0.02,"INV NO-1013274747, DT-14-07-25, AMT-2601.50",JULY-25,170.0
2025-07-24,NO RUN,,,,,,,,,,0.0,,0.0,0.0,,JULY-25,
2025-07-25,SERENDA OFFICE,DHANSINGH GATE,84081.0,84106.0,DHANSINGH GATE,INTERSTATE SYNDICATE,THEDD1L0J00002044,1945761,Warranty,MSI,0.03,1653868/26-07-25,0.33,0.7,"INV NO-1013274663, DT-11-07-25, AMT-70394.70",JULY-25,25.0
2025-07-26,SERENDA OFFICE,ORAGHAT,84106.0,84152.0,ORAGHAT,CAINTH INFRA STRUCTURE,THEWBHK0CJ0000072,1918572,ASC,Monthly visit,0.03,1654952/28-07-25,0.13,0.13," INV NO-1013275057, DT-16-07-25, AMT-13747.45",JULY-25,46.0
2025-07-27,NO RUN (SUNDAY),,,,,,,,,,0.0,,0.0,0.0,,JULY-25,
2025-07-28,NO RUN,,,,,,,,,,0.0,,0.0,0.0,,JULY-25,
2025-07-29,NO RUN,,,,,,,,,,0.0,,0.0,0.0,,JULY-25,
2025-07-30,NO RUN,,,,,,,,,,0.0,,0.0,0.0,,JULY-25,
2025-08-01,SERENDA OFFICE,PATBEDA,84152.0,84269.0,PATBEDA,M.G.M.MINERALS LTD. ,3036-2725,1913830,ASC,Monthly visit,0.03,1663023/02-08-25,0.62,0.0,process for order,AUG-25,117.0
2025-08-02,SERENDA OFFICE,BAGEIBURU,84269.0,84324.0,BAGEIBURU,KAMALJIT SINGH AHLUWALIA,1101-6387,1954392,Non_Warranty,SPP/SPE,0.03,"1684335, 1684337, 1684339/15-08-25",1.81,1.09,"INV NO-1013276169, DT-19-08-25, AMT-109031.85",AUG-25,55.0
2025-08-03,NO RUN,,,,,,,,,,0.0,,0.0,0.0,,AUG-25,
2025-08-04,SERENDA OFFICE,JODA,84324.0,84369.0,JODA,EXECUTIVE OFFICER JODA MUNICIPALITY,THEWACD0JR0003834,1960551,Warranty,Warranty parts Replacement,0.02,1669863/09-08-25,0.1,0.0,process for order,AUG-25,45.0
2025-08-05,SERENDA OFFICE,GITARANI MINES,84369.0,84438.0,GITARANI MINES,MOHANTY S.N.,315V-5347,1885003,ASC,Monthly visit,0.03,1667124/06-08-25,0.37,0.37,"INV NO-1013276123, DT-18/08/25, Amt-28890.00, INV NO-1013276174, DT-20/08/25, Amt-9030.6",AUG-25,69.0
2025-08-06,SERENDA OFFICE,"OMC,GUALI",84438.0,84522.0,"OMC,GUALI",DEEP INNOVATIVES PVT LTD,SP21-85570,1961652,Warranty,MSI,0.08,1680340/20-08-25,0.15,0.14,"INV NO-1013275896, DT-09/08/25, Amt-14365.90",AUG-25,84.0
2025-08-07,SERENDA OFFICE,KOIRA,84522.0,84611.0,KOIRA,DEB CONSTRUCTION,SP20-50312,1945026,Warranty,MSI,0.08,1645787/19-08-25,0.19,0.19,"INV NO-1013275349, DT-28-08-25, AMT-19138.00",AUG-25,89.0
2025-08-08,SERENDA OFFICE,BILEIPADA,84611.0,84658.0,BILEIPADA,ARYAVARTA KHANIJA PVT.LTD,THEWBHK0VK0000230,1967135,ASC,Monthly visit,0.03,1693905/29-08-25,0.0,0.0,,AUG-25,47.0
2025-08-09,NO RUN,,,,,,,,,,0.0,,0.0,0.0,,AUG-25,
2025-08-10,NO RUN,,,,,,,,,,0.0,,0.0,0.0,,AUG-25,
2025-08-11,SERENDA OFFICE,KITABEDA,84658.0,84728.0,KITABEDA,NANDA KISHOR PATRA,TH86-10318,1957509,ASC,Monthly visit,0.03,1680263/20-08-25,0.11,0.02,"INV NO-1013276392,DT-14/08/25, Amt-1998.80",AUG-25,70.0
2025-08-12,SERENDA OFFICE,JURUDI,84728.0,84796.0,JURUDI,BANDITA MOHANTY,THEDD1L0P00000999,1898106,ASC,Monthly visit,0.04,1678805/19-08-25,0.63,0.49,"INV NO-1013275704,DT-04/08/25, Amt-25622.25, INV NO-1013275747, DT-06/08/25, Amt-12065.00, INV NO-1013275805, DT-08/08/25, Amt-12065.00",AUG-25,68.0
2025-08-13,SERENDA OFFICE,BADAMPAHAR,84796.0,85110.0,BADAMPAHAR,LAL TRADER & AGENCIES (P) LTD,THEDD1L0C00000370,1901745,ASC,Monthly visit,0.04,1680396/18-08-25,2.24,2.06,"INV NO-1013276113/ DT-18/08/25, Amt-206643.56",AUG-25,314.0
2025-08-14,SERENDA OFFICE,JAJANGA,85110.0,85213.0,JAJANGA,BABA DHABALESWAR MOVERS,THEWACD0CN0001540,1975785,Warranty,MSI,0.04,1670298/14-08-25,0.43,0.35,"INV NO-1013276022, DT-13/08/25, Amt-35803.00",AUG-25,103.0
2025-08-15,NO RUN,,,,,,,,,,0.0,,0.0,0.0,,AUG-25,
2025-08-16,SERENDA OFFICE,KHANDBANDH,85213.0,85303.0,KHANDBANDH,RM CONSTRUCTION,SP20-65286,1979300,Warranty,MSI,0.02,1692702/30-08-25,0.68,0.3,"INV NO-1013275980, DT-12/08/25, Amt-30445.65",AUG-25,90.0
2025-08-17,NO RUN,,,,,,,,,,0.0,,0.0,0.0,,AUG-25,
2025-08-18,SERENDA OFFICE,KOIRA,85293.0,85383.0,KOIRA,SUSHANTA KUMAR CHOUDHURY,315V-7379,1957644,ASC,Monthly visit,0.03,1678767/19-08-25,0.16,0.0,Process for order,AUG-25,90.0
2025-08-19,SERENDA OFFICE,ORAGHAT,85383.0,85471.0,ORAGHAT,CAINTH INFRASTRUCTURE,THEWBHK0VK0000227,1887907,ASC,Monthly visit,0.03,1678699/19-08-25,0.32,0.26,"INV NO-1013276382, DT-26-08-25, AMT-26350.20",AUG-25,88.0
2025-08-20,SERENDA OFFICE,BASANTPUR,85461.0,85548.0,BASANTPUR,ANU CONSTRUCTION,THEWABD0LL0001590,1917445,ASC,Monthly visit,0.03,1690690/26-08-25,0.15,0.15,"INV NO-1013276414, DT-26/08/25, AMT-15773.00",AUG-25,87.0
2025-08-21,SERENDA OFFICE,KAYPEE MINES,85548.0,85622.0,KAYPEE MINES,SHRI JAGANNATH STEELS ,THEDD1L0C00001882,1984876,Warranty,MSI,0.02,1692821/30-08-25,0.27,0.51,"INV NO-1013276097, DT-16/08/25, AMT-51001.60",AUG-25,74.0
2025-08-22,SERENDA OFFICE,JAJANGA,85622.0,85687.0,JAJANGA,ELLAGARI SHANKARAIAH,THEWACD0HP0001926,1985401,Warranty,MSI,0.04,1668535/07-08-25,0.09,0.08,"INV NO-1013275773, DT-06/08/25, AMT-8370.00",AUG-25,65.0
2025-08-23,SERENDA OFFICE,NARAYANPOSI,85687.0,85747.0,NARAYANPOSI,SAPL INFRASTRUCRUE PVT.LTD,0ACE-001002,1921764,ASC,Monthly visit,0.03,1690727/28-08-25,0.33,0.28,"INV NO-1013276417, DT-26/08/25, AMT-28350.00",AUG-25,60.0
2025-08-24,NO RUN,,,,,,,,,,0.0,,0.0,0.0,,AUG-25,
2025-08-25,SERENDA OFFICE,BAGEIBURU,85747.0,85771.0,BAGEIBURU,PH ENTERPRISE,THEWBMK0AS0000027,1979889,Warranty,MSI,0.06,1692989/30-08-25,0.19,0.26,"INV NO-1013276246, DT-21/08/25, AMT-26070.35",AUG-25,24.0
2025-08-26,SERENDA OFFICE,BAGEIBURU,85771.0,85815.0,BAGEIBURU,M M ENTERPRISES,THEWBMK0ES0000033,1979888,Warranty,MSI,0.06,1694337/29-08-25,0.54,0.42,"INV NO-1013276266, DT-22/08/25, AMT-42215.10",AUG-25,44.0
2025-08-27,SERENDA OFFICE,KEONJHAR,85815.0,85955.0,KEONJHAR,S.B.GRANITES,"
350V-2160",1991650,Non_Warranty,Part Campaign,0.0,,0.0,0.0,,AUG-25,140.0
2025-08-28,SERENDA OFFICE,JHARAN MINES,85955.0,86025.0,JHARAN MINES,DASHMESH MOTORS,THEDJLL0T00050420,1991940,Warranty,MSI,0.07,1692654/30-08-25,0.37,0.17,"INV NO-1013276258, DT-22/08/25, AMT-17651.20",AUG-25,70.0
2025-08-29,SERENDA OFFICE,DHANSINGH GATE,86025.0,86120.0,DHANSINGH GATE,SHREE SHYAM ENTR.,THEWBJK0VN0000126,1949876,ASC,Monthly visit,0.03,1694355/29-08-25,0.73,0.0,Order Received,AUG-25,95.0
2025-09-01,OFFICE,BAGEIBURU,86120.0,86292.0,BAGEIBURU,PH ENTERPRISE,SP21-85226,2000323,Non_Warranty,Others,0.0,1696682/02-09-25,0.56,1.12,"INV NO-1013277719, DT-29/09/25, AMT-66416.40, INV NO-1013277721, DT-29/09/25, AMR-24461.40, INV NO-1013277728, DT-29/09/25, AMT-21405.60",SEPT-25,172.0
2025-09-02,OFFICE,BAGHMARA PLANT,86292.0,86364.0,BAGHMARA PLANT,M.G.M.MINERALS LTD. ,3036-2725,1995309,ASC,Monthly visit,0.03,1697179/03-09-25,1.92,0.0,PROCESS FOR ORDER,SEPT-25,72.0
2025-09-03,OFFICE,BOLANI SIDING,86364.0,86412.0,BOLANI SIDING,STARTREE COMTRADE PVT LTD,THEWBJK0CP0000371,2003348,Non_Warranty,Others,0.0,1717463/20-09-25,0.2,0.55,"INV NO-1013277596, DT-26-09-25, AMT-55379.30",SEPT-25,48.0
2025-09-04,OFFICE,NUAMUNDI,86412.0,86524.0,NUAMUNDI,MAA SHERAWALI TRANSPORT,THEDDKL0A00000059,2006133,Warranty,MSI,0.09,1706908/12-09-25,0.05,0.0,NEW MACHINE COMMISSIONING,SEPT-25,112.0
2025-09-05,OFFICE,GUALI,86521.0,86608.0,GUALI,BANDITA MOHANTY,THEDD1L0P00000999,1987288,ASC,Monthly visit,0.04,1707552/12-09-25,0.48,0.82,"INV NO-1013276813, DT-05/09/25, AMT-74815.15, INV NO-1013277052, DT-11/09/25, AMT-7471.80",SEPT-25,87.0
2025-09-06,OFFICE,KARAKOLA,86608.0,86840.0,KARAKOLA,ARYAVARTA KHANIJA PVT LTD.,THEWBHK0VJ0000114,1955586,ASC,Monthly visit,0.03,1707557/12-09-25,0.39,0.0,PROCESS FOR ORDER,SEPT-25,232.0
2025-09-07,NO RUN,,,,,,,,,,0.0,,0.0,0.0,,SEPT-25,
2025-09-08,OFFICE,THAKURANI,86840.0,86947.0,THAKURANI,KAYPEE ENTERPRISES,S110-11683,1968632,ASC,Monthly visit,0.03,1726946/29-09-25,0.77,1.05,"INV NO-1013276130, DT-18/08/25, AMT-34094.55, INV NO-1013276147, DT-19/08/25, AMT-6062.40, INV NO-1013276148, DT-19/08/25, A,T-3057.10, INV NO-1013276196, DT-20/08/25, AMT-61890.45",SEPT-25,107.0
2025-09-09,OFFICE,DHANSINGH GATE,86947.0,87028.0,DHANSINGH GATE,"GURU NANAK ROADLINES,",THEDD1L0H00002293,2011886,Warranty,MSI,0.09,1707301/12-09-25,1.57,1.52,"INV NO-1013277393, DT-22/09/25, AMT-43211.30, INV NO-1013277394, DT-22/09/25, AMT-109515.26",SEPT-25,81.0
2025-09-10,NO RUN,,,,,,,,,,0.0,,0.0,0.0,,SEPT-25,
2025-09-11,NO RUN,,,,,,,,,,0.0,,0.0,0.0,,SEPT-25,
2025-09-12,OFFICE,PATBEDA,87028.0,87089.0,PATBEDA,MURUGAN EAARTHMOVERS,THEDD1L0A00002324,2016442,Warranty,MSI,0.09,1711071/16-09-25,0.39,0.0,BILLING WITH BULK ORDER,SEPT-25,61.0
2025-09-13,OFFICE,JAJANGA,87089.0,87152.0,JAJANGA,RAM KUMAR YADAV,SP21-62554,2017027,Warranty,MSI,0.02,1717413/20-09-25,0.1,0.0,,SEPT-25,63.0
2025-09-14,OFFICE,CHAIBASA,87152.0,87367.0,CHAIBASA,SUPER DIESEL,SP20-58821,2020531,Warranty,MSI,0.02,1720980/24-09-25,0.22,0.22,"INV NO-1013277538, DT-25/09/25, AMT-22073.00",SEPT-25,215.0
2025-09-15,OFFICE,SAGASAHI,87367.0,87442.0,SAGASAHI,JAY KAY MINING,THEDDKL0E00000020,2020684,Warranty,MSI,0.09,1717412/20-09-25,0.34,0.52,"INV NO-1013277681, DT-29/09/25, AMT-52653.80",SEPT-25,75.0
2025-09-16,NO RUN,,,,,,,,,,0.0,,0.0,0.0,,SEPT-25,
2025-09-17,NO RUN,,,,,,,,,,0.0,,0.0,0.0,,SEPT-25,
2025-09-18,OFFICE,TENSA,87442.0,87609.0,TENSA,SJM RETAIL,THEDD1L0T00001388,2025193,Non_Warranty,Others,0.0,,0.0,0.0,,SEPT-25,167.0
2025-09-19,OFFICE,JHARAN,87609.0,87651.0,JHARAN,DASHMESH MOTORS,THEDJLL0L00050413,2026547,Non_Warranty,Others,0.0,1720674/23-09-25,1.81,0.17,"INV NO-1013277557, DT-25/09/25, AMT-17888.00",SEPT-25,42.0
2025-09-20,NO RUN,,,,,,,,,,0.0,,0.0,0.0,,SEPT-25,
2025-09-21,NO RUN,,,,,,,,,,0.0,,0.0,0.0,,SEPT-25,
2025-09-22,OFFICE,DHANSINGH GATE,87651.0,87742.0,DHANSINGH GATE,"GURU NANAK ROADLINES,",THEDD1L0A00001917,2030226,Warranty,MSI,0.02,1723296/25-09-25,0.41,0.56,"INV NO-1013277395, DT-22/09/25, AMT-56276.52",SEPT-25,91.0
2025-09-23,OFFICE,SAGASAHI,87742.0,87798.0,SAGASAHI,THRIVENI EARTHMOVERS PVT LTD,THEDD1L0K00002060,2031375,Non_Warranty,Others,0.0,1719962/23-09-25,0.36,0.0,BILLING WITH BULK ORDER,SEPT-25,56.0
2025-09-24,OFFICE,JHARAN,87798.0,87904.0,JHARAN,DEEP INNOVATIVES PRIVATE LIMITED,THEDD1L0T00001052,2017672,ASC,Monthly visit,0.04,1722732/25-09-25,0.48,0.0,PROCESS FOR ORDER,SEPT-25,106.0
2025-09-25,NO RUN,,,,,,,,,,0.0,,0.0,0.0,,SEPT-25,
2025-09-26,OFFICE,TENSA,87904.0,88045.0,TENSA,KANHA ENTERPRISES,THEDE0L0L00000064,2015774,Warranty,MSI,0.03,,0.0,0.0,,SEPT-25,141.0
2025-09-29,OFFICE,KALAMANG,88045.0,88085.0,KALAMANG,MOHAPATRA TRADERS,THEDD1L0K00001748,2041946,Non_Warranty,Others,0.0,,0.0,0.0,,SEPT-25,40.0
2025-09-30,OFFICE,KALAMANG,88085.0,88128.0,KALAMANG,MOHAPATRA TRADERS,THEDD1L0K00001748,2042372,Non_Warranty,Others,0.0,,0.0,0.0,,SEPT-25,43.0
2025-10-01,NO RUN,,,,,,,,,,0.0,,0.0,0.0,,OCT-25,
2025-10-02,NO RUN,,,,,,,,,,0.0,,0.0,0.0,,OCT-25,
2025-10-03,NO RUN,,,,,,,,,,0.0,,0.0,0.0,,OCT-25,
2025-10-04,OFFICE,ULIBURU,88128.0,88175.0,ULIBURU,BRAND STEEL,SP20-50309,2046978,Warranty,MSI,0.08,1733989/06-10-25,0.25,0.23,"INV NO-1013278331, DT-18/10/25, AMT-23698.98",OCT-25,47.0
2025-10-05,NO RUN,,,,,,,,,,0.0,,0.0,0.0,,OCT-25,
2025-10-06,NO RUN,,,,,,,,,,0.0,,0.0,0.0,,OCT-25,
2025-10-07,OFFICE,KALMANG,88175.0,88264.0,KALMANG,DILIP KUMAR NAYAK,S210-56154,1981991,ASC,Monthly visit,0.03,1742286/13-10-25,0.15,0.13,"INV NO-1013278254, DT-17/10/25, AMT-13321.85",OCT-25,89.0
2025-10-08,OFFICE,JURUDI,88264.0,88348.0,JURUDI,NANDA KISHORE PATRA,TH86-10318,2049571,ASC,Monthly visit,0.02,1742779/14-10-25,0.02,0.02,"INV NO-1013278127, DT-14/10/25, AMT-2397.00",OCT-25,84.0
2025-10-09,NO RUN,,,,,,,,,,0.0,,0.0,0.0,,OCT-25,
2025-10-10,OFFICE,ULIBURU,88348.0,88426.0,ULIBURU,M.M. ENTERPRISE,THEWBMK0CS0000020,2047265,Warranty,MSI,0.07,1747984/17-10-25,0.15,0.51,"INV NO-1013277914, DT-07/10-25, AMT-51493.95",OCT-25,78.0
2025-10-11,OFFICE,KHANDBANDH,88426.0,88510.0,KHANDBANDH,MAA SHERAWALI TRANSPORT,THEDDKL0A00000059,2038510,Non_Warranty,Others,0.0,1755126/11-10-25,0.19,0.23,"INV NO-1013278418, DT-22/10/25, AMT-23024.00",OCT-25,84.0
2025-10-12,NO RUN,,,,,,,,,,0.0,,0.0,0.0,,OCT-25,
2025-10-13,OFFICE,BARSUAN,88510.0,88592.0,BARSUAN,VSR CAPITAL,SP22-80552,1951549,Non_Warranty,Others,0.0,1748032/17-10-25,0.16,0.26,"INV NO-1013278075, DT-13/10/25, AMT-26902.50",OCT-25,82.0
2025-10-14,OFFICE,ORAGHAT,88592.0,88813.0,ORAGHAT,KBS & SONS,350V-2331,2028810,ASC,Monthly visit,0.02,,0.0,0.0,,OCT-25,221.0
2025-10-15,OFFICE,PATBEDA,88813.0,88970.0,PATBEDA,THRIVENI EARTHMOVERS PVT LTD,THEDD1L0K00002060,2061476,ASC,Monthly visit,0.04,1745611/16-10-25,0.45,0.47,"INV NO-1013278646, DT-27/10/25, AMT-47374.40",OCT-25,157.0
2025-10-16,OFFICE,KHANDBANDH,88970.0,89034.0,KHANDBANDH,ORISSA BENGAL TRANSPORT,THEWBJK0AR0000392,2063254,,,0.0,1751897/23-10-25,0.36,0.26,"INV NO-1013277097, DT-12/09/25, AMT-26482.40",OCT-25,64.0
2025-10-17,OFFICE,SILJODA,89034.0,89114.0,SILJODA,DABANG EARTH MOVERS PVT LTD,SP20-58697,1957194,Warranty,MSI,0.03,1751544/23-10-25,0.13,0.11,"INV NO-1013278539, DT-24/10/25, AMT-11229.95",OCT-25,80.0
2025-10-18,OFFICE,KARAKOLA,89114.0,89139.0,KARAKOLA,NILAMANI MAHANTA,THEWBMK0CS0000011,2038640,Warranty,MSI,0.07,1676915/17-10-25,0.62,0.6,"NV NO-1013278237, DT-16/10/25, AMT-30999.00, INV NO-1013278245, DT-16/10/25, AMT-29039.00",OCT-25,25.0
2025-10-19,NO RUN,,,,,,,,,,0.0,,0.0,0.0,,OCT-25,
2025-10-20,NO RUN,,,,,,,,,,0.0,,0.0,0.0,,OCT-25,
2025-10-21,NO RUN,,,,,,,,,,0.0,,0.0,0.0,,OCT-25,
2025-10-22,NO RUN,,,,,,,,,,0.0,,0.0,0.0,,OCT-25,
2025-10-23,OFFICE,BAGHMARA,89139.0,89166.0,BAGHMARA,KC PRADHAN,3036-2376,2011076,ASC,Monthly visit,0.03,1737925/25-10-25,1.07,1.07,"INV NO-1013278399, DT-21/10/25, AMT-107797.10",OCT-25,27.0
2025-10-24,OFFICE,BAGEIBURU,89166.0,89236.0,BAGEIBURU,KAYPEE ENTERPRISE,SP21-6360,2071654,Warranty,MSI,0.03,1751935/23-10-25,2.3,1.95,"INV NO-1013278902, DT-31/10/25, AMT-195315.87",OCT-25,70.0
2025-10-25,OFFICE,BAGHMARA,89236.0,89264.0,BAGHMARA,M.G.M. MINERAL,3036-2718,2043142,ASC,Monthly visit,0.03,1765437/26-10-25,0.2,0.14,"INV NO-1013278183, DT-15/10/25, AMT-12216.96, INV NO-1013278199, DT-15/10/25, AMT-2738.61",OCT-25,28.0
2025-10-26,NO RUN,,,,,,,,,,0.0,,0.0,0.0,,OCT-25,
2025-10-27,OFFICE,KHANDADHAR,89264.0,89404.0,KHANDADHAR,SUMOHAN PROJECTS,THEWACD0HP0001926,2019710,ASC,Monthly visit,0.03,1758566/29-10-25,0.33,0.0,PROCESS FOR ORDER,OCT-25,140.0
2025-10-28,OFFICE,DHANSINGH GATE,89404.0,89474.0,DHANSINGH GATE,GURU NANAK ROADLINES,THEDD1L0H00002293,2077273,Warranty,MSI,0.09,1759554/29-10-25,0.1,0.14,"INV NO-1013278329, DT-18/10/25, AMT-14137.20",OCT-25,70.0
2025-10-29,OFFICE,THAKURANI,89474.0,89504.0,THAKURANI,ANU CONSTRUCTION,TH76-10748,2069696,ASC,Monthly visit,0.03,1765435/29-10-25,0.16,0.0,PROCESS FOR ORDER,OCT-25,30.0
2025-10-31,OFFICE,SANINDPUR,89504.0,89581.0,SANINDPUR,KBS & SON'S,THEWBJK0LN0000176,1987180,ASC,Monthly visit,0.03,1764853/03-11-25,0.31,0.0,PROCESS FOR ORDER,OCT-25,77.0
2025-11-01,NO RUN,,,,,,,,,,0.0,,0.0,0.0,,NOV-25,
2025-11-02,NO RUN,,,,,,,,,,0.0,,0.0,0.0,,NOV-25,
2025-11-03,OFFICE,KHANDBANDH,89581.0,89750.0,KHANDBANDH,MAA SHERAWALI TRANSPORT,THEDDKL0A00000059,2087158,Warranty,MSI,0.09,1774867/04-11-25,0.21,0.71,"INV NO-1013279106, DT-07/11/25, AMT-71060.40",NOV-25,169.0
2025-11-04,NO RUN,,,,,,,,,,0.0,,0.0,0.0,,NOV-25,
2025-11-05,NO RUN,,,,,,,,,,0.0,,0.0,0.0,,NOV-25,
2025-11-06,OFFICE,BILEIPADA,89750.0,89840.0,BILEIPADA,SHREE KRISHNA ENTERPRISES,THEDJLL0E00068543,2092646,Warranty,MSI,0.08,1774891/07-11-25,0.05,0.0,New Machine commissioning,NOV-25,90.0
2025-11-07,OFFICE,THAKURANI,89840.0,89880.0,THAKURANI,SHIVAM ENTERPRISES,THEDD1L0V00001656,2091316,Warranty,MSI,0.02,1774869/08-11-25,0.41,0.49,"INV NO-1013279032, DT-06/11/25, AMT-49959.20",NOV-25,40.0
2025-11-08,OFFICE,BAGHMARA PLANT,89880.0,89941.0,BAGHMARA PLANT,"M.G.M.MINERALS LTD. 5A,FOREST PARK",0ACH-000312,2049500,ASC,Monthly visit,0.04,1782161/18-11-25,0.45,0.0,PROCESS FOR ORDER,NOV-25,61.0
2025-11-09,NO RUN,,,,,,,,,,0.0,,0.0,0.0,,NOV-25,
2025-11-10,OFFICE,GUALI,89941.0,89998.0,,DILLIP KUMAR NAYAK,S210-56154,2052724,ASC,Monthly visit,0.03,1787795/12-11-25,0.01,0.0,,NOV-25,57.0
2025-11-11,OFFICE,BAGEIBURU,89998.0,90059.0,BAGEIBURU,KAYPEE ENTERPRISES,S110-12210,2093937,Non_Warranty,SPP/SPE,0.0,,0.0,0.0,,NOV-25,61.0
2025-11-12,OFFICE,ORAGHAT,90059.0,90102.0,ORAGHAT,KBS & SON'S,THEWBMK0PS0000070,2099795,Warranty,MSI,0.07,1788292/22-11-25,0.16,0.0,New Machine commissioning,NOV-25,43.0
2025-11-13,OFFICE,SANINDPUR,90102.0,90178.0,SANINDPUR,BHABANI ASSOCIATES PVT.LTD,0ACE-002878,2055834,ASC,Monthly visit,0.03,1781316/17-11-25,0.18,0.16,"INV NO-1013279589, DT-18/11/25, AMT-16003.45",NOV-25,76.0
2025-11-14,OFFICE,PALASPANGA,90178.0,90294.0,PALASPANGA,JB COMMERCIAL,THEWBMK0PS0000067,2104106,Warranty,MSI,0.05,1788475/22-11-25,1.2,1.15,"INV NO-1013280204, DT-28/11/25, AMT-115219.15",NOV-25,116.0
2025-11-15,OFFICE,TISCO KHANDBANDH,90294.0,90321.0,TISCO KHANDBANDH,SJM RETAIL,THEDD1L0T00001388,2105039,Warranty,MSI,0.02,1796248/28-11-25,0.35,0.08,"INV NO-1013280053, DT-26/11/25, AMT-8817.00",NOV-25,27.0
2025-11-16,NO RUN,,,,,,,,,,0.0,,0.0,0.0,,NOV-25,
2025-11-17,OFFICE,ULIBURU,90321.0,90350.0,ULIBURU,BEARDSELL EASTERN PVT LTD,SP20-50309,2106862,,,0.0,1787809/18-11-25,0.2,0.2,"INV NO-1013279694, DT-19/11/25, AMT-20850.60",NOV-25,29.0
2025-11-18,OFFICE,DHANSINGH GATE,90350.0,90363.0,DHANSINGH GATE,PUSPANJALI TRIPATHY,THEDD1L0L00002132,2108084,Warranty,MSI,0.02,1799340/08-11-25,0.81,0.0,PROCESS FOR ORDER.,NOV-25,13.0
2025-11-19,OFFICE,DHANSINGH GATE,90363.0,90390.0,DHANSINGH GATE,SHREE SHYAM ENTERPRISERS,THEWACD0AN0001130,2101666,ASC,Monthly visit,0.02,1802774/21-11-25,0.06,0.17,"INV NO-1013279509, DT-15/11/25, AMT-17706.10",NOV-25,27.0
2025-11-20,OFFICE,PATBEDA,90390.0,90409.0,PATBEDA,MURUGAN EAARTHMOVERS,THEDD1L0A00002324,2111770,Warranty,MSI,0.02,1786553/21-11-25,0.31,0.76,"INV NO-1013279445, DT-14/11/25, AMT-76002.25",NOV-25,19.0
2025-11-21,OFFICE,JODA TISCO,90409.0,90430.0,JODA TISCO,SINGH & CO.,SP21-61523,2052738,ASC,Monthly visit,0.03,1802568/02-12-25,0.73,0.0,PROCESS FOR ORDER.,NOV-25,21.0
2025-11-22,OFFICE,BAGEIBURU,90430.0,90483.0,BAGEIBURU,PH ENTERPRISE,THEWBMK0TS0000021,2089962,Warranty,MSI,0.07,1797659/28-11-25,0.55,0.37,"INV NO-1013279831, DT-21/11/25, AMT-37003.40",NOV-25,53.0
2025-11-23,NO RUN,,,,,,,,,,0.0,,0.0,0.0,,NOV-25,
2025-11-24,OFFICE,BASANTPUR,90483.0,90536.0,BASANTPUR,NILAMANI MOHANT,TH76-10748,2105607,ASC,Monthly visit,0.02,1798626/29-11-25,0.05,0.04,"INV NO-1013280134, DT-27/11/25, AMT-4826.00",NOV-25,53.0
2025-11-25,OFFICE,KOIRA,90536.0,90609.0,KOIRA,DEB CONSTRUCTION,THEWACD0CR0003818,1989232,Warranty,MSI,0.04,1799333/29-11-25,0.1,0.21,"INV NO-1013280144, DT-28/11/25, AMT-21163.20",NOV-25,73.0
2025-11-26,OFFICE,JASIPUR,90609.0,90749.0,JASIPUR,SANATAN MUNDA,THEWACD0HP0002669,2121915,Warranty,MSI,0.04,1802579/02-12-25,0.01,0.25,"INV NO-1013279955, DT-24/11/25, AMT-25834.30",NOV-25,140.0
2025-11-27,OFFICE,ORAGHAT,90749.0,90827.0,ORAGHAT,KBS & SON'S,THEDDKL0T00000117,2120717,Warranty,MSI,0.09,,0.0,0.0,New Machine commissioning,NOV-25,78.0
2025-11-28,NO RUN,,,,,,,,,,0.0,,0.0,0.0,,NOV-25,
2025-11-29,NO RUN,,,,,,,,,,0.0,,0.0,0.0,,NOV-25,
2025-11-30,NO RUN,,,,,,,,,,0.0,,0.0,0.0,,NOV-25,
2025-12-01,OFFICE,RAIKELA,90962.0,90998.0,RAIKELA,MAA ANNAPURNA EARTHMOVERS,THEDJLL0H00068556,2140113,,,0.0,1828215/22-12-25,0.19,0.0,NEW MACHINE COMMISSIONING,DEC-25,36.0
2025-12-02,OFFICE,SANINDPUR,90998.0,91093.0,SANINDPUR,JAY KAY MINING,THEDDKL0E00000020,2122590,,,0.0,1818546/04-12-25,0.36,0.33,"INV NO-1013280325, DT-30-11-25, AMT-26009.65, INV NO-1013281948, DT-31-12-25, AMT-7306.45",DEC-25,95.0
2025-12-03,NO RUN,,,,,,,,,,0.0,,0.0,0.0,,DEC-25,
2025-12-04,OFFICE,KOMONDA/KOIRA,91093.0,91157.0,KOMONDA/KOIRA,MAA ANNAPURNA EARTHMOVERS,THEDJLL0H00068556,2140113,,,0.0,1828215/22-12-25,0.19,0.0,NEW MACHINE COMMISSIONING,DEC-25,64.0
2025-12-05,OFFICE,KHANDADHAR,91157.0,91231.0,KHANDADHAR,DASHMESH MOTORS,THEDJLL0T00050420,2014192,,,0.0,1819598/08-12-25,0.26,0.24,"INV NO-1013282014, DT-31-12-25, AMT-24899.00",DEC-25,74.0
2025-12-06,OFFICE,GUALI,91231.0,91275.0,GUALI,JAY KAY MINING,THEDDKL0E00000020,2139501,,,0.0,1811461/10-12-25,0.56,0.0,,DEC-25,44.0
2025-12-07,NO RUN,,,,,,,,,,0.0,,0.0,0.0,,DEC-25,
2025-12-08,OFFICE,BAGEIBURU,91275.0,91292.0,BAGEIBURU,SHREE KRISHNA ENTERPRISES,THEDJLL0E00068543,2110854,,,0.0,1814149/10-12-25,0.56,0.23,"INV NO-1013280262, DT-29-11-25, AMT-6063.85, INV NO-1013280667, DT-06-12-25, AMT-17367.90",DEC-25,17.0
2025-12-09,OFFICE,BAGEIBURU,91292.0,91315.0,BAGEIBURU,KAYPEE ENTERPRISES,THEDD1L0E00000657,2135424,,,0.0,1815973/12-12-25,0.14,0.57,"INV NO-1013280905, DT-11-12-25, AMT-57579.50",DEC-25,23.0
2025-12-10,OFFICE,KOIRA ESSEL MINING,91315.0,91421.0,KOIRA ESSEL MINING,KANHA ENTERPRISES,THEDE0L0L00000064,2124830,,,0.0,1827410/22-12-25,0.13,0.09,"INV NO-1013279338, DT-12-11-25, AMT-5339.95, INV NO-1013280922, DT-11-12-25, AMT-3940.00",DEC-25,106.0
2025-12-11,OFFICE,SAGASAHI,91421.0,91507.0,SAGASAHI,DEEP INNOVATIVES PRIVATE LIMITED,SP21-60627,2139086,,,0.0,1833147/25-12-25,0.26,0.46,"INV NO-1013280609, DT-05-12-25, AMT-22121.70, INV NO-1013280610, DT-05-12-25, AMT-24762.70",DEC-25,86.0
2025-12-12,NO RUN,,,,,,,,,,0.0,,0.0,0.0,,DEC-25,
2025-12-13,OFFICE,SILJODA,91507.0,91611.0,SILJODA,PH ENTERPRISE,SP21-85226,2150484,,,0.0,1832668/28-12-25,0.17,0.17,"INV NO-1013281490, DT-23-12-25, AMT-17219.20",DEC-25,104.0
2025-12-14,NO RUN,,,,,,,,,,0.0,,0.0,0.0,,DEC-25,
2025-12-15,OFFICE,SANINDPUR,91611.0,91724.0,SANINDPUR,KBS & SON'S,THEDDKL0T00000117,2140460,,,0.0,1820780/17-12-25,0.18,0.22,"INV NO-1013281362, DT-20-12-25, AMT-12208.45, INV NO-1013281365, DT-20-12-25, AMT-10117.80",DEC-25,113.0
2025-12-16,OFFICE,SILJODA,91724.0,91832.0,SILJODA,INTERSTATE SYNDICATE,THEDD1L0J00002044,2122579,,,0.0,1845828/16-12-25,0.49,0.16,"INV NO-1013281152, DT-17-12-25, AMT-16782.00",DEC-25,108.0
2025-12-17,OFFICE,PICHUA,91832.0,91931.0,PICHUA,JAGADAMBA SINGH,THEDD1L0H00001290,2098171,,,0.0,1845830/17-12-25,1.37,0.65,"INV NO-1013280940, DT-12-12-25, AMT-65103.30",DEC-25,99.0
2025-12-18,OFFICE,SILJODA,91931.0,92024.0,SILJODA,DABANG EARTH MOVERS PRIVATE LIMITED,SP20-58697,2157196,,,0.0,1832670/25-12-25,0.28,0.11,"INV NO-1013281165, DT-17-12-25, AMT-11447.66",DEC-25,93.0
2025-12-19,NO RUN,,,,,,,,,,0.0,,0.0,0.0,,DEC-25,
2025-12-20,OFFICE,JALDHI,92024.0,92097.0,JALDHI,SHREE KRISHNA ENTERPRISES PROP:- JUDHISTHIR PALEI,THEDJLL0E00068543,2140501,,,0.0,1832508/25-12-25,0.26,0.17,"INV NO-1013280667, DT-06-12-25, AMT-17367.90",DEC-25,73.0
2025-12-21,NO RUN,,,,,,,,,,0.0,,0.0,0.0,,DEC-25,
2025-12-22,OFFICE,PALASPONGA,92097.0,92284.0,PALASPONGA,KAYPEE ENTERPRISES,SP21-63600,2111073,,,0.0,1842002/31-12-25,0.23,1.09,"INV NO-1013281980, DT-31-12-25, AMT-109442.35",DEC-25,187.0
2025-12-23,OFFICE,ORAGHAT,92284.0,92348.0,ORAGHAT,RM INFRALOGISTICS PRIVATE LIMITED,SP20-68276,2164807,,,0.0,1830962/24-12-25,0.27,0.24,"INV NO-1013281227, DT-18-12-25, AMT-24996.90",DEC-25,64.0
2025-12-24,OFFICE,PALASPONGA,92348.0,92498.0,PALASPONGA,"M.G.M.MINERALS LTD. 5A,FOREST PARK",3036-2718,2128553,,,0.0,1814217/30-12-25,0.56,0.0,PRECESSING FOR ORDER,DEC-25,150.0
2025-12-25,OFFICE,KARAKOLA,92498.0,92537.0,KARAKOLA,M M ENTERPRISE,THEWBMK0ES0000033,2147515,,,0.0,1801518/31-12-25,0.75,1.15,"INV NO-1013281515, DT-23-12-25, AMT-115578.24",DEC-25,39.0
2025-12-26,OFFICE,BHAGMARA,92537.0,92591.0,BHAGMARA,M M ENTERPRISE,THEWBMK0CS0000020,2159839,,,0.0,1818346/30-12-25,0.68,0.0,,DEC-25,54.0
2025-12-30,NO RUN,,,,,,,,,,0.0,,0.0,0.0,,DEC-25,
2026-01-01,NO RUN,,,,,,,,,,0.0,,0.0,0.0,,JAN-26,
2026-01-02,OFFICE,Baghmara,92591.0,92627.0,Baghamara,K C PRADHAN,3036-2376,1003189,ASC,Monthly visit,0.03,1855760/10-01-26,0.99,1.5,"INV NO-1013281767, DT-27-12-25, AMT-150156.00",JAN-26,36.0
2026-01-03,NO RUN,,,,,,,,,,0.0,,0.0,0.0,,JAN-26,
2026-01-04,NO RUN,,,,,,,,,,0.0,,0.0,0.0,,JAN-26,
2026-01-05,OFFICE,Bamebari,92627.0,92697.0,Bamebari,MAHESH INFRASTRUCTURE PVT LTD,SP21-62553,2129145,ASC,Monthly visit,0.03,1882085/07-01-26,0.26,0.04,"INV NO-1013282313, DT-08-01-26, AMT-2513.70, INV NO-1013282316, DT-08-01-26, AMT-1969.35",JAN-26,70.0
2026-01-06,OFFICE,Tensa,92697.0,92797.0,Gitarani Mines,RANA ENGINEERING,THEDD1L0L00000560,2186751,ASC,Monthly visit,0.03,1850506/06-01-26,0.35,0.1,"INV NO-1013282032, DT-31-12-25, AMT-10227.70",JAN-26,100.0
2026-01-07,OFFICE,Bamebari,92797.0,92829.0,MGM mines,DEEP INNOVATIVE PVT LTD,THEDD1L0T00001052,2186683,ASC,Monthly visit,0.03,1878087/29-01-26,5.88,6.32,"INV NO-1013283610, DT-31-01-26, AMT-632831.05",JAN-26,32.0
2026-01-08,OFFICE,keonjhar,92829.0,92999.0,keonjhar,NIRANJAN PRADHAN,SP21-47206,2166146,ASC,Monthly visit,0.03,1854024/09-01-26,0.19,0.16,"INV NO-1013282374, DT-20-01-26, AMT-16172.70",JAN-26,170.0
2026-01-09,OFFICE,Meghatupuru,92999.0,93066.0,Meghatupuru,K C PRADHAN,3036-2376,2174847,ASC,Monthly visit,0.03,1855760/10-01-26,0.0,0.0,,JAN-26,67.0
2026-01-10,OFFICE,Bamebari,93066.0,93118.0,Mahaparvat,ORISSA MOTORS PVT LTD,THEDJLL0J00068629,2195492,Warranty,MSI,0.07,1870501/22-01-26,0.07,0.0,New Machine Commissioning,JAN-26,52.0
2026-01-11,NO RUN,,,,,,,,,,0.0,,0.0,0.0,,JAN-26,
2026-01-12,NO RUN,,,,,,,,,,0.0,,0.0,0.0,,JAN-26,
2026-01-13,OFFICE,Baghamara,93118.0,93199.0,Baghamara,MADHABANANDA MOHANTY,1101-6763,2146036,ASC,Monthly visit,0.03,1869653/22-01-26,0.06,0.06,"INV NO-1013283000, DT-21-01-26, AMT-6748.80",JAN-26,81.0
2026-01-14,NO RUN,,,,,,,,,,0.0,,0.0,0.0,,JAN-26,
2026-01-15,OFFICE,Uliburu,93199.0,93225.0,Uliburu,PH ENTERPRISE,THEWBMK0AS0000027,2178466,Warranty,MSI,0.025,1862113/16-01-26,0.46,0.0,PROCESS FOR ORDER,JAN-26,26.0
2026-01-16,NO RUN,,,,,,,,,,0.0,,0.0,0.0,,JAN-26,
2026-01-17,OFFICE,Nadidih,93225.0,93303.0,Nadidih,ABDUL RAHIM ANSARI,210V-3144,2161738,ASC,Monthly visit,0.03,1872518/24-01-26,0.66,0.66,"INV NO-1013283246, DT-24-01-26, AMT-66483.65",JAN-26,78.0
2026-01-18,NO RUN,,,,,,,,,,0.0,,0.0,0.0,,JAN-26,
2026-01-19,OFFICE,Unchbali,93303.0,93375.0,Unchbali,MADHABANANDA MOHANTY,1101-6763,2146036,ASC,Monthly visit,0.03,1880121/29-01-26,0.59,0.29,"INV NO-1013282375, DT-09-01-26, AMT-26349.80, INV NO-1013283196, DT-23-01-26, AMT-3371.55",JAN-26,72.0
2026-01-20,OFFICE,Unchbali,93375.0,93440.0,Unchbali,MAHAMMAD MUSTAFA,SP21-62881,2156788,ASC,Monthly visit,0.03,1885521/22-01-26,0.15,0.15,"INV NO-1013283356, DT-28-01-26, AMT-15295.85",JAN-26,65.0
2026-01-21,OFFICE,Koira,93440.0,93507.0,Tensa,KPS LOGISTICS,THEWBHK0PK0000304,2150750,ASC,Monthly visit,0.03,1882293/28-01-26,0.46,0.0,PROCESS FOR ORDER,JAN-26,67.0
2026-01-22,OFFICE,Baghamara,93507.0,93583.0,Nayagarh,MGM MINERALS,0ACH-000312,2170480,ASC,Monthly visit,0.03,1871687/24-01-26,0.34,0.63,"INV NO-1013283320, DT-28-01-26, AMT-29516.50, INV NO-1013283321, DT-28-01-26, AMT-34501.50",JAN-26,76.0
2026-01-23,OFFICE,,,,,,,,,,0.0,,0.0,0.0,,JAN-26,
2026-01-24,OFFICE,Chadhibhola,93583.0,93799.0,Chadhibhol,MAHAMMAD MUSTAFA,SP21-62881,2156788,ASC,Monthly visit,0.03,12214/28-01-26,0.05,0.04,"INV NO-1013283438, DT-29-01-26, AMT-4272.15",JAN-26,216.0
2026-01-25,NO RUN,,,,,,,,,,0.0,,0.0,0.0,,JAN-26,
2026-01-26,NO RUN,,,,,,,,,,0.0,,0.0,0.0,,JAN-26,
2026-01-27,OFFICE,Bamebari,93799.0,93853.0,PMP mines,ORISSA MOTORS PVT LTD,THEDDKL0K00000167,2218482,Warranty,MSI,0.09,,0.0,0.0,New Machine Commissioning,JAN-26,54.0
2026-01-28,OFFICE,Badampahar,93853.0,94086.0,Mayurbhanj,PURNA CHANDRA DEHURY,THEWBJK0AN0000080,2221229,ASC,Monthly visit,0.03,1867470/28-01-26,0.54,0.54,"INVNO-1013283309, DT-28-01-26, AMT-54789.80",JAN-26,233.0
2026-01-29,OFFICE,Bamebari,94086.0,94164.0,PMP mines,PUSPANJALI TRIPATHY,SP20-65711,2158458,ASC,Monthly visit,0.03,1877219/29-01-26,0.24,0.0,PROCESS FOR ORDER,JAN-26,78.0
2026-01-30,NO RUN,,,,,,,,,,0.0,,0.0,0.0,,JAN-26,
2026-01-31,NO RUN,,,,,,,,,,0.6350000000000002,,11.290000000000004,10.490000000000002,,JAN-26,
2026-02-01,NO RUN,,94164.0,,,,,,,,0.0,,0.0,0.0,,FEB 26,
2026-02-02,OFFICE,Tensa,94164.0,94254.0,TENSHA,PUSPANJALI TRIPATHY,SP20-65711,2210696,ASC,Monthly visit,0.03,1892457/07-02-26,1.52,0.34,"INV NO- 101384930, DT-25/02/26, AMT-34812.75",FEB 26,90.0
2026-02-03,OFFICE,PATABEDA,94254.0,94358.0,MGM MINES,DEEP INNOVATIVE PVT LTD,THEDD1L0T00001052,2232214,ASC,Monthly visit,0.03,1903391/17-02-26,0.57,0.94,"INV NO-1013285180, DT-28/02/26, AMT-17977.80, INV NO-1013285182, DT-28/02/26, AMT-17447.7, INV NO-1013285183, DT-28/02/26, AMT-31409.10, INV NO-1013285185, DT-28/02/26, AMT-27851.15",FEB 26,104.0
2026-02-04,OFFICE,GUALI,94358.0,94426.0,GUALI,MOHAPATRA TRADERS,THEDD1L0K00001748,2270636,Warranty,MSI,0.025,1891155/06-02-26,1.06,1.06,"INV NO-1013283770, DT-03/02/26, AMT-106968.35",FEB 26,68.0
2026-02-05,NO RUN,,,,,,,,,,0.0,,0.0,0.0,,FEB 26,
2026-02-06,OFFICE,BELAIPADA,94426.0,94514.0,JSPL PLANT,DINABANDHU DASH,THEDJLL0H00068704,2253914,Warranty,MSI,0.07,,0.0,0.0,NEW MACHINE COMMISSIONING,FEB 26,88.0
2026-02-07,OFFICE,KOIRA,94514.0,94598.0,NUAGAON,UPENDRA SINGH,THEDJLL2K00086127,2242585,Warranty,MSI,0.07,,0.0,0.0,NEW MACHINE COMMISSIONING,FEB 26,84.0
2026-02-08,NO RUN,,,,,,,,,,0.0,,0.0,0.0,,FEB 26,
2026-02-09,OFFICE,NOAMUNDI,94598.0,94667.0,NOAMUNDI,SHREE SHYAM ENTERPRISER,THEWACD0AN0001130,2232899,ASC,Monthly visit,0.03,12959/09-02-26,0.63,0.63,"INV NO-1013284019, DT-09/02/26, AMT-63305.15",FEB 26,69.0
2026-02-10,OFFICE,TENSA,94667.0,94727.0,TENSHA,PUSPANJALI TRIPATHY,SP20-65711,2210696,ASC,Monthly visit,0.03,1920267/28-02-26,0.34,0.21,"INV NO-1013284931, DT-25/02/26, AMT-5058.90, INV NO-1013284933, DT-25/02/26, AMT-2137.35, INV NO-1013285204, DT-28/02/26, AMT-14503.35",FEB 26,60.0
2026-02-11,OFFICE,KHONDBOND,94727.0,94837.0,TISCO MINES,MAA SHERAWALI CONSTRUCTION,THEDDKL0A00000059,2238252,Warranty,MSI,0.09,1903500/16-02-26,0.19,0.11,"INV NO-1013283683, DT-02/02/26, AMT-11004.10",FEB 26,110.0
2026-02-12,NO RUN,,,,,,,,,,0.0,,0.0,0.0,,FEB 26,
2026-02-13,OFFICE,SANINDPUR,94837.0,94911.0,KOIRA,CAINTH INFRASTRUCTURE,THEDD1L0V00000541,2194739,ASC,Monthly visit,0.03,1905851/18-02-26,0.31,0.0,PROCESS FOR ORDER,FEB 26,74.0
2026-02-14,NO RUN,,,,,,,,,,0.0,,0.0,0.0,,FEB 26,
2026-02-15,NO RUN,,,,,,,,,,0.0,,0.0,0.0,,FEB 26,
2026-02-16,OFFICE,NOAMUNDI,94911.0,94970.0,NOAMUNDI,SHREE SHYAM ENTERPRISER,THEWACD0AN0001130,2232899,ASC,Monthly visit,0.03,1910530/21-02-26,0.13,0.19,"INV NO-1013284307, DT-13/02/26, AMT-19609.90",FEB 26,59.0
2026-02-17,OFFICE,NOAMUNDI,94970.0,95030.0,NOAMUNDI,SHREE SHYAM ENTERPRISER,THEWACD0AN0001130,2232899,ASC,Monthly visit,0.03,,0.0,0.0,,FEB 26,60.0
2026-02-18,OFFICE,KOIRA,95030.0,95125.0,TENSHA,,,,,,0.0,,0.0,0.0,,FEB 26,95.0
2026-02-19,OFFICE,BADAMPAHAR,95125.0,95470.0,GM IRON MINES,GM IRON ORE,350V-2483,2186179,ASC,Monthly visit,0.03,1908587/19-02-26,2.5,2.06,"INV NO-1013285105, DT-27/02/26, AMT-148118.25, INV NO-1013285106, DT-58624.30, ",FEB 26,345.0
2026-02-20,NO RUN,,,,,,,,,,0.0,,0.0,0.0,,FEB 26,
2026-02-21,NO RUN,,,,,,,,,,0.0,,0.0,0.0,,FEB 26,
2026-02-22,NO RUN,,,,,,,,,,0.0,,0.0,0.0,,FEB 26,
2026-02-23,OFFICE,SILJODA,95470.0,95568.0,JHARAN,KAILASH YADAV,THEDDKL0L00000192,2260119,Warranty,MSI,0.07,1918331/27-02-26,0.37,0.0,PROCESS FOR ORDER,FEB 26,98.0
2026-02-24,OFFICE,BADAMPAHAR,95568.0,95772.0,GM IRON MINES,GM IRON & STEEL,350V-2483,2186179,ASC,Monthly visit,0.03,1908854/20-02-26,0.32,0.56,"INV NO-1013285107, DT-27/02/26, AMT-56250.45",FEB 26,204.0
2026-02-25,OFFICE,BELKUNDI,95722.0,95796.0,JAMADA,GURU NANAK ROADLINES,THEDD1L0H00002293,2262965,Warranty,MSI,0.07,1912910/25-02-26,0.19,0.0,"INV NO-1013284774, DT-21/02/26, AMT-16633.60",FEB 26,74.0
2026-02-26,OFFICE,BAGHAMARA,95796.0,95900.0,BAGHAMARA,ODISHA MOTORS PVT LTD,THEDDKL0H00000243,2270731,Warranty,MSI,0.09,,0.0,0.0,NEW MACHINE COMMISSIONING,FEB 26,104.0
2026-02-27,OFFICE,NAYAGARH,95900.0,95971.0,NAYAGARH,SIDHESWAR NAIK,3036-2520,,ASC,Monthly visit,0.03,,0.0,0.0,,FEB 26,71.0
2026-02-28,OFFICE,GUALI,95971.0,96042.0,BICO MINES,ORISSA MOTORS PVT LTD,THEDDKL0E00000244,2277785,Warranty,MSI,0.09,,0.0,0.0,NEW MACHINE COMMISSIONING,FEB 26,71.0
2026-03-01,NO RUN,,,,,,,,,,0.0,,0.0,0.0,,MAR 26,
2026-03-02,OFFICE,Nadidih,96042.0,96081.0,Nadidih,Sabir Hussain,THEDD1L0P00000999,2275880,ASC,Monthly visit,0.03,1926145/05-03-26,0.09,0.21,"INV NO-1013286902, DT-31-03-26, AMT-9215.00, INV NO-1013286904, DT-31-03-26, AMT-4256.95, INV NO-1013286906, DT-31-03-26, AMT-7900.20",MAR 26,39.0
2026-03-03,OFFICE,Sanidhpur,96081.0,96162.0,Oraghat,Thriveni Earthmovers,THEDDKL0C00000200,2278705,Warranty,MSI,0.09,1937904/14-03-26,0.7,0.0,PROCESS FOR ORDER,MAR 26,81.0
2026-03-04,NO RUN,,,,,,,,,,0.0,,0.0,0.0,,MAR 26,
2026-03-05,OFFICE,Bagaiburu,96162.0,96199.0,Bagaiburu,JB Commercial,THEWAED0CS0000502,2256486,Warranty,MSI,0.043,1900336/03-03-26,0.19,0.31,"INV NO-1013287077, DT-31-03-26, AMT-8550.00, INV NO-1013287100, DT-31-03-26, AMT-23199.00",MAR 26,37.0
2026-03-06,OFFICE,Kalika Prasad,96199.0,96270.0,Kalika Prasad,Aryan Enterprise,315V-8515,2279242,ASC,Monthly visit,0.03,1937720/03-03-26,0.2,0.0,,MAR 26,71.0
2026-03-07,OFFICE,"JoJo Camp, Nuamundi",96270.0,96331.0,"JoJo Camp, Nuamundi",Deep Innovative,THEDD1L0T00001052,2216026,ASC,Monthly visit,0.03,1935847/09-03-26,0.11,1.08,"INV NO-1013287057, DT-31-03-26, AMT-22168.25, INV NO-1013287065, DT-31-03-26, AMT-85987.77",MAR 26,61.0
2026-03-08,NO RUN,,,,,,,,,,0.0,,0.0,0.0,,MAR 26,
2026-03-09,OFFICE,Siljoda,96331.0,96465.0,Siljoda,Sidheswar Naik,3036-2376,Not avail,ASC,Monthly visit,0.03,1934671/12-03-26,0.16,0.16,"INV NO-1013285533,DT-07-03-26, AMT-16268.40",MAR 26,134.0
2026-03-10,NO RUN,,,,,,,,,,0.0,,0.0,0.0,,MAR 26,
2026-03-11,OFFICE,Sanidhpur,96465.0,96537.0,Sanidhpur,Orissa Motors,THEDJLL0J00068629,2280970,Warranty,MSI,0.08,1935746/12-03-26,2.98,2.43,"INV NO-1013287097, DT-31-03-26, AMT-243360.00",MAR 26,72.0
2026-03-12,OFFICE,Sanidhpur,96537.0,96621.0,Sanidhpur,Orissa Motors,THEDDKL0K00000167,2230368,Warranty,MSI,0.09,1953329/14-03-26,0.189,0.2,"INV NO-1013287013, DT-31-03-26, AMT-20235.60",MAR 26,84.0
2026-03-13,OFFICE,Khandbond,96621.0,96718.0,Khandbond,Ganesh Engineering,THEDD1L0H00001127,2224325,ASC,Monthly visit,0.03,1930909/14-03-26,0.18,0.15,"INV NO-1013285746, DT-12-03-26, DT-15707.30",MAR 26,97.0
2026-03-14,OFFICE,Siljoda,96718.0,96812.0,Siljoda,Saroj Nath/Shree Associate,THEDD1L0H00001435,2304794,Paid,Monthly visit,0.06,1940394/14-3-26,0.17,0.15,"INV NO-1013285804, DT-13-03-26, AMT-15122.00",MAR 26,94.0
2026-03-15,NO RUN,,,,,,,,,,0.0,,0.0,0.0,,MAR 26,
2026-03-16,NO RUN,,,,,,,,,,0.0,,0.0,0.0,,MAR 26,
2026-03-17,OFFICE,Nadidih,96812.0,96869.0,Nadidih,Orissa Motors,THEDDKL0T00000246,2302474,Warranty,MSI,0.09,1953324/19-3-26,0.15,0.24,"INV NO-1013285662, DT-10-03-26, AMT-24600.20",MAR 26,57.0
2026-03-18,NO RUN,,,,,,,,,,0.0,,0.0,0.0,,MAR 26,
2026-03-19,OFFICE,Basantapur,96869.0,96953.0,Basantapur,KC Pradhan,3036-2376,2295175,ASC,Monthly visit,0.03,1953327/21-03-26,0.17,0.0,PROCESS FOR ORDER,MAR 26,84.0
2026-03-20,OFFICE,Nuagaon/Raika,96953.0,97034.0,Nuagaon/Raika,A.K.Engineering Works,THEDJLL0C00068687,2307783,Warranty,MSI,0.08,,0.0,0.0,NEW MACHINE COMMISSIONING,MAR 26,81.0
2026-03-21,OFFICE,Nadidih,97034.0,97117.0,Nadidih,Kanha Enterprise,THEDE0L0L00000064,2291028,Warranty,MSI,0.05,1952986/25-3-26,0.13,0.12,"INV NO-1013286183, DT-19-03-26, AMT-12858.00",MAR 26,83.0
2026-03-22,NO RUN,,,,,,,,,,0.0,,0.0,0.0,,MAR 26,
2026-03-23,OFFICE,Nadidih/Unchbali,97117.0,97211.0,Nadidih/Unchbali,Mahesh Infrastructure ,SP21-63190,2310968,Warranty,MSI,0.025,1951065/24-03-26,0.51,0.53,"INV NO-1013286177, DT-19-03-26, AMT-53995.15",MAR 26,94.0
2026-03-24,OFFICE,Guali,97211.0,97310.0,Guali,MINNFERRA GLOBAL PRIVATE LIMITED,THEDDKL0J00000221,2318877,Warranty,MSI,0.05,1952827/25-03-26,0.54,0.33,"INV NO-1013286030, DT-17-03-26, AMT-10356.80, INV NO-1013286713, DT-28-03-26, AMT-23380.00",MAR 26,99.0
2026-03-25,OFFICE,Nadidih,97310.0,97375.0,Nadidih,Kailash Yadav,SP22-80502,2315727,Warranty,MSI,0.025,1964119/26-03-26,0.16,0.71,"INV NO-1013285644, DT-10-03-26, AMT-71372.50",MAR 26,65.0
2026-03-26,OFFICE,"Hema Ispat, Koira",97375.0,97443.0,"Hema Ispat, Koira",Orissa Bengal Transport,THEWBJK0AR0000392,2207747,Warranty,MSI,0.07,1964516/27-03-26,0.64,0.0,PROCESS FOR ORDER,MAR 26,68.0
2026-03-27,OFFICE,Suakathi/Ichinda,97443.0,97636.0,Suakathi/Ichinda,Soudamini Roadways+Damayanti Mahanta+Udhaba Dehury,THEWBMK0VS0000074/ THEWBMK0LS0000028/ THEWBMK0CS0000106,2319825/  2319823/   2319824,Warranty,ASI,0.045,1943205/18-03-26,1.23,1.23,"INV NO-1013286903, DT-31-03-26, AMT-123636.80",MAR 26,193.0
2026-03-28,OFFICE,Nuamundi,97636.0,97687.0,Nuamundi,Shree Shyam Enterpriser,THEWACD0AN0001130,2309917,ASC,Monthly visit,0.03,1953323/20-03-26,0.7,0.59,"INV NO-1013286517, DT-26-03-26, AMT-59550.75",MAR 26,51.0
2026-03-29,OFFICE,Nuamundi,97687.0,97738.0,Nuamundi,Shree Shyam Enterpriser,THEWACD0AN0001130,2309917,ASC,Monthly visit,0.03,1960944/30-03-26,0.1,0.08,"INV NO-1013286803, DT-29-03-26, AMT-8914.80",MAR 26,51.0
2026-03-30,NO RUN,,,,,,,,,,0.0,,0.0,0.0,,MAR 26,
2026-03-31,NO RUN,,,,,,,,,,0.0,,0.0,0.0,,MAR 26,
